{"type":"FeatureCollection","features":[{"type":"Feature","properties":{"code":"0804801000","name":"Allen","kind":"Municipality","provinceCode":"0804800000","province":"Northern Samar","areaKm2":44,"labelPoint":[124.30506,12.49717]},"geometry":{"type":"Polygon","coordinates":[[[124.33376,12.49775],[124.32812,12.50288],[124.32395,12.50658],[124.32096,12.51007],[124.31687,12.5148],[124.31357,12.51931],[124.31157,12.52194],[124.31027,12.52371],[124.30363,12.52713],[124.29965,12.53191],[124.29694,12.53913],[124.29449,12.54173],[124.29025,12.54847],[124.28911,12.55188],[124.28704,12.55796],[124.28562,12.56239],[124.27985,12.58067],[124.2796,12.58089],[124.27933,12.58028],[124.27865,12.5795],[124.27821,12.57958],[124.27771,12.57875],[124.27783,12.57834],[124.27807,12.57813],[124.27731,12.57762],[124.27709,12.57773],[124.27684,12.57727],[124.27611,12.57669],[124.27527,12.57584],[124.2748,12.57506],[124.27443,12.57408],[124.27411,12.57353],[124.27309,12.57319],[124.27224,12.57262],[124.27153,12.57205],[124.27104,12.57193],[124.27054,12.57145],[124.27027,12.57136],[124.2701,12.57163],[124.26984,12.57148],[124.27015,12.57089],[124.27067,12.57043],[124.27093,12.57007],[124.2711,12.56937],[124.27154,12.56853],[124.27228,12.56771],[124.2729,12.56673],[124.27311,12.56599],[124.27309,12.56567],[124.2729,12.56524],[124.27249,12.56483],[124.27197,12.56467],[124.27101,12.56478],[124.27062,12.56461],[124.27077,12.56434],[124.27014,12.56405],[124.26928,12.5632],[124.26887,12.5629],[124.26823,12.56334],[124.26791,12.56339],[124.26727,12.56329],[124.26717,12.56319],[124.26629,12.56262],[124.26566,12.56238],[124.26524,12.56251],[124.26495,12.56246],[124.26505,12.56201],[124.26593,12.56123],[124.26621,12.56091],[124.2661,12.56074],[124.26606,12.56],[124.2662,12.55962],[124.266,12.5591],[124.26547,12.55835],[124.26531,12.55794],[124.26514,12.55715],[124.26514,12.5568],[124.2648,12.55589],[124.26426,12.55491],[124.26397,12.55412],[124.26354,12.55331],[124.26324,12.55299],[124.26321,12.55278],[124.26345,12.55241],[124.2631,12.55194],[124.26268,12.55077],[124.26242,12.55048],[124.262,12.55044],[124.26166,12.55026],[124.26127,12.54977],[124.26086,12.54957],[124.26097,12.5491],[124.26151,12.54875],[124.26175,12.54833],[124.26155,12.54786],[124.2618,12.5475],[124.26163,12.5472],[124.26198,12.54677],[124.26258,12.5464],[124.26276,12.54587],[124.26274,12.54552],[124.26249,12.5452],[124.26274,12.54479],[124.2628,12.54458],[124.26317,12.54456],[124.26335,12.54433],[124.26401,12.54407],[124.26427,12.54345],[124.26482,12.54327],[124.26504,12.54264],[124.26546,12.54244],[124.26575,12.54215],[124.26673,12.54176],[124.26736,12.54121],[124.26733,12.5409],[124.26751,12.54071],[124.26783,12.53997],[124.26818,12.53935],[124.2687,12.53817],[124.26898,12.53784],[124.26944,12.53645],[124.27043,12.53534],[124.27065,12.53487],[124.27075,12.53386],[124.27057,12.53349],[124.27071,12.5331],[124.27056,12.53215],[124.26999,12.53116],[124.26992,12.53084],[124.27013,12.53001],[124.27037,12.5297],[124.27064,12.52896],[124.27103,12.52766],[124.27179,12.52687],[124.27233,12.52642],[124.27243,12.52591],[124.27286,12.52545],[124.27301,12.52503],[124.27334,12.52483],[124.27382,12.52438],[124.2745,12.52397],[124.27541,12.52398],[124.27581,12.52384],[124.27611,12.52354],[124.27701,12.52306],[124.27738,12.52276],[124.27795,12.52179],[124.27809,12.52124],[124.27836,12.52085],[124.27877,12.52053],[124.27884,12.52032],[124.27936,12.51999],[124.27971,12.5195],[124.28021,12.51922],[124.28073,12.51914],[124.28162,12.51866],[124.28187,12.51824],[124.28246,12.5175],[124.28256,12.51722],[124.28268,12.5162],[124.28251,12.5148],[124.28218,12.51337],[124.28225,12.51274],[124.28247,12.51224],[124.28238,12.51193],[124.28257,12.51125],[124.28249,12.51098],[124.28281,12.51073],[124.28343,12.50955],[124.28323,12.50936],[124.28321,12.50853],[124.28313,12.50802],[124.28329,12.50748],[124.28363,12.50668],[124.28364,12.50648],[124.28412,12.50574],[124.28429,12.5049],[124.28374,12.50499],[124.28342,12.50495],[124.28346,12.50465],[124.28322,12.50406],[124.28369,12.50403],[124.28437,12.50385],[124.28483,12.50413],[124.28532,12.50456],[124.2854,12.5044],[124.28503,12.50414],[124.28449,12.50345],[124.28437,12.50324],[124.28405,12.50322],[124.28332,12.50294],[124.28285,12.50264],[124.28231,12.50211],[124.28189,12.50181],[124.28176,12.50156],[124.28147,12.50149],[124.28153,12.50082],[124.28181,12.50066],[124.28149,12.49982],[124.28149,12.49931],[124.2813,12.49791],[124.28113,12.49757],[124.28125,12.49738],[124.28119,12.49675],[124.28123,12.49581],[124.28106,12.49564],[124.28136,12.49514],[124.28176,12.49412],[124.28185,12.49377],[124.28208,12.4937],[124.28243,12.49301],[124.2823,12.49293],[124.28261,12.4924],[124.283,12.492],[124.28333,12.49201],[124.28387,12.49148],[124.28426,12.49093],[124.28495,12.49031],[124.28495,12.48994],[124.28527,12.48997],[124.28575,12.48983],[124.28655,12.48856],[124.28678,12.4883],[124.28674,12.48805],[124.2863,12.48754],[124.28606,12.48713],[124.2859,12.48649],[124.28592,12.48528],[124.28599,12.48452],[124.2858,12.48383],[124.28532,12.48304],[124.28472,12.4825],[124.28417,12.48224],[124.2838,12.4819],[124.28313,12.48082],[124.2831,12.48029],[124.28274,12.47941],[124.28299,12.47863],[124.28236,12.47819],[124.28243,12.47788],[124.2829,12.47702],[124.28357,12.47736],[124.28421,12.47685],[124.28457,12.47645],[124.28456,12.47611],[124.28479,12.47531],[124.28466,12.47514],[124.28483,12.47484],[124.28465,12.47449],[124.28568,12.47489],[124.30398,12.47684],[124.32314,12.47423],[124.33305,12.47478],[124.36257,12.47643],[124.34294,12.4908],[124.33376,12.49775]]]}},{"type":"Feature","properties":{"code":"0806001000","name":"Almagro","kind":"Municipality","provinceCode":"0806000000","province":"Samar Province","areaKm2":24,"labelPoint":[124.29961,11.91483]},"geometry":{"type":"MultiPolygon","coordinates":[[[[124.31175,11.95327],[124.31066,11.95316],[124.31012,11.9533],[124.30962,11.95374],[124.30867,11.95412],[124.30789,11.95432],[124.30765,11.95454],[124.307,11.95414],[124.30672,11.95379],[124.30673,11.95275],[124.30656,11.95245],[124.30678,11.95199],[124.30678,11.95169],[124.30656,11.95095],[124.30655,11.95047],[124.30675,11.94973],[124.30712,11.94945],[124.30722,11.94846],[124.30749,11.94802],[124.30749,11.94707],[124.30757,11.94679],[124.30723,11.9461],[124.3066,11.94585],[124.30655,11.94565],[124.30584,11.94531],[124.30559,11.94542],[124.30513,11.94538],[124.30471,11.94507],[124.30397,11.94494],[124.30311,11.94493],[124.30326,11.94431],[124.30316,11.94387],[124.30244,11.94309],[124.30211,11.94294],[124.30197,11.94269],[124.30159,11.94258],[124.30103,11.94265],[124.30016,11.94311],[124.29998,11.94333],[124.29971,11.943],[124.30006,11.94276],[124.30056,11.94226],[124.30042,11.94166],[124.29989,11.94133],[124.29952,11.94127],[124.29918,11.941],[124.29913,11.94051],[124.29939,11.94006],[124.29919,11.93964],[124.2998,11.93938],[124.30001,11.93906],[124.30013,11.93812],[124.3009,11.93706],[124.30106,11.93657],[124.30113,11.93549],[124.30106,11.93476],[124.30062,11.93433],[124.30023,11.93423],[124.30005,11.93393],[124.29964,11.93323],[124.29926,11.93291],[124.29883,11.93276],[124.29848,11.9328],[124.29805,11.93303],[124.29729,11.93284],[124.29692,11.93298],[124.29668,11.93256],[124.29667,11.93164],[124.29619,11.93076],[124.29553,11.93046],[124.2953,11.93027],[124.29503,11.93024],[124.29449,11.93084],[124.29403,11.93102],[124.29306,11.93106],[124.29266,11.93124],[124.29237,11.93094],[124.29242,11.93046],[124.29225,11.92952],[124.29186,11.92903],[124.29152,11.92879],[124.29075,11.92861],[124.29024,11.92869],[124.28973,11.92837],[124.28978,11.92781],[124.29004,11.92712],[124.29039,11.92649],[124.29004,11.92586],[124.28947,11.92555],[124.28845,11.92528],[124.28759,11.92529],[124.28711,11.92559],[124.28659,11.92608],[124.28623,11.9262],[124.28563,11.92686],[124.28473,11.92765],[124.28467,11.92739],[124.28438,11.92719],[124.28344,11.92724],[124.28258,11.92765],[124.2823,11.92806],[124.2823,11.92856],[124.28201,11.92892],[124.28133,11.92898],[124.28102,11.92889],[124.28063,11.92902],[124.28038,11.92865],[124.28073,11.92817],[124.28106,11.9279],[124.28132,11.92743],[124.28137,11.92701],[124.28131,11.92615],[124.2814,11.92595],[124.28104,11.92463],[124.2806,11.92391],[124.27927,11.92255],[124.27899,11.92253],[124.27878,11.92172],[124.27875,11.92068],[124.27848,11.92034],[124.2787,11.91995],[124.27851,11.91939],[124.27872,11.91911],[124.27857,11.91895],[124.27879,11.91853],[124.27919,11.9183],[124.27938,11.91775],[124.27947,11.91692],[124.27934,11.91618],[124.27891,11.91487],[124.27834,11.91384],[124.27775,11.91315],[124.27649,11.91254],[124.27629,11.91268],[124.27527,11.91248],[124.27481,11.91228],[124.27464,11.91242],[124.2741,11.91227],[124.27394,11.91209],[124.27315,11.91172],[124.27319,11.91145],[124.27358,11.91158],[124.27521,11.91148],[124.27563,11.9111],[124.27603,11.91088],[124.27673,11.91004],[124.27684,11.90955],[124.27673,11.90918],[124.27644,11.90909],[124.27616,11.90881],[124.27637,11.90864],[124.27706,11.90858],[124.27794,11.90834],[124.27889,11.90894],[124.27936,11.90904],[124.27999,11.90929],[124.2803,11.90925],[124.2811,11.90933],[124.28136,11.90924],[124.28185,11.90932],[124.28263,11.90918],[124.28377,11.90963],[124.28397,11.90934],[124.28437,11.90952],[124.2843,11.90982],[124.28444,11.91031],[124.28485,11.91028],[124.28532,11.91001],[124.28544,11.91011],[124.28594,11.90991],[124.28619,11.90923],[124.2863,11.909],[124.28621,11.90851],[124.28579,11.90793],[124.28572,11.90743],[124.28637,11.90668],[124.28657,11.9064],[124.28606,11.90507],[124.28594,11.90497],[124.28517,11.90488],[124.28462,11.90502],[124.28352,11.90432],[124.28337,11.90379],[124.28244,11.90303],[124.28243,11.90274],[124.28209,11.90227],[124.28182,11.90156],[124.28158,11.90124],[124.28099,11.90074],[124.28036,11.90002],[124.2802,11.90009],[124.27969,11.89978],[124.27905,11.8997],[124.27894,11.89949],[124.27913,11.89875],[124.27902,11.89843],[124.27929,11.89782],[124.27978,11.89794],[124.2801,11.89827],[124.28056,11.8983],[124.28104,11.8982],[124.28153,11.89798],[124.28246,11.89774],[124.28292,11.89805],[124.2835,11.89806],[124.28459,11.89825],[124.28495,11.89839],[124.28601,11.89841],[124.28696,11.89821],[124.28765,11.89819],[124.28848,11.89801],[124.28932,11.89844],[124.28962,11.89875],[124.29055,11.89918],[124.2907,11.89907],[124.29108,11.89935],[124.29167,11.89956],[124.29254,11.89971],[124.29289,11.89959],[124.29361,11.89901],[124.29405,11.89905],[124.29453,11.89878],[124.29476,11.8983],[124.29466,11.89785],[124.29467,11.89714],[124.2949,11.89676],[124.29476,11.8963],[124.29503,11.89541],[124.29523,11.89495],[124.29545,11.89476],[124.29572,11.89482],[124.29605,11.89532],[124.2962,11.896],[124.29643,11.89611],[124.29696,11.89667],[124.29736,11.89685],[124.29767,11.89739],[124.29852,11.89803],[124.29932,11.89811],[124.29951,11.89825],[124.30015,11.89815],[124.3005,11.89778],[124.30081,11.89795],[124.3012,11.89845],[124.30228,11.89857],[124.30259,11.89888],[124.30324,11.89887],[124.3033,11.89939],[124.3036,11.89983],[124.30424,11.90013],[124.30471,11.90019],[124.30487,11.90074],[124.30568,11.90103],[124.30617,11.90136],[124.3067,11.90138],[124.30704,11.90118],[124.30736,11.90081],[124.30768,11.90076],[124.30762,11.90122],[124.30783,11.9018],[124.30785,11.90223],[124.30814,11.90246],[124.30868,11.90269],[124.30923,11.90269],[124.30977,11.90251],[124.3105,11.90207],[124.31089,11.90158],[124.31119,11.90182],[124.3113,11.90235],[124.31116,11.90283],[124.31136,11.90305],[124.31136,11.9037],[124.31122,11.90456],[124.31168,11.90517],[124.31208,11.90555],[124.3121,11.90577],[124.31259,11.90621],[124.31284,11.90631],[124.31296,11.90679],[124.31326,11.90696],[124.31388,11.90688],[124.31423,11.90723],[124.31376,11.90776],[124.31339,11.90791],[124.31308,11.90849],[124.31305,11.90896],[124.3134,11.90986],[124.31379,11.91053],[124.31398,11.91063],[124.31386,11.91156],[124.31417,11.9117],[124.31429,11.91218],[124.31417,11.91229],[124.31421,11.91289],[124.31451,11.91346],[124.31451,11.91374],[124.31474,11.91416],[124.31494,11.91483],[124.31539,11.91554],[124.31596,11.91614],[124.31652,11.91643],[124.31707,11.91646],[124.31724,11.91632],[124.31775,11.91659],[124.31846,11.9166],[124.31849,11.91692],[124.31908,11.91759],[124.3186,11.9177],[124.31707,11.91776],[124.31675,11.91788],[124.31628,11.91861],[124.3163,11.91895],[124.31606,11.91932],[124.31582,11.92027],[124.31605,11.92074],[124.31618,11.92104],[124.31593,11.92233],[124.31604,11.92324],[124.31625,11.92356],[124.31658,11.92369],[124.31674,11.924],[124.31729,11.92421],[124.318,11.92419],[124.31847,11.92392],[124.31904,11.92372],[124.31919,11.9234],[124.3196,11.92333],[124.32023,11.92274],[124.32101,11.92248],[124.32131,11.92249],[124.32153,11.92284],[124.3224,11.92324],[124.32273,11.92362],[124.32298,11.92363],[124.32312,11.92401],[124.32375,11.9243],[124.32405,11.92433],[124.32426,11.92462],[124.32421,11.92517],[124.32439,11.92567],[124.32484,11.92553],[124.32516,11.92559],[124.32502,11.92601],[124.32467,11.92632],[124.32456,11.92694],[124.32428,11.92733],[124.32395,11.92837],[124.32393,11.92939],[124.32402,11.92996],[124.3243,11.9305],[124.32518,11.93084],[124.32591,11.93042],[124.32624,11.93086],[124.32636,11.9318],[124.32691,11.93244],[124.32762,11.93256],[124.32815,11.9323],[124.32835,11.93281],[124.3282,11.9338],[124.32838,11.93397],[124.32939,11.93425],[124.32967,11.93409],[124.33046,11.93427],[124.33061,11.93506],[124.33052,11.93573],[124.33103,11.93623],[124.33141,11.93637],[124.33195,11.93627],[124.3326,11.93638],[124.33302,11.93662],[124.33359,11.9373],[124.33375,11.93776],[124.33359,11.93806],[124.33367,11.93845],[124.33412,11.93879],[124.33452,11.93913],[124.33551,11.93927],[124.336,11.93903],[124.33643,11.93925],[124.33662,11.93905],[124.33832,11.93898],[124.33793,11.93981],[124.33785,11.94027],[124.3381,11.94034],[124.33808,11.94074],[124.33829,11.94136],[124.33819,11.94195],[124.33774,11.94265],[124.33747,11.94296],[124.33678,11.94327],[124.33645,11.94379],[124.3366,11.9442],[124.3365,11.94449],[124.33667,11.94487],[124.33745,11.94497],[124.33792,11.94514],[124.33814,11.94509],[124.33881,11.9458],[124.33894,11.94626],[124.33885,11.94691],[124.33899,11.94694],[124.33923,11.9475],[124.33987,11.94806],[124.33999,11.94852],[124.33976,11.94867],[124.33966,11.94888],[124.33933,11.94907],[124.33858,11.94888],[124.33834,11.94923],[124.33801,11.94904],[124.33716,11.94827],[124.33619,11.94767],[124.33526,11.94727],[124.33431,11.94703],[124.33395,11.94713],[124.33341,11.94781],[124.33319,11.94839],[124.33367,11.94915],[124.33439,11.95005],[124.33449,11.95048],[124.33432,11.9512],[124.33383,11.95141],[124.33342,11.95139],[124.33307,11.95172],[124.33285,11.95223],[124.33307,11.95279],[124.33302,11.95335],[124.33284,11.95418],[124.33266,11.95444],[124.33271,11.95528],[124.33254,11.95546],[124.33289,11.95634],[124.3331,11.95666],[124.3331,11.95706],[124.33296,11.95755],[124.33266,11.95775],[124.33227,11.95826],[124.33229,11.95879],[124.33245,11.95915],[124.33271,11.95934],[124.33297,11.95986],[124.33281,11.96005],[124.33219,11.96021],[124.33169,11.96006],[124.33095,11.96015],[124.33084,11.96004],[124.32985,11.96013],[124.32919,11.96014],[124.32896,11.95977],[124.32871,11.95961],[124.32845,11.95889],[124.32783,11.95822],[124.32757,11.95762],[124.32732,11.95666],[124.32706,11.95613],[124.32621,11.95539],[124.32569,11.9552],[124.32553,11.95535],[124.32503,11.95523],[124.32486,11.95503],[124.32409,11.95473],[124.32306,11.95496],[124.32242,11.95531],[124.32197,11.95591],[124.322,11.95671],[124.32219,11.95699],[124.32207,11.95743],[124.32214,11.95793],[124.32192,11.95801],[124.32163,11.95749],[124.32133,11.95727],[124.32119,11.95677],[124.32089,11.95678],[124.3204,11.95697],[124.31979,11.95634],[124.3197,11.9559],[124.31941,11.95572],[124.3194,11.95549],[124.31897,11.95496],[124.31895,11.95437],[124.31918,11.95399],[124.31916,11.95262],[124.31893,11.95169],[124.31865,11.9512],[124.31841,11.95101],[124.31852,11.95071],[124.31766,11.95071],[124.31722,11.95088],[124.31698,11.95123],[124.31671,11.95138],[124.31614,11.95198],[124.31582,11.95253],[124.31574,11.9529],[124.315,11.95361],[124.31466,11.95379],[124.31447,11.95409],[124.31387,11.95416],[124.31371,11.95452],[124.31333,11.95467],[124.3131,11.95454],[124.31293,11.95418],[124.31289,11.95365],[124.31254,11.9534],[124.31175,11.95327]]],[[[124.34689,11.94979],[124.34665,11.94977],[124.34622,11.94941],[124.34602,11.94941],[124.34568,11.94869],[124.3457,11.94851],[124.34613,11.94843],[124.3464,11.94911],[124.34683,11.94946],[124.34689,11.94979]]],[[[124.35526,11.94258],[124.35468,11.94234],[124.35398,11.94197],[124.35373,11.942],[124.35342,11.9415],[124.35349,11.94111],[124.35395,11.94047],[124.35434,11.94081],[124.35481,11.94079],[124.35515,11.94099],[124.35556,11.94078],[124.35604,11.94134],[124.35602,11.9422],[124.35594,11.94234],[124.35526,11.94258]]],[[[124.3655,11.9374],[124.36608,11.93746],[124.36622,11.93729],[124.3667,11.93775],[124.36721,11.9376],[124.36769,11.9371],[124.36805,11.93704],[124.36844,11.93739],[124.36852,11.93813],[124.3689,11.93863],[124.36946,11.93878],[124.36976,11.9385],[124.37006,11.93802],[124.37071,11.9373],[124.37093,11.93762],[124.37129,11.93781],[124.37117,11.93825],[124.37163,11.93909],[124.37219,11.93949],[124.37251,11.93939],[124.37272,11.93988],[124.37252,11.94027],[124.37296,11.94101],[124.37294,11.94137],[124.37307,11.94219],[124.37309,11.94348],[124.37285,11.94429],[124.37308,11.94525],[124.37333,11.94588],[124.37408,11.94687],[124.37389,11.94725],[124.37389,11.94755],[124.37417,11.94814],[124.37441,11.94838],[124.37518,11.9484],[124.37483,11.949],[124.3744,11.94938],[124.37439,11.95034],[124.37453,11.95101],[124.37475,11.95137],[124.37433,11.95138],[124.37367,11.95176],[124.37339,11.95231],[124.37316,11.95254],[124.3731,11.95328],[124.3726,11.95351],[124.37231,11.95348],[124.37187,11.95372],[124.37115,11.95355],[124.3709,11.95329],[124.37077,11.95283],[124.37001,11.95273],[124.36873,11.95327],[124.36836,11.95403],[124.36799,11.95404],[124.36775,11.9545],[124.36794,11.95505],[124.36773,11.95511],[124.36722,11.95499],[124.3667,11.95514],[124.36637,11.95488],[124.36608,11.9553],[124.36558,11.95498],[124.36541,11.9546],[124.36539,11.9538],[124.3653,11.95341],[124.36536,11.95256],[124.36488,11.95206],[124.36513,11.95168],[124.36515,11.95116],[124.36534,11.95108],[124.36574,11.95059],[124.36601,11.94989],[124.36656,11.94921],[124.36733,11.94873],[124.36786,11.94854],[124.36807,11.9481],[124.36807,11.94745],[124.3677,11.94675],[124.36683,11.94616],[124.36651,11.94572],[124.36592,11.94528],[124.3654,11.94505],[124.36486,11.94501],[124.36422,11.94507],[124.36368,11.94521],[124.36241,11.94612],[124.36192,11.94595],[124.36248,11.94529],[124.36255,11.94504],[124.36254,11.94431],[124.36216,11.94387],[124.36192,11.94379],[124.36175,11.94318],[124.36207,11.94307],[124.36202,11.94239],[124.36142,11.94206],[124.36118,11.94163],[124.36121,11.94109],[124.36105,11.94048],[124.36144,11.94035],[124.36164,11.94],[124.36251,11.94026],[124.36293,11.9403],[124.36314,11.94045],[124.36351,11.94009],[124.36371,11.93924],[124.36338,11.93868],[124.36304,11.93827],[124.36302,11.93804],[124.3634,11.93786],[124.36406,11.93787],[124.3643,11.93808],[124.36488,11.9371],[124.3655,11.9374]]],[[[124.27984,11.8905],[124.27948,11.89046],[124.27885,11.8902],[124.27815,11.89008],[124.27765,11.89018],[124.27701,11.89021],[124.27677,11.89001],[124.27638,11.88889],[124.27661,11.88846],[124.27762,11.88795],[124.2781,11.88762],[124.27877,11.88741],[124.2793,11.8875],[124.27959,11.88801],[124.27947,11.88881],[124.27978,11.88952],[124.27984,11.8905]]]]}},{"type":"Feature","properties":{"code":"0802601000","name":"Arteche","kind":"Municipality","provinceCode":"0802600000","province":"Eastern Samar","areaKm2":101,"labelPoint":[125.27395,12.23854]},"geometry":{"type":"Polygon","coordinates":[[[125.32137,12.2533],[125.32588,12.25128],[125.33637,12.24625],[125.34121,12.24641],[125.35714,12.24651],[125.36367,12.24561],[125.3789,12.23667],[125.39025,12.22997],[125.41426,12.24809],[125.41253,12.26103],[125.4264,12.27634],[125.42592,12.27681],[125.42563,12.27728],[125.42539,12.27747],[125.42512,12.27792],[125.42465,12.27818],[125.42352,12.27852],[125.42257,12.27852],[125.42154,12.27878],[125.42132,12.27864],[125.42136,12.27833],[125.42092,12.27776],[125.42067,12.27788],[125.4206,12.27818],[125.42075,12.27852],[125.42028,12.2787],[125.41986,12.27847],[125.41987,12.2781],[125.41948,12.2775],[125.41921,12.27751],[125.41898,12.27713],[125.41856,12.27695],[125.41865,12.27638],[125.41826,12.27631],[125.41807,12.2765],[125.41784,12.2772],[125.418,12.27781],[125.41839,12.27827],[125.41803,12.27888],[125.41804,12.27963],[125.41775,12.28015],[125.41706,12.28053],[125.41598,12.281],[125.41566,12.28103],[125.41545,12.28123],[125.41532,12.28172],[125.41537,12.28218],[125.41489,12.28327],[125.41441,12.28392],[125.41387,12.28423],[125.41344,12.28427],[125.413,12.2847],[125.41239,12.28492],[125.41221,12.28479],[125.41179,12.28496],[125.41107,12.28488],[125.4109,12.2839],[125.41087,12.28332],[125.4111,12.28282],[125.41149,12.2825],[125.41161,12.28225],[125.41213,12.28172],[125.41224,12.28142],[125.41302,12.28079],[125.41347,12.28052],[125.41359,12.28018],[125.41296,12.27992],[125.4127,12.27962],[125.41237,12.27871],[125.41268,12.27842],[125.4133,12.27812],[125.41329,12.27799],[125.41258,12.27782],[125.4122,12.27735],[125.41162,12.27684],[125.41187,12.27629],[125.41141,12.27557],[125.4111,12.27552],[125.41084,12.27503],[125.41087,12.27456],[125.4106,12.27435],[125.41027,12.27451],[125.41015,12.27423],[125.41057,12.27406],[125.41075,12.27377],[125.41069,12.27353],[125.41086,12.27321],[125.41058,12.27277],[125.41069,12.2725],[125.41104,12.27278],[125.41163,12.27246],[125.4114,12.27201],[125.41078,12.27178],[125.41082,12.27205],[125.41045,12.27215],[125.40963,12.27272],[125.40931,12.27264],[125.40896,12.27217],[125.4085,12.27183],[125.40829,12.27156],[125.40788,12.27189],[125.40783,12.27212],[125.4082,12.27257],[125.40772,12.27308],[125.40733,12.27287],[125.40701,12.27185],[125.40669,12.27176],[125.40637,12.27137],[125.40613,12.27083],[125.40616,12.27012],[125.40586,12.26962],[125.40582,12.2689],[125.40544,12.26912],[125.4051,12.26889],[125.40493,12.26845],[125.40463,12.26853],[125.40469,12.26924],[125.40449,12.26937],[125.40463,12.27008],[125.40445,12.27047],[125.40443,12.27089],[125.40424,12.27132],[125.40439,12.27194],[125.40435,12.2723],[125.40413,12.27307],[125.40418,12.27336],[125.40382,12.27371],[125.4034,12.27367],[125.40358,12.27411],[125.40385,12.27413],[125.40413,12.27473],[125.40413,12.27539],[125.40403,12.27595],[125.40375,12.27652],[125.4035,12.27679],[125.40265,12.27749],[125.40227,12.27759],[125.40147,12.27798],[125.40134,12.27816],[125.4009,12.27828],[125.40055,12.27935],[125.40015,12.27962],[125.39992,12.27994],[125.39965,12.2799],[125.39923,12.28023],[125.39853,12.28047],[125.39838,12.2803],[125.39784,12.28088],[125.39736,12.28068],[125.39731,12.28046],[125.39657,12.28023],[125.39609,12.28001],[125.3957,12.27996],[125.39558,12.27954],[125.39513,12.27998],[125.39279,12.27987],[125.39259,12.28003],[125.39161,12.27995],[125.39082,12.27996],[125.39025,12.27979],[125.38988,12.28005],[125.3892,12.28032],[125.38837,12.28009],[125.38809,12.28011],[125.38765,12.27983],[125.38755,12.2794],[125.3872,12.27916],[125.38719,12.27881],[125.38676,12.2785],[125.38682,12.27787],[125.38693,12.27763],[125.38665,12.27715],[125.38665,12.27685],[125.38728,12.27619],[125.38753,12.27569],[125.38743,12.27507],[125.3875,12.27453],[125.38767,12.27432],[125.38723,12.2739],[125.38711,12.27362],[125.38647,12.27324],[125.38662,12.27285],[125.38709,12.27266],[125.38701,12.27225],[125.3876,12.27203],[125.388,12.27163],[125.38835,12.27155],[125.38793,12.2712],[125.38721,12.2716],[125.38645,12.27127],[125.3864,12.27091],[125.3867,12.27076],[125.3869,12.27043],[125.38681,12.2701],[125.38657,12.26986],[125.38669,12.26962],[125.38666,12.26905],[125.38592,12.2691],[125.38574,12.26861],[125.38553,12.2686],[125.38546,12.26817],[125.38574,12.26812],[125.38623,12.26772],[125.38605,12.26757],[125.38571,12.26766],[125.38523,12.2675],[125.38553,12.26715],[125.38542,12.26627],[125.38512,12.26584],[125.38432,12.26527],[125.3836,12.26511],[125.38242,12.26541],[125.38205,12.26573],[125.38225,12.26593],[125.38144,12.26648],[125.38147,12.26606],[125.38122,12.26596],[125.38073,12.26647],[125.38032,12.26618],[125.3798,12.2665],[125.37863,12.26603],[125.37859,12.26574],[125.37874,12.26542],[125.37861,12.26459],[125.37837,12.26427],[125.37787,12.26407],[125.3779,12.26447],[125.37763,12.26472],[125.37738,12.26473],[125.37601,12.26448],[125.37527,12.26461],[125.37426,12.26538],[125.37403,12.26568],[125.37323,12.26614],[125.37255,12.26691],[125.3724,12.26755],[125.37241,12.26796],[125.37283,12.26793],[125.37286,12.26821],[125.37295,12.26932],[125.3726,12.26979],[125.37243,12.27024],[125.37242,12.27076],[125.3731,12.27118],[125.37353,12.27114],[125.37386,12.27141],[125.37393,12.27167],[125.37388,12.27254],[125.37368,12.27272],[125.37339,12.27325],[125.37372,12.27357],[125.37422,12.27347],[125.37463,12.27323],[125.37488,12.27325],[125.37524,12.27363],[125.37519,12.27401],[125.37487,12.27479],[125.37467,12.27485],[125.37425,12.27528],[125.37392,12.27513],[125.37365,12.27461],[125.37352,12.27501],[125.37296,12.27472],[125.3728,12.27428],[125.37236,12.27399],[125.37165,12.27426],[125.37125,12.27403],[125.37163,12.27351],[125.3707,12.27301],[125.37046,12.27295],[125.36955,12.27234],[125.36913,12.27183],[125.36923,12.2717],[125.36874,12.2713],[125.36868,12.27078],[125.36837,12.27048],[125.36778,12.27018],[125.36744,12.27012],[125.36677,12.27037],[125.36658,12.27093],[125.36638,12.27103],[125.36617,12.27164],[125.36583,12.27163],[125.3655,12.27209],[125.36497,12.27253],[125.36522,12.27301],[125.36539,12.27311],[125.36567,12.27391],[125.36645,12.27417],[125.36707,12.27471],[125.36731,12.27522],[125.36734,12.27571],[125.36724,12.27595],[125.36749,12.2772],[125.36673,12.27774],[125.36515,12.27798],[125.36504,12.27761],[125.36441,12.27717],[125.36359,12.27689],[125.36303,12.27688],[125.36254,12.27678],[125.36205,12.27636],[125.36205,12.27676],[125.36224,12.2769],[125.36226,12.27726],[125.36194,12.27735],[125.36186,12.27692],[125.36147,12.27662],[125.3614,12.27714],[125.36123,12.27711],[125.36083,12.27751],[125.35989,12.27792],[125.35913,12.27798],[125.35904,12.27809],[125.35838,12.2781],[125.35793,12.27787],[125.3573,12.27778],[125.35709,12.27813],[125.35739,12.27835],[125.35725,12.27879],[125.35762,12.27927],[125.35769,12.27978],[125.35789,12.27988],[125.35812,12.27965],[125.35838,12.27997],[125.35894,12.2802],[125.35875,12.28041],[125.3593,12.28074],[125.35944,12.28095],[125.36015,12.28086],[125.36079,12.28096],[125.36151,12.28134],[125.36207,12.28147],[125.36293,12.28178],[125.36332,12.28207],[125.36378,12.28292],[125.36444,12.28278],[125.36523,12.28343],[125.36554,12.28397],[125.36592,12.2844],[125.36596,12.28502],[125.36642,12.28514],[125.36673,12.28594],[125.3669,12.28621],[125.36688,12.28661],[125.36671,12.28679],[125.367,12.28715],[125.36712,12.28797],[125.36688,12.28831],[125.36715,12.28856],[125.36704,12.28894],[125.3672,12.28922],[125.36762,12.28959],[125.3678,12.29008],[125.36816,12.29031],[125.3683,12.29072],[125.369,12.29061],[125.36968,12.29092],[125.3704,12.2909],[125.37061,12.29116],[125.37163,12.29114],[125.37242,12.29145],[125.37289,12.29143],[125.37364,12.29127],[125.37406,12.29154],[125.37458,12.29168],[125.37555,12.29174],[125.37578,12.29231],[125.37559,12.29257],[125.37638,12.29272],[125.37678,12.29295],[125.37702,12.29273],[125.37692,12.29237],[125.37665,12.29206],[125.37664,12.29174],[125.37631,12.29178],[125.37594,12.29143],[125.37593,12.29083],[125.37605,12.29062],[125.37693,12.28993],[125.3776,12.28964],[125.37769,12.2895],[125.37841,12.28908],[125.37899,12.28891],[125.37925,12.28853],[125.37983,12.28834],[125.38027,12.28852],[125.38049,12.28882],[125.38051,12.28916],[125.38076,12.28978],[125.38116,12.28998],[125.38092,12.29026],[125.3811,12.29054],[125.38118,12.29103],[125.38146,12.29132],[125.38132,12.29163],[125.38182,12.29194],[125.38204,12.29263],[125.38183,12.29313],[125.38162,12.29317],[125.38184,12.29388],[125.38228,12.29463],[125.3826,12.29454],[125.3831,12.29486],[125.38315,12.2956],[125.38337,12.29591],[125.38397,12.29728],[125.38364,12.29789],[125.38404,12.29813],[125.38436,12.29868],[125.3841,12.29931],[125.38401,12.29982],[125.38372,12.30057],[125.38338,12.3013],[125.38335,12.30155],[125.38243,12.30226],[125.38157,12.30217],[125.38095,12.30236],[125.38037,12.30231],[125.37987,12.30258],[125.3796,12.30228],[125.37903,12.30212],[125.37825,12.30218],[125.37798,12.30177],[125.37764,12.30176],[125.37728,12.30148],[125.37711,12.3016],[125.37653,12.30147],[125.37581,12.30226],[125.37547,12.3019],[125.37531,12.30193],[125.37489,12.30157],[125.37454,12.3014],[125.37437,12.30163],[125.37357,12.3019],[125.37323,12.30183],[125.37302,12.30197],[125.37209,12.30223],[125.37168,12.30226],[125.3713,12.30261],[125.37036,12.30271],[125.3703,12.303],[125.36999,12.3031],[125.36937,12.30309],[125.36886,12.30329],[125.36848,12.3032],[125.36793,12.30359],[125.36713,12.30354],[125.36655,12.30339],[125.36629,12.30316],[125.3656,12.30279],[125.36487,12.30292],[125.36462,12.30258],[125.36424,12.3025],[125.36359,12.30281],[125.36307,12.3029],[125.36253,12.30318],[125.36234,12.30316],[125.36106,12.30355],[125.36018,12.30437],[125.35939,12.30474],[125.35885,12.30522],[125.35842,12.30524],[125.35789,12.30567],[125.35757,12.30573],[125.35642,12.30546],[125.35653,12.30486],[125.35621,12.30482],[125.35603,12.30436],[125.35605,12.30398],[125.35589,12.30378],[125.35572,12.30316],[125.35569,12.30232],[125.35594,12.30181],[125.35557,12.30141],[125.35491,12.3013],[125.35418,12.30084],[125.35401,12.30059],[125.35395,12.2999],[125.35405,12.29928],[125.35389,12.29862],[125.35394,12.29815],[125.35413,12.29776],[125.35445,12.29767],[125.35426,12.29702],[125.3544,12.29675],[125.35444,12.29624],[125.35477,12.29594],[125.35534,12.29559],[125.35559,12.29554],[125.35561,12.29604],[125.356,12.29594],[125.35616,12.29542],[125.35618,12.29495],[125.35688,12.29456],[125.3568,12.29424],[125.35768,12.29311],[125.35814,12.29301],[125.35844,12.29312],[125.35871,12.29276],[125.35846,12.29235],[125.35887,12.29192],[125.35876,12.2912],[125.35887,12.29098],[125.35872,12.29062],[125.35873,12.2899],[125.3585,12.28937],[125.35823,12.28837],[125.35794,12.28779],[125.3575,12.28731],[125.35717,12.28718],[125.35689,12.2867],[125.35642,12.28678],[125.35545,12.28648],[125.35493,12.28641],[125.3543,12.28662],[125.35384,12.28655],[125.3535,12.28685],[125.35312,12.28607],[125.35313,12.28575],[125.35266,12.28569],[125.35233,12.28585],[125.3517,12.28577],[125.35145,12.28585],[125.35052,12.2858],[125.34995,12.28529],[125.34988,12.28495],[125.35012,12.28437],[125.3501,12.28371],[125.34964,12.28327],[125.34931,12.2828],[125.34926,12.28147],[125.34939,12.28123],[125.34823,12.2801],[125.34805,12.27911],[125.34759,12.27918],[125.34709,12.27846],[125.34728,12.27824],[125.34766,12.27813],[125.3475,12.27739],[125.34721,12.27697],[125.34671,12.27696],[125.34656,12.27672],[125.34641,12.27587],[125.34591,12.27541],[125.34595,12.27469],[125.34514,12.27437],[125.34419,12.2741],[125.34405,12.27392],[125.3433,12.2737],[125.34303,12.27321],[125.34232,12.27284],[125.34214,12.2725],[125.34175,12.27231],[125.34121,12.27185],[125.34102,12.27149],[125.3408,12.27164],[125.34026,12.27099],[125.33983,12.27016],[125.33871,12.26987],[125.33892,12.26955],[125.33811,12.26933],[125.33755,12.26945],[125.33738,12.26965],[125.33636,12.26941],[125.33583,12.26922],[125.33541,12.26956],[125.33449,12.26974],[125.33431,12.26993],[125.33373,12.26978],[125.33355,12.26998],[125.33306,12.27007],[125.33276,12.27025],[125.33243,12.27026],[125.33164,12.27092],[125.33142,12.27122],[125.33061,12.27131],[125.33062,12.27163],[125.33084,12.27191],[125.33069,12.27257],[125.33027,12.27318],[125.33003,12.27383],[125.32971,12.27424],[125.32932,12.27455],[125.32894,12.27469],[125.3284,12.27474],[125.32825,12.27463],[125.32764,12.27466],[125.32693,12.27494],[125.32586,12.27485],[125.32496,12.27431],[125.3249,12.27336],[125.32449,12.27277],[125.32301,12.27217],[125.32256,12.27187],[125.3224,12.27197],[125.32231,12.272],[125.32184,12.27201],[125.32121,12.27187],[125.32087,12.27209],[125.32055,12.27209],[125.32012,12.2718],[125.31958,12.27168],[125.31923,12.27146],[125.31838,12.27145],[125.31821,12.27127],[125.31768,12.27266],[125.3176,12.27306],[125.31801,12.2734],[125.31786,12.27397],[125.31733,12.27389],[125.31734,12.27419],[125.31768,12.27435],[125.31773,12.27462],[125.31835,12.27454],[125.31849,12.27517],[125.31903,12.27543],[125.31939,12.27548],[125.31971,12.27587],[125.31956,12.27612],[125.31973,12.27632],[125.32005,12.27606],[125.32052,12.27616],[125.32099,12.27665],[125.32066,12.27698],[125.32133,12.27721],[125.32162,12.27747],[125.32216,12.27865],[125.3223,12.27936],[125.32209,12.28031],[125.32183,12.28061],[125.32279,12.28115],[125.32355,12.28094],[125.32437,12.28095],[125.32477,12.28125],[125.32446,12.28161],[125.3237,12.2817],[125.3231,12.282],[125.32313,12.28218],[125.32287,12.2825],[125.32204,12.284],[125.32181,12.28426],[125.32135,12.28448],[125.32122,12.28508],[125.32154,12.28586],[125.32151,12.28626],[125.32123,12.28639],[125.32076,12.28643],[125.32008,12.28622],[125.31967,12.28588],[125.31927,12.28583],[125.31834,12.28595],[125.3183,12.28481],[125.31822,12.2845],[125.31764,12.28395],[125.31762,12.28361],[125.31823,12.28358],[125.31835,12.28334],[125.31786,12.28303],[125.3179,12.28249],[125.31744,12.28224],[125.31712,12.28239],[125.31697,12.28296],[125.31667,12.2828],[125.31677,12.28222],[125.31574,12.28161],[125.31482,12.2813],[125.31442,12.28103],[125.314,12.28148],[125.31364,12.28119],[125.31329,12.2813],[125.31253,12.2819],[125.31206,12.28182],[125.31178,12.28194],[125.31099,12.28189],[125.30931,12.28152],[125.30869,12.28158],[125.30801,12.28152],[125.30779,12.28132],[125.30736,12.28119],[125.30168,12.27771],[125.29666,12.27602],[125.29735,12.27077],[125.29739,12.27047],[125.29002,12.26894],[125.27683,12.26638],[125.27075,12.26853],[125.25693,12.26516],[125.242,12.25398],[125.22779,12.22844],[125.24969,12.2244],[125.25955,12.20333],[125.2617,12.19214],[125.27755,12.19193],[125.30445,12.18607],[125.30185,12.22969],[125.30189,12.25061],[125.32137,12.2533]]]}},{"type":"Feature","properties":{"code":"0802602000","name":"Balangiga","kind":"Municipality","provinceCode":"0802600000","province":"Eastern Samar","areaKm2":196,"labelPoint":[125.36232,11.22715]},"geometry":{"type":"Polygon","coordinates":[[[125.43098,11.11699],[125.42709,11.13692],[125.42226,11.15549],[125.42094,11.16021],[125.41829,11.16936],[125.41438,11.18338],[125.41083,11.19391],[125.40528,11.20966],[125.4018,11.2526],[125.35912,11.27619],[125.29521,11.29617],[125.28935,11.29801],[125.24634,11.31146],[125.25902,11.29836],[125.27635,11.28031],[125.29404,11.26154],[125.31426,11.24024],[125.33173,11.18857],[125.34097,11.16697],[125.34131,11.15905],[125.34192,11.1454],[125.34222,11.13767],[125.34165,11.13625],[125.34139,11.13582],[125.34139,11.13539],[125.34121,11.13473],[125.34087,11.13423],[125.34072,11.1334],[125.34049,11.13301],[125.34042,11.13266],[125.34003,11.13243],[125.34022,11.13194],[125.34079,11.13147],[125.34057,11.13121],[125.34023,11.13123],[125.34031,11.13077],[125.34049,11.13062],[125.34052,11.12991],[125.34019,11.12978],[125.34018,11.12947],[125.34039,11.1293],[125.34038,11.12877],[125.34013,11.12803],[125.33993,11.12772],[125.34006,11.12741],[125.33997,11.12666],[125.33959,11.1266],[125.33989,11.12598],[125.33936,11.12571],[125.33917,11.12533],[125.3391,11.1248],[125.33878,11.12427],[125.3384,11.12386],[125.33848,11.12365],[125.33835,11.12304],[125.3388,11.12262],[125.3392,11.12268],[125.33935,11.12229],[125.34036,11.12185],[125.34103,11.12184],[125.34181,11.12161],[125.34196,11.12129],[125.34224,11.12133],[125.34255,11.12083],[125.34298,11.12077],[125.343,11.12058],[125.34385,11.1205],[125.34432,11.12066],[125.34473,11.1209],[125.34503,11.12072],[125.34566,11.12105],[125.34633,11.12063],[125.34658,11.12079],[125.34695,11.12071],[125.34776,11.1207],[125.34885,11.12109],[125.34934,11.1212],[125.34968,11.12072],[125.35038,11.12042],[125.35068,11.1205],[125.35091,11.12028],[125.35154,11.12028],[125.35183,11.12045],[125.35192,11.12087],[125.35227,11.12088],[125.35241,11.12017],[125.35295,11.11959],[125.35293,11.11948],[125.35415,11.11928],[125.35431,11.11908],[125.35492,11.11884],[125.35534,11.11887],[125.3556,11.11905],[125.35635,11.11914],[125.35662,11.1191],[125.35721,11.11966],[125.35715,11.12023],[125.35741,11.12073],[125.35768,11.12041],[125.35768,11.12007],[125.35793,11.11954],[125.35841,11.1193],[125.35885,11.1193],[125.35925,11.11962],[125.35946,11.11936],[125.35997,11.1195],[125.36035,11.11949],[125.36067,11.11929],[125.36063,11.11862],[125.36071,11.11821],[125.36115,11.11762],[125.3614,11.11753],[125.36157,11.11711],[125.36145,11.11683],[125.36167,11.11651],[125.36163,11.11592],[125.36225,11.11511],[125.36254,11.11496],[125.36293,11.11516],[125.36313,11.11495],[125.36349,11.11485],[125.36356,11.11521],[125.36385,11.11556],[125.36409,11.11564],[125.36436,11.1152],[125.36481,11.11512],[125.36459,11.1148],[125.36468,11.1145],[125.36432,11.11366],[125.36434,11.11345],[125.36377,11.11352],[125.36417,11.1131],[125.36418,11.11255],[125.36429,11.11232],[125.36479,11.11216],[125.3648,11.1117],[125.3636,11.111],[125.36324,11.11152],[125.36306,11.11082],[125.36337,11.11028],[125.36374,11.11013],[125.36392,11.10971],[125.36435,11.1095],[125.36462,11.10959],[125.36469,11.1099],[125.36497,11.10988],[125.36525,11.11019],[125.36561,11.11019],[125.3661,11.11042],[125.36623,11.11006],[125.3668,11.11032],[125.36716,11.11027],[125.36784,11.10969],[125.36764,11.10949],[125.36738,11.10861],[125.3668,11.10866],[125.36701,11.10911],[125.36688,11.1095],[125.36664,11.10956],[125.36651,11.10994],[125.36615,11.10952],[125.36624,11.10924],[125.36595,11.10898],[125.36592,11.10875],[125.36653,11.10835],[125.36693,11.10824],[125.36734,11.10765],[125.36759,11.10757],[125.36799,11.10716],[125.36804,11.10664],[125.36835,11.10639],[125.36856,11.10506],[125.36876,11.10435],[125.36837,11.10389],[125.36899,11.10388],[125.36923,11.10366],[125.36975,11.10273],[125.3711,11.10211],[125.37145,11.10177],[125.37177,11.10179],[125.37222,11.1016],[125.37259,11.10127],[125.37295,11.10071],[125.37326,11.1],[125.37392,11.09999],[125.37464,11.09981],[125.37491,11.09994],[125.37544,11.09999],[125.37593,11.09984],[125.37631,11.10005],[125.37686,11.10002],[125.37748,11.1001],[125.37844,11.10004],[125.37838,11.10064],[125.37864,11.10096],[125.37883,11.10147],[125.37944,11.10221],[125.37963,11.10355],[125.3793,11.10404],[125.37926,11.10476],[125.37948,11.105],[125.37924,11.10537],[125.37929,11.10562],[125.37968,11.10609],[125.38052,11.10664],[125.38136,11.10701],[125.38231,11.10705],[125.38342,11.10739],[125.38368,11.1078],[125.38371,11.1082],[125.38354,11.10838],[125.38367,11.10907],[125.3842,11.109],[125.38471,11.10893],[125.38446,11.10786],[125.38517,11.10703],[125.38533,11.10672],[125.38564,11.1066],[125.38607,11.10654],[125.38675,11.10643],[125.38895,11.10608],[125.39038,11.10577],[125.39153,11.10561],[125.39262,11.10537],[125.39321,11.10519],[125.39419,11.10473],[125.39434,11.10455],[125.39518,11.10398],[125.39645,11.10339],[125.39762,11.10262],[125.39808,11.10223],[125.39844,11.10239],[125.39899,11.1021],[125.39938,11.1017],[125.39965,11.10112],[125.40014,11.10046],[125.40065,11.09997],[125.40094,11.09993],[125.40108,11.10027],[125.4015,11.1007],[125.4024,11.10049],[125.40259,11.10052],[125.4033,11.10102],[125.4039,11.1008],[125.40455,11.10036],[125.40485,11.1003],[125.4049,11.0999],[125.40538,11.10015],[125.40564,11.10013],[125.4061,11.09986],[125.40624,11.09955],[125.40648,11.09943],[125.40737,11.09973],[125.4076,11.09918],[125.40778,11.09903],[125.40669,11.0987],[125.40646,11.09846],[125.40541,11.09799],[125.40461,11.09742],[125.40453,11.09724],[125.40399,11.09696],[125.40414,11.09636],[125.4037,11.09626],[125.4036,11.09594],[125.40313,11.09537],[125.40257,11.09437],[125.4018,11.09373],[125.40182,11.09335],[125.40146,11.09303],[125.40133,11.09273],[125.40156,11.09219],[125.40198,11.09204],[125.40263,11.09125],[125.40266,11.09044],[125.40288,11.0895],[125.40284,11.08927],[125.40313,11.08856],[125.40339,11.08842],[125.40361,11.08788],[125.40349,11.08725],[125.40385,11.08639],[125.40426,11.08606],[125.40463,11.08527],[125.4046,11.08508],[125.40498,11.08427],[125.40544,11.08363],[125.40582,11.08347],[125.40608,11.08311],[125.4063,11.08326],[125.40681,11.08298],[125.40696,11.08258],[125.40725,11.0823],[125.40719,11.08191],[125.4074,11.08185],[125.40794,11.08209],[125.40821,11.08206],[125.40876,11.08236],[125.40901,11.08263],[125.40951,11.08296],[125.40968,11.08321],[125.41029,11.08369],[125.41046,11.08439],[125.4107,11.08445],[125.41087,11.08504],[125.41153,11.08577],[125.41238,11.08539],[125.41286,11.08582],[125.41299,11.08634],[125.41363,11.0866],[125.41377,11.08678],[125.41435,11.087],[125.41457,11.08696],[125.41481,11.08736],[125.41457,11.08774],[125.41476,11.0876],[125.41571,11.08813],[125.4162,11.08816],[125.41631,11.08793],[125.4169,11.08783],[125.41731,11.08793],[125.41755,11.08816],[125.41815,11.0881],[125.41854,11.0883],[125.41876,11.0882],[125.4187,11.08775],[125.41918,11.08762],[125.41952,11.08766],[125.41993,11.08791],[125.41994,11.08807],[125.4204,11.0882],[125.42029,11.08853],[125.42047,11.08868],[125.42063,11.08922],[125.42088,11.0889],[125.42091,11.0885],[125.42208,11.08855],[125.42248,11.08887],[125.42322,11.08875],[125.42398,11.0889],[125.42427,11.08907],[125.42525,11.08921],[125.42562,11.08899],[125.4261,11.08908],[125.42628,11.08962],[125.42665,11.08949],[125.42733,11.08946],[125.42884,11.08981],[125.42912,11.09009],[125.42994,11.09045],[125.43013,11.09079],[125.43068,11.09129],[125.43097,11.09146],[125.43167,11.09155],[125.43197,11.09134],[125.43239,11.0913],[125.43269,11.09153],[125.43253,11.09219],[125.43281,11.09216],[125.43295,11.09267],[125.43271,11.093],[125.43318,11.09392],[125.43288,11.09451],[125.43353,11.09465],[125.4338,11.09497],[125.43434,11.09533],[125.43436,11.09568],[125.43463,11.09623],[125.4348,11.09639],[125.43487,11.09747],[125.43469,11.09795],[125.43487,11.09909],[125.43523,11.0991],[125.43536,11.09952],[125.43504,11.10052],[125.43518,11.10077],[125.43532,11.10149],[125.43509,11.10145],[125.43485,11.10184],[125.43524,11.10229],[125.43502,11.10308],[125.4351,11.10327],[125.43587,11.10354],[125.43634,11.10455],[125.43636,11.1054],[125.43614,11.10663],[125.43591,11.10693],[125.43573,11.10803],[125.43556,11.1084],[125.43515,11.10889],[125.4346,11.10941],[125.43407,11.11035],[125.43457,11.11031],[125.43489,11.11052],[125.4348,11.11125],[125.43496,11.11142],[125.43466,11.11199],[125.43419,11.11304],[125.43398,11.11396],[125.43345,11.1144],[125.43289,11.1145],[125.43288,11.11486],[125.43254,11.1155],[125.43206,11.11556],[125.4319,11.11575],[125.43142,11.1157],[125.43098,11.11699]]]}},{"type":"Feature","properties":{"code":"0802603000","name":"Balangkayan","kind":"Municipality","provinceCode":"0802600000","province":"Eastern Samar","areaKm2":186,"labelPoint":[125.45374,11.42975]},"geometry":{"type":"Polygon","coordinates":[[[125.44259,11.46124],[125.42243,11.45384],[125.41409,11.43826],[125.33664,11.41417],[125.29984,11.40656],[125.30912,11.39615],[125.29521,11.37942],[125.28066,11.36191],[125.26377,11.33677],[125.24815,11.31408],[125.24634,11.31146],[125.28225,11.32209],[125.29521,11.3285],[125.3769,11.36891],[125.41333,11.38527],[125.44448,11.39321],[125.46208,11.39743],[125.48186,11.40191],[125.48514,11.41853],[125.50143,11.41799],[125.51434,11.41984],[125.51969,11.42717],[125.52063,11.43154],[125.52344,11.44549],[125.52675,11.44961],[125.52634,11.4499],[125.52576,11.45051],[125.52526,11.44991],[125.52501,11.44991],[125.52476,11.44951],[125.52442,11.44963],[125.52377,11.44944],[125.52323,11.45005],[125.52331,11.45113],[125.52348,11.45143],[125.52321,11.45174],[125.52377,11.4525],[125.52321,11.45287],[125.5231,11.45313],[125.52319,11.45346],[125.52296,11.45376],[125.52234,11.45382],[125.52193,11.45361],[125.52179,11.4534],[125.5209,11.45277],[125.52055,11.45223],[125.51989,11.4525],[125.51983,11.45266],[125.51908,11.45278],[125.51875,11.45301],[125.51826,11.45282],[125.51734,11.45296],[125.51688,11.45296],[125.51616,11.45285],[125.51603,11.453],[125.51563,11.45283],[125.51543,11.45256],[125.51519,11.45278],[125.51485,11.45287],[125.51453,11.45277],[125.51418,11.45294],[125.51347,11.45286],[125.51317,11.45259],[125.51261,11.45296],[125.51169,11.45304],[125.51124,11.45299],[125.51027,11.45264],[125.51026,11.45238],[125.50965,11.45211],[125.50914,11.45162],[125.50835,11.45141],[125.50771,11.45057],[125.50699,11.45036],[125.50685,11.4507],[125.50606,11.45094],[125.50481,11.45113],[125.50436,11.4513],[125.50365,11.45102],[125.50317,11.45036],[125.50269,11.45018],[125.50226,11.44954],[125.50183,11.44926],[125.50098,11.44923],[125.50079,11.44899],[125.50036,11.44898],[125.49958,11.44852],[125.49925,11.44845],[125.4988,11.44845],[125.49864,11.44826],[125.49824,11.44822],[125.49757,11.44783],[125.49734,11.44782],[125.49707,11.44749],[125.49639,11.44745],[125.49597,11.44719],[125.49572,11.4469],[125.49521,11.44686],[125.4945,11.44717],[125.49371,11.44786],[125.49343,11.44827],[125.49356,11.44875],[125.49284,11.44845],[125.49297,11.44876],[125.4933,11.44908],[125.49364,11.44962],[125.49436,11.45045],[125.49492,11.45099],[125.4949,11.45127],[125.49527,11.4513],[125.49554,11.45177],[125.4956,11.45212],[125.49584,11.45264],[125.4965,11.4531],[125.49719,11.45333],[125.4974,11.45359],[125.49684,11.45413],[125.49673,11.45474],[125.4965,11.45518],[125.49602,11.45587],[125.49605,11.45617],[125.49679,11.45585],[125.49712,11.45637],[125.49748,11.45626],[125.49834,11.45639],[125.49903,11.45604],[125.49966,11.456],[125.50009,11.45623],[125.50067,11.45641],[125.50078,11.4567],[125.50162,11.45739],[125.50183,11.45781],[125.50267,11.45851],[125.503,11.45859],[125.50357,11.45898],[125.504,11.45901],[125.50459,11.45917],[125.50502,11.45961],[125.50514,11.4606],[125.50528,11.46076],[125.50596,11.46091],[125.5061,11.46111],[125.50679,11.46149],[125.50719,11.46155],[125.5078,11.46209],[125.5081,11.46217],[125.50814,11.46291],[125.5078,11.46358],[125.50811,11.46395],[125.50836,11.46393],[125.50844,11.46426],[125.50912,11.46543],[125.50908,11.46604],[125.5092,11.46635],[125.50935,11.46719],[125.50989,11.46744],[125.51016,11.46785],[125.5105,11.46815],[125.51077,11.46818],[125.51146,11.46902],[125.51184,11.46914],[125.51227,11.4695],[125.51335,11.46962],[125.51402,11.47003],[125.51437,11.46998],[125.51441,11.47059],[125.5147,11.47073],[125.51531,11.47067],[125.51634,11.4711],[125.51662,11.47151],[125.51701,11.47164],[125.51748,11.47212],[125.5178,11.47266],[125.51811,11.47235],[125.51869,11.47246],[125.51864,11.47276],[125.519,11.47289],[125.51916,11.47346],[125.51953,11.47352],[125.5198,11.47332],[125.52027,11.47323],[125.52082,11.47333],[125.52123,11.4736],[125.52144,11.47357],[125.52191,11.47391],[125.52259,11.47418],[125.52274,11.47383],[125.52342,11.47372],[125.52364,11.47353],[125.52413,11.47347],[125.52461,11.47378],[125.52485,11.47344],[125.52575,11.47342],[125.5262,11.47351],[125.52649,11.47345],[125.52688,11.47386],[125.52704,11.47379],[125.52753,11.47461],[125.52762,11.47505],[125.52732,11.47538],[125.52727,11.47566],[125.52686,11.47605],[125.52625,11.4763],[125.52612,11.47656],[125.52566,11.47646],[125.52533,11.47671],[125.52482,11.47675],[125.52417,11.4765],[125.52383,11.47648],[125.52257,11.47581],[125.52244,11.4756],[125.52163,11.47566],[125.52076,11.47563],[125.52029,11.47551],[125.52,11.47557],[125.51968,11.47599],[125.51967,11.47621],[125.51848,11.47605],[125.51853,11.47668],[125.5177,11.47734],[125.51703,11.47759],[125.5167,11.47787],[125.51642,11.47774],[125.51592,11.47804],[125.51574,11.4783],[125.5151,11.47856],[125.51487,11.47836],[125.51443,11.47848],[125.51451,11.47902],[125.51404,11.47927],[125.51411,11.47954],[125.51444,11.47985],[125.51448,11.4803],[125.51436,11.48064],[125.51454,11.48105],[125.51451,11.48142],[125.51424,11.48181],[125.51371,11.48207],[125.51344,11.48243],[125.5135,11.48279],[125.51297,11.48258],[125.51186,11.48317],[125.51142,11.48328],[125.51057,11.48384],[125.51043,11.48385],[125.50996,11.48389],[125.50948,11.48423],[125.50869,11.48435],[125.50905,11.48524],[125.50878,11.48584],[125.50808,11.48601],[125.5077,11.48636],[125.50722,11.48604],[125.50691,11.48562],[125.50613,11.48585],[125.50615,11.48624],[125.50584,11.4864],[125.50506,11.48633],[125.50439,11.48565],[125.5041,11.48568],[125.50371,11.48711],[125.50341,11.4872],[125.50307,11.48693],[125.50335,11.48658],[125.50322,11.48619],[125.5029,11.48617],[125.50287,11.48666],[125.50256,11.48682],[125.5024,11.48644],[125.50197,11.48641],[125.50202,11.48703],[125.50156,11.48674],[125.50129,11.48694],[125.50151,11.48718],[125.50125,11.48738],[125.50062,11.48717],[125.50096,11.48785],[125.50059,11.48801],[125.50072,11.48847],[125.50026,11.48935],[125.49988,11.48923],[125.49933,11.48984],[125.49917,11.49038],[125.49824,11.49001],[125.49788,11.48939],[125.49747,11.48959],[125.49715,11.48949],[125.49668,11.48978],[125.49581,11.48973],[125.48789,11.48566],[125.48677,11.47635],[125.47585,11.4679],[125.46793,11.46581],[125.45335,11.46536],[125.44259,11.46124]]]}},{"type":"Feature","properties":{"code":"0806002000","name":"Basey","kind":"Municipality","provinceCode":"0806000000","province":"Samar Province","areaKm2":596,"labelPoint":[125.15955,11.37421]},"geometry":{"type":"MultiPolygon","coordinates":[[[[125.01268,11.27674],[125.01367,11.2771],[125.01456,11.27707],[125.01547,11.27732],[125.01626,11.27745],[125.01737,11.27738],[125.01777,11.27752],[125.01855,11.27758],[125.01902,11.27754],[125.01959,11.27761],[125.0201,11.27747],[125.02022,11.27715],[125.0206,11.27699],[125.02142,11.27702],[125.02215,11.27663],[125.02277,11.27614],[125.02315,11.27571],[125.02402,11.27543],[125.02472,11.27533],[125.02515,11.27515],[125.02623,11.27508],[125.02684,11.27498],[125.02733,11.2747],[125.02783,11.27452],[125.02845,11.27476],[125.02909,11.27481],[125.02956,11.27467],[125.03046,11.27485],[125.03066,11.2747],[125.03099,11.27498],[125.03122,11.27547],[125.03127,11.27592],[125.03168,11.2766],[125.0317,11.27685],[125.03251,11.27735],[125.03551,11.27868],[125.03646,11.27904],[125.03793,11.27954],[125.03967,11.28009],[125.0414,11.28054],[125.04347,11.28099],[125.04467,11.28115],[125.04506,11.28129],[125.04601,11.28142],[125.04724,11.28153],[125.04945,11.28156],[125.05036,11.28148],[125.05154,11.28124],[125.05195,11.28124],[125.05281,11.28105],[125.05344,11.28057],[125.05343,11.2804],[125.05375,11.27987],[125.05433,11.2792],[125.05491,11.27873],[125.0555,11.27886],[125.05572,11.27857],[125.05668,11.27846],[125.05755,11.27884],[125.05797,11.27894],[125.05875,11.27891],[125.0595,11.27874],[125.06052,11.27859],[125.06103,11.27843],[125.06326,11.27841],[125.06498,11.27814],[125.06623,11.27787],[125.06653,11.27804],[125.0669,11.27865],[125.06688,11.27892],[125.06727,11.27949],[125.06757,11.27971],[125.06912,11.27985],[125.07017,11.28002],[125.07055,11.28033],[125.07132,11.28132],[125.07143,11.28178],[125.07177,11.28199],[125.07172,11.28253],[125.07132,11.28324],[125.07134,11.284],[125.07104,11.285],[125.07074,11.2856],[125.07052,11.28576],[125.0699,11.28583],[125.06902,11.28611],[125.06913,11.28641],[125.07019,11.28631],[125.07079,11.28636],[125.07111,11.28632],[125.07156,11.28647],[125.07206,11.28602],[125.07207,11.28561],[125.07255,11.28518],[125.07306,11.2849],[125.07375,11.28469],[125.07412,11.2847],[125.07531,11.2843],[125.07613,11.2837],[125.07657,11.28356],[125.07744,11.28282],[125.07816,11.28257],[125.07954,11.28222],[125.08057,11.28187],[125.081,11.28187],[125.0816,11.28175],[125.08234,11.28146],[125.08256,11.28126],[125.08386,11.2805],[125.08458,11.28019],[125.08582,11.27975],[125.0865,11.27973],[125.08694,11.27983],[125.08768,11.27984],[125.08778,11.27995],[125.08868,11.27983],[125.08961,11.27951],[125.09054,11.27958],[125.09087,11.27972],[125.09118,11.27959],[125.09225,11.27972],[125.09284,11.27988],[125.09369,11.28025],[125.0943,11.28044],[125.09509,11.28056],[125.09586,11.27975],[125.09626,11.27966],[125.09685,11.27984],[125.09714,11.27978],[125.09721,11.27948],[125.09784,11.27915],[125.09835,11.27927],[125.09863,11.27963],[125.09865,11.28021],[125.09973,11.28029],[125.10064,11.28036],[125.10108,11.2799],[125.10133,11.28009],[125.10222,11.27979],[125.10412,11.27975],[125.1057,11.27994],[125.10603,11.27991],[125.10665,11.28006],[125.1079,11.28052],[125.10831,11.28054],[125.10908,11.28073],[125.10937,11.28065],[125.11056,11.2811],[125.11181,11.28125],[125.11267,11.28171],[125.11311,11.28182],[125.11428,11.28245],[125.11453,11.28288],[125.1148,11.28287],[125.11581,11.28324],[125.1167,11.28334],[125.11805,11.28379],[125.11824,11.28406],[125.11864,11.28383],[125.11946,11.28392],[125.12052,11.28396],[125.12313,11.2842],[125.12443,11.28424],[125.12511,11.28414],[125.12675,11.28368],[125.12713,11.2837],[125.1282,11.28357],[125.12835,11.28346],[125.12913,11.28342],[125.12929,11.28332],[125.13005,11.28325],[125.13219,11.28288],[125.13331,11.28283],[125.13526,11.2826],[125.13565,11.2825],[125.13654,11.28231],[125.13715,11.2823],[125.13821,11.28209],[125.1386,11.28212],[125.13853,11.28167],[125.13891,11.28152],[125.13934,11.28168],[125.14064,11.2813],[125.141,11.28104],[125.14169,11.28073],[125.14166,11.28047],[125.14224,11.27973],[125.143,11.27908],[125.14347,11.27893],[125.1433,11.2785],[125.14461,11.27821],[125.14529,11.27791],[125.14566,11.27761],[125.14617,11.27737],[125.14784,11.27685],[125.1484,11.27643],[125.14854,11.27644],[125.14963,11.2761],[125.15105,11.27536],[125.15135,11.27514],[125.15179,11.27476],[125.15187,11.27438],[125.15168,11.2736],[125.15152,11.27361],[125.15138,11.27305],[125.15151,11.27279],[125.15137,11.27245],[125.15186,11.27196],[125.15207,11.27155],[125.15206,11.27128],[125.15259,11.27082],[125.15279,11.27033],[125.15318,11.26975],[125.15319,11.26898],[125.15381,11.2682],[125.15426,11.26793],[125.15455,11.26764],[125.15462,11.26732],[125.15515,11.26707],[125.15552,11.26675],[125.15638,11.26629],[125.15764,11.26575],[125.15888,11.2651],[125.15922,11.26469],[125.15982,11.26354],[125.15984,11.2632],[125.15969,11.2627],[125.15937,11.2624],[125.15949,11.2617],[125.15988,11.26139],[125.16014,11.26133],[125.16028,11.26098],[125.16022,11.26054],[125.16123,11.25999],[125.16181,11.25959],[125.17921,11.27047],[125.21425,11.29234],[125.24815,11.31408],[125.26377,11.33677],[125.28066,11.36191],[125.29521,11.37942],[125.30912,11.39615],[125.29984,11.40656],[125.28566,11.42253],[125.24267,11.43326],[125.22075,11.44615],[125.21505,11.46283],[125.21329,11.47111],[125.22198,11.4862],[125.22234,11.51619],[125.21642,11.52838],[125.21309,11.54374],[125.21039,11.55084],[125.16104,11.56405],[125.13713,11.54811],[125.14038,11.53306],[125.13697,11.51432],[125.082,11.49653],[125.09635,11.4813],[125.09998,11.46881],[125.08659,11.44081],[125.07832,11.4238],[125.07145,11.40942],[125.06604,11.39822],[125.05603,11.3777],[125.04707,11.3737],[125.04352,11.36387],[125.03847,11.35391],[125.0409,11.33748],[125.02012,11.33299],[125.01562,11.32318],[125.01251,11.31626],[125.00872,11.30919],[125.00031,11.30469],[124.97909,11.29334],[124.97928,11.29244],[124.97893,11.29236],[124.97902,11.29207],[124.97989,11.2922],[124.97991,11.29289],[124.98022,11.2928],[124.98049,11.29315],[124.98107,11.29307],[124.98102,11.29288],[124.98048,11.29255],[124.98071,11.29226],[124.98066,11.29177],[124.98037,11.29135],[124.97965,11.29098],[124.97896,11.29099],[124.97861,11.29136],[124.97804,11.29135],[124.97788,11.29113],[124.97788,11.29057],[124.9777,11.28979],[124.9771,11.28972],[124.9767,11.28949],[124.97655,11.289],[124.97662,11.28855],[124.97696,11.28797],[124.97714,11.28749],[124.97717,11.28696],[124.9774,11.28614],[124.97739,11.28563],[124.97765,11.2847],[124.978,11.28433],[124.9784,11.2836],[124.97906,11.28314],[124.97974,11.28301],[124.98024,11.28347],[124.98098,11.28387],[124.98179,11.28471],[124.98196,11.28515],[124.98186,11.28551],[124.98201,11.28605],[124.98235,11.28596],[124.98295,11.28614],[124.98394,11.2861],[124.98431,11.28618],[124.98494,11.28601],[124.98599,11.28602],[124.98754,11.28563],[124.98804,11.28543],[124.98839,11.28543],[124.98857,11.28563],[124.98892,11.28504],[124.98932,11.285],[124.98978,11.28471],[124.9901,11.28435],[124.9906,11.28415],[124.99081,11.2842],[124.99117,11.28397],[124.9918,11.28316],[124.99256,11.28278],[124.99263,11.28214],[124.99294,11.2818],[124.99421,11.28093],[124.99477,11.28022],[124.99484,11.27972],[124.99528,11.27923],[124.99595,11.27911],[124.99643,11.27831],[124.9971,11.27797],[124.99768,11.27722],[124.99789,11.27714],[124.99797,11.27677],[124.99797,11.27639],[124.99841,11.27597],[124.99812,11.2759],[124.99802,11.27534],[124.99838,11.27496],[124.99854,11.27434],[124.99848,11.27393],[124.99866,11.27347],[124.99864,11.27237],[124.99886,11.27157],[124.99943,11.27079],[124.99991,11.26976],[125.00049,11.26931],[125.00095,11.2692],[125.00192,11.26874],[125.00255,11.26834],[125.00318,11.26829],[125.00346,11.26817],[125.00452,11.26811],[125.00499,11.26787],[125.00571,11.26794],[125.00595,11.2676],[125.00615,11.26792],[125.00699,11.26804],[125.00727,11.26783],[125.00766,11.26792],[125.00801,11.26776],[125.00825,11.2679],[125.00815,11.26843],[125.00723,11.2693],[125.00686,11.26954],[125.0069,11.27041],[125.00713,11.27172],[125.00726,11.27211],[125.00764,11.2727],[125.00878,11.27398],[125.00951,11.27474],[125.01016,11.27531],[125.01146,11.27622],[125.01165,11.27617],[125.01268,11.27674]]],[[[125.07495,11.26924],[125.07439,11.26922],[125.07343,11.2687],[125.07255,11.26744],[125.07151,11.26608],[125.07103,11.26562],[125.07075,11.26525],[125.07118,11.26464],[125.07131,11.26422],[125.07134,11.26369],[125.07158,11.26307],[125.07218,11.26198],[125.07305,11.26107],[125.07352,11.26081],[125.07372,11.26053],[125.07394,11.25973],[125.07418,11.25949],[125.07508,11.2591],[125.07529,11.25885],[125.07551,11.25831],[125.07625,11.25823],[125.07654,11.25803],[125.07738,11.25778],[125.0784,11.25734],[125.07873,11.25701],[125.07937,11.25683],[125.07948,11.25623],[125.0797,11.25599],[125.08005,11.25592],[125.0806,11.25546],[125.08129,11.25541],[125.0819,11.255],[125.08212,11.25464],[125.08256,11.25428],[125.08363,11.25409],[125.08421,11.25424],[125.08471,11.25447],[125.08524,11.25447],[125.08604,11.25503],[125.0861,11.25535],[125.08548,11.25678],[125.08546,11.25732],[125.08524,11.25815],[125.08491,11.25829],[125.08465,11.25905],[125.08413,11.25958],[125.08358,11.26027],[125.08328,11.26088],[125.08301,11.26198],[125.08261,11.26226],[125.08214,11.26241],[125.08195,11.26261],[125.08175,11.26346],[125.08105,11.26442],[125.08053,11.26503],[125.0797,11.2657],[125.07931,11.26637],[125.07903,11.26668],[125.07815,11.26693],[125.07678,11.26792],[125.0762,11.26814],[125.0757,11.26847],[125.07522,11.26906],[125.07495,11.26924]]]]}},{"type":"Feature","properties":{"code":"0804802000","name":"Biri","kind":"Municipality","provinceCode":"0804800000","province":"Northern Samar","areaKm2":26,"labelPoint":[124.37588,12.6694]},"geometry":{"type":"MultiPolygon","coordinates":[[[[124.36349,12.66592],[124.36403,12.66349],[124.36411,12.66243],[124.36383,12.6612],[124.36407,12.66093],[124.36396,12.66028],[124.36412,12.66019],[124.36438,12.65942],[124.3644,12.65805],[124.36467,12.65701],[124.36512,12.65598],[124.36594,12.65501],[124.36605,12.65455],[124.36649,12.65422],[124.36683,12.65409],[124.36701,12.6545],[124.36726,12.65437],[124.36758,12.65472],[124.3678,12.65416],[124.36856,12.65396],[124.36976,12.65354],[124.37033,12.65357],[124.37092,12.65326],[124.37151,12.65332],[124.37119,12.65297],[124.3716,12.65288],[124.37181,12.65246],[124.37249,12.65217],[124.37356,12.65151],[124.37384,12.6516],[124.3745,12.65144],[124.3745,12.65112],[124.37485,12.65085],[124.37493,12.65057],[124.37557,12.65008],[124.37602,12.65047],[124.37636,12.6504],[124.37659,12.64993],[124.37712,12.64991],[124.3771,12.64949],[124.37662,12.64974],[124.37655,12.64908],[124.3772,12.64837],[124.37775,12.64802],[124.37811,12.64753],[124.37867,12.6473],[124.3788,12.64706],[124.37933,12.64679],[124.37954,12.64639],[124.3799,12.64636],[124.38026,12.64617],[124.38055,12.64551],[124.38098,12.64526],[124.38099,12.64495],[124.38118,12.64474],[124.38143,12.64396],[124.38187,12.64336],[124.38215,12.64322],[124.38252,12.64284],[124.38238,12.64235],[124.38262,12.64219],[124.38323,12.64246],[124.38353,12.64237],[124.38359,12.64208],[124.38287,12.64128],[124.38325,12.64091],[124.38357,12.64083],[124.38362,12.64058],[124.38409,12.64009],[124.38446,12.64011],[124.38438,12.64043],[124.38475,12.64063],[124.38524,12.64058],[124.38589,12.64022],[124.38599,12.63972],[124.38638,12.63945],[124.38628,12.63873],[124.38605,12.63851],[124.38621,12.63817],[124.38604,12.63792],[124.38621,12.6376],[124.38643,12.6376],[124.38699,12.63799],[124.38717,12.63824],[124.38732,12.63876],[124.38775,12.63924],[124.38785,12.63976],[124.3881,12.64015],[124.3884,12.64022],[124.38875,12.63973],[124.38907,12.63988],[124.38913,12.64047],[124.3893,12.64126],[124.38934,12.6421],[124.38897,12.64247],[124.38861,12.64238],[124.38824,12.64173],[124.38783,12.64159],[124.38774,12.64136],[124.38735,12.64132],[124.38697,12.64162],[124.38673,12.64202],[124.38636,12.64213],[124.38618,12.64233],[124.38572,12.64234],[124.38504,12.64273],[124.38494,12.64306],[124.38513,12.64348],[124.38564,12.64357],[124.38609,12.64402],[124.38625,12.64346],[124.3867,12.64356],[124.3875,12.64336],[124.3877,12.64385],[124.38821,12.64381],[124.38859,12.64339],[124.3884,12.64318],[124.38849,12.64284],[124.38872,12.64268],[124.38915,12.64266],[124.38936,12.64294],[124.3899,12.64302],[124.39036,12.64309],[124.39061,12.64302],[124.39088,12.64321],[124.39111,12.64302],[124.39138,12.64321],[124.39193,12.64266],[124.39171,12.64242],[124.3916,12.64204],[124.39136,12.6417],[124.39191,12.64111],[124.39146,12.64092],[124.3911,12.64061],[124.39118,12.64033],[124.39159,12.64013],[124.39186,12.63957],[124.39266,12.63946],[124.39319,12.63963],[124.39379,12.63993],[124.39378,12.64066],[124.39417,12.64096],[124.39459,12.64095],[124.39508,12.6414],[124.39524,12.64257],[124.39521,12.64293],[124.39482,12.644],[124.39496,12.64414],[124.39491,12.64474],[124.39443,12.64509],[124.39433,12.64543],[124.39408,12.64566],[124.3942,12.64604],[124.39406,12.64637],[124.39418,12.64659],[124.394,12.64705],[124.39406,12.64724],[124.39382,12.64787],[124.39434,12.64817],[124.3943,12.64855],[124.39474,12.64868],[124.39492,12.6491],[124.39535,12.64954],[124.39529,12.65002],[124.39551,12.65004],[124.3958,12.65041],[124.39582,12.6507],[124.39607,12.65107],[124.39591,12.6515],[124.39581,12.6526],[124.39548,12.65278],[124.39485,12.65254],[124.39436,12.65267],[124.39408,12.65324],[124.39407,12.65413],[124.39463,12.65402],[124.395,12.65516],[124.39506,12.65576],[124.39493,12.65627],[124.39454,12.6568],[124.3943,12.65743],[124.39404,12.65778],[124.39357,12.65807],[124.39308,12.65795],[124.39283,12.65827],[124.39245,12.65844],[124.39244,12.6592],[124.39219,12.65967],[124.39213,12.66005],[124.39238,12.66044],[124.39245,12.66093],[124.3927,12.66138],[124.39263,12.66153],[124.39318,12.66172],[124.3933,12.662],[124.39326,12.66259],[124.39274,12.66314],[124.39212,12.66341],[124.39173,12.66304],[124.39153,12.66249],[124.39081,12.66195],[124.39002,12.66186],[124.38966,12.66168],[124.3891,12.66189],[124.38888,12.66232],[124.38791,12.66311],[124.38786,12.66421],[124.38769,12.66444],[124.38845,12.66534],[124.38853,12.66556],[124.38921,12.66597],[124.38935,12.66615],[124.38992,12.66633],[124.39024,12.66672],[124.3906,12.66666],[124.39104,12.66683],[124.39072,12.66707],[124.39098,12.66727],[124.39117,12.66692],[124.39152,12.6669],[124.39201,12.66645],[124.39231,12.66679],[124.39228,12.66755],[124.39255,12.66809],[124.39266,12.6685],[124.39254,12.66908],[124.3926,12.66948],[124.39252,12.67028],[124.39234,12.67078],[124.39189,12.67129],[124.39186,12.67167],[124.39194,12.67271],[124.39169,12.67363],[124.3917,12.67396],[124.39114,12.67432],[124.39072,12.67446],[124.39071,12.6748],[124.39005,12.67551],[124.3899,12.67582],[124.38946,12.67635],[124.3891,12.67643],[124.38899,12.67682],[124.38867,12.67693],[124.38834,12.67687],[124.38831,12.67715],[124.3879,12.67771],[124.38759,12.67797],[124.38681,12.67813],[124.38645,12.67808],[124.3861,12.67818],[124.38611,12.67882],[124.38535,12.67909],[124.38465,12.67987],[124.38397,12.67989],[124.38357,12.68013],[124.38351,12.68035],[124.383,12.68056],[124.38287,12.68011],[124.38194,12.68066],[124.38098,12.68146],[124.37994,12.68175],[124.37932,12.68204],[124.37846,12.68224],[124.37696,12.68284],[124.3758,12.68354],[124.37416,12.68492],[124.37427,12.68529],[124.37405,12.68552],[124.37364,12.68566],[124.37318,12.68612],[124.37273,12.68684],[124.37126,12.68795],[124.37116,12.68798],[124.36999,12.68882],[124.36888,12.68981],[124.36698,12.69213],[124.36684,12.69242],[124.3671,12.69265],[124.36678,12.69354],[124.36664,12.69369],[124.36482,12.69385],[124.36418,12.69397],[124.36321,12.69389],[124.36281,12.69394],[124.36227,12.69438],[124.36186,12.69455],[124.3617,12.69487],[124.36094,12.69478],[124.36068,12.69493],[124.36,12.69493],[124.35907,12.69549],[124.35841,12.69569],[124.35824,12.69585],[124.35741,12.69609],[124.35695,12.69636],[124.35673,12.69626],[124.35624,12.69645],[124.35537,12.69621],[124.35438,12.69571],[124.35448,12.69545],[124.35421,12.69522],[124.35496,12.69449],[124.35529,12.69396],[124.35528,12.69361],[124.35503,12.69354],[124.35489,12.69265],[124.35537,12.6923],[124.3559,12.69213],[124.35628,12.69159],[124.35637,12.69076],[124.35662,12.69009],[124.35683,12.6899],[124.35684,12.68863],[124.3568,12.68759],[124.35698,12.68686],[124.3575,12.6857],[124.35779,12.68517],[124.35835,12.68468],[124.35896,12.68426],[124.36011,12.68286],[124.36033,12.6825],[124.36136,12.68142],[124.36154,12.68142],[124.36182,12.68092],[124.36168,12.68048],[124.36148,12.67927],[124.36148,12.67833],[124.36156,12.67756],[124.36185,12.67593],[124.3621,12.67531],[124.36233,12.67426],[124.3626,12.67377],[124.36266,12.67343],[124.36253,12.6723],[124.3625,12.67038],[124.36276,12.6702],[124.36277,12.66908],[124.36295,12.66755],[124.36308,12.66728],[124.36321,12.6664],[124.36349,12.66592]]],[[[124.41272,12.65779],[124.41301,12.65751],[124.41304,12.65653],[124.41348,12.6559],[124.41387,12.65566],[124.4141,12.65525],[124.41412,12.65492],[124.41362,12.65432],[124.41376,12.65358],[124.41394,12.65329],[124.41386,12.65283],[124.41436,12.65235],[124.41492,12.65211],[124.41548,12.65213],[124.41567,12.65224],[124.416,12.65204],[124.41622,12.65173],[124.41624,12.65101],[124.4165,12.65063],[124.41721,12.65067],[124.41797,12.65104],[124.41872,12.6522],[124.41874,12.65294],[124.41927,12.65307],[124.41937,12.65328],[124.41924,12.65364],[124.42031,12.65359],[124.42073,12.65319],[124.42079,12.65271],[124.42189,12.65245],[124.42215,12.65243],[124.42215,12.65284],[124.42261,12.65259],[124.42292,12.65264],[124.42315,12.65243],[124.42295,12.65222],[124.42353,12.65209],[124.42356,12.65171],[124.42403,12.65131],[124.42448,12.65104],[124.42482,12.65098],[124.42594,12.65159],[124.42637,12.65196],[124.42667,12.6526],[124.42685,12.65279],[124.42693,12.6533],[124.42712,12.65374],[124.42734,12.65547],[124.42727,12.65592],[124.4274,12.65622],[124.42737,12.6566],[124.42714,12.65738],[124.42732,12.65758],[124.4272,12.65883],[124.42688,12.65912],[124.42625,12.66003],[124.42639,12.66086],[124.42629,12.66121],[124.4258,12.66175],[124.42522,12.66218],[124.42428,12.66319],[124.42413,12.66348],[124.42379,12.66457],[124.42374,12.66505],[124.42429,12.66542],[124.42472,12.66538],[124.42485,12.66619],[124.4247,12.66674],[124.42424,12.66738],[124.42394,12.66762],[124.42395,12.66795],[124.42371,12.66835],[124.42309,12.66869],[124.42269,12.66874],[124.42206,12.66895],[124.4214,12.66982],[124.42084,12.66949],[124.42085,12.66918],[124.42062,12.669],[124.41967,12.66903],[124.41911,12.66923],[124.41867,12.66983],[124.4182,12.66995],[124.41777,12.6702],[124.41759,12.66978],[124.41757,12.66913],[124.41802,12.66765],[124.41775,12.66748],[124.41719,12.66636],[124.41723,12.66612],[124.41678,12.66593],[124.41682,12.66569],[124.4173,12.66526],[124.41744,12.66493],[124.41717,12.66473],[124.41713,12.66404],[124.41732,12.66347],[124.41769,12.6631],[124.41751,12.66287],[124.41777,12.66256],[124.41793,12.66209],[124.41787,12.66179],[124.41824,12.66157],[124.41815,12.66121],[124.41829,12.66017],[124.41823,12.65994],[124.41843,12.65935],[124.41825,12.65924],[124.41793,12.65957],[124.41759,12.65919],[124.41768,12.65994],[124.41745,12.66032],[124.41745,12.66117],[124.41688,12.66281],[124.41678,12.66287],[124.41625,12.66425],[124.41597,12.66413],[124.41553,12.66477],[124.41504,12.66492],[124.41467,12.66484],[124.41418,12.66497],[124.41378,12.66523],[124.4134,12.66659],[124.41309,12.66702],[124.41235,12.66763],[124.41194,12.66851],[124.41154,12.66906],[124.41173,12.67004],[124.41129,12.67128],[124.41064,12.67226],[124.41039,12.67302],[124.40996,12.67348],[124.40939,12.67438],[124.40916,12.67463],[124.40887,12.67452],[124.40829,12.6746],[124.40789,12.6748],[124.40786,12.67503],[124.40731,12.67522],[124.40702,12.67516],[124.40633,12.67574],[124.40537,12.67643],[124.40508,12.67672],[124.40457,12.67658],[124.40393,12.67694],[124.4036,12.67697],[124.40329,12.6768],[124.40294,12.67706],[124.40164,12.67756],[124.40134,12.67745],[124.40122,12.67772],[124.40013,12.67771],[124.39928,12.67798],[124.39804,12.67795],[124.39717,12.67759],[124.39673,12.67752],[124.3962,12.67727],[124.39581,12.67688],[124.39547,12.67632],[124.39522,12.67572],[124.39512,12.67507],[124.39533,12.67448],[124.3959,12.67381],[124.39627,12.6735],[124.39679,12.67329],[124.39799,12.67194],[124.39818,12.6716],[124.39856,12.67209],[124.39896,12.6717],[124.39969,12.67085],[124.39959,12.67057],[124.39978,12.67018],[124.40057,12.66942],[124.40106,12.66903],[124.40105,12.66861],[124.40123,12.66847],[124.40118,12.66804],[124.40176,12.66756],[124.40137,12.66741],[124.40129,12.66722],[124.40147,12.66674],[124.40166,12.66656],[124.40156,12.66625],[124.40251,12.66557],[124.4029,12.66498],[124.40319,12.66484],[124.40367,12.66415],[124.40417,12.6643],[124.4047,12.66423],[124.40602,12.66387],[124.40609,12.66434],[124.40602,12.66485],[124.40578,12.66541],[124.40609,12.66557],[124.4068,12.66508],[124.40766,12.66516],[124.40791,12.66448],[124.40805,12.66435],[124.40826,12.6636],[124.40852,12.66357],[124.40857,12.66326],[124.40883,12.66288],[124.40843,12.66247],[124.40867,12.66207],[124.40841,12.66172],[124.40838,12.66121],[124.40885,12.66118],[124.40855,12.66082],[124.40855,12.66051],[124.40907,12.66018],[124.40918,12.65989],[124.40905,12.65968],[124.40938,12.65945],[124.4093,12.65922],[124.40968,12.65897],[124.41002,12.65902],[124.41037,12.65873],[124.41057,12.65888],[124.41082,12.65825],[124.41132,12.65798],[124.41175,12.65798],[124.41216,12.65761],[124.41272,12.65779]]],[[[124.39214,12.63919],[124.39152,12.63914],[124.39098,12.63892],[124.3909,12.63851],[124.39112,12.63832],[124.39185,12.63841],[124.39235,12.6388],[124.39214,12.63919]]],[[[124.39467,12.63947],[124.39376,12.63907],[124.39281,12.63892],[124.39235,12.63862],[124.39159,12.63801],[124.39166,12.63757],[124.39234,12.63678],[124.39271,12.63661],[124.39336,12.6367],[124.39405,12.63695],[124.3947,12.63742],[124.39503,12.6381],[124.39508,12.63918],[124.39467,12.63947]]],[[[124.36916,12.65129],[124.36882,12.65103],[124.36863,12.65045],[124.36909,12.64879],[124.3695,12.6481],[124.37011,12.64654],[124.37075,12.64532],[124.37104,12.64458],[124.37134,12.6436],[124.37141,12.64294],[124.37205,12.64075],[124.3722,12.63925],[124.37227,12.63886],[124.37215,12.63864],[124.37226,12.63828],[124.37277,12.6378],[124.37306,12.63682],[124.37367,12.63548],[124.37394,12.63451],[124.37404,12.63388],[124.37433,12.63306],[124.37487,12.6325],[124.37521,12.63203],[124.37574,12.6311],[124.37607,12.63082],[124.37707,12.63054],[124.37798,12.63083],[124.37904,12.63133],[124.37927,12.63156],[124.37922,12.63196],[124.3795,12.63242],[124.38002,12.63295],[124.38054,12.63335],[124.38059,12.63364],[124.38032,12.63449],[124.38006,12.6347],[124.37965,12.6345],[124.37942,12.63411],[124.3793,12.6331],[124.37901,12.63331],[124.37855,12.63316],[124.37871,12.63363],[124.37867,12.63433],[124.37916,12.63469],[124.37927,12.63545],[124.37992,12.63636],[124.38012,12.63641],[124.37995,12.63687],[124.37952,12.63703],[124.37961,12.63745],[124.37938,12.63766],[124.37905,12.63935],[124.37922,12.63972],[124.37962,12.63996],[124.37922,12.64062],[124.37908,12.64071],[124.37866,12.6416],[124.37869,12.64212],[124.37816,12.64277],[124.37776,12.6439],[124.37743,12.64426],[124.37711,12.64536],[124.37674,12.64517],[124.37614,12.64547],[124.37598,12.64583],[124.37562,12.64594],[124.37554,12.64618],[124.37584,12.64635],[124.37612,12.64671],[124.37527,12.64794],[124.37475,12.64791],[124.37449,12.64813],[124.37382,12.64832],[124.37365,12.64801],[124.37338,12.64828],[124.37278,12.64824],[124.37232,12.64833],[124.37214,12.64857],[124.37181,12.64831],[124.37142,12.64918],[124.37107,12.64912],[124.37063,12.64949],[124.37013,12.64966],[124.37025,12.64999],[124.37014,12.65037],[124.36976,12.65039],[124.36944,12.65008],[124.36923,12.65029],[124.36925,12.65102],[124.36916,12.65129]]],[[[124.36012,12.66176],[124.35986,12.66192],[124.35938,12.66197],[124.35883,12.66159],[124.35842,12.6616],[124.35826,12.66106],[124.35805,12.66076],[124.35775,12.6608],[124.35784,12.66029],[124.35729,12.65913],[124.3568,12.6584],[124.35629,12.65728],[124.35575,12.6566],[124.35594,12.6562],[124.35636,12.65626],[124.35722,12.6557],[124.35757,12.6554],[124.35875,12.65298],[124.35928,12.6522],[124.35968,12.65104],[124.3597,12.65048],[124.35956,12.64939],[124.35943,12.64674],[124.35951,12.6464],[124.35925,12.64619],[124.35931,12.6458],[124.35985,12.64503],[124.36035,12.64483],[124.36045,12.64495],[124.36115,12.64484],[124.36275,12.64351],[124.3632,12.6432],[124.3637,12.64312],[124.36432,12.64329],[124.36529,12.64323],[124.36579,12.64335],[124.36649,12.64374],[124.36689,12.64437],[124.36709,12.64573],[124.36741,12.6462],[124.36743,12.64644],[124.36707,12.64668],[124.36658,12.64731],[124.36658,12.64781],[124.3667,12.6481],[124.36632,12.64859],[124.36595,12.64945],[124.36574,12.64957],[124.36559,12.65008],[124.36515,12.65183],[124.36481,12.6517],[124.36438,12.65177],[124.36406,12.65196],[124.36414,12.65236],[124.36464,12.65238],[124.36485,12.6528],[124.36465,12.65358],[124.36373,12.65471],[124.36365,12.6551],[124.36344,12.65538],[124.36332,12.65607],[124.36268,12.65796],[124.36263,12.65877],[124.36274,12.65897],[124.36237,12.65996],[124.36218,12.66033],[124.36164,12.66055],[124.36065,12.66124],[124.36012,12.66176]]],[[[124.38109,12.68853],[124.38097,12.68881],[124.38023,12.68847],[124.3803,12.68751],[124.37998,12.68738],[124.3794,12.68623],[124.3793,12.68576],[124.37864,12.6855],[124.37834,12.68559],[124.3781,12.6853],[124.37739,12.68483],[124.37704,12.68426],[124.37764,12.68361],[124.37821,12.68398],[124.37856,12.68377],[124.37842,12.68351],[124.379,12.68305],[124.37903,12.68286],[124.37946,12.68288],[124.37949,12.68258],[124.37993,12.68232],[124.38028,12.68236],[124.38111,12.68197],[124.38125,12.68168],[124.3816,12.68136],[124.38217,12.68106],[124.38337,12.68093],[124.3837,12.68105],[124.38361,12.6814],[124.3842,12.68176],[124.38441,12.68227],[124.38489,12.68266],[124.38507,12.6832],[124.3858,12.6835],[124.38651,12.68419],[124.38654,12.68463],[124.38683,12.6847],[124.38623,12.68536],[124.38574,12.68563],[124.38553,12.68561],[124.38526,12.68599],[124.38552,12.68621],[124.38553,12.68644],[124.38515,12.68669],[124.38501,12.68708],[124.38417,12.68727],[124.38406,12.68757],[124.38381,12.68768],[124.38275,12.68686],[124.38196,12.68716],[124.38105,12.68784],[124.38109,12.68853]]],[[[124.36799,12.69753],[124.36772,12.69774],[124.36751,12.6972],[124.36778,12.69637],[124.36857,12.69576],[124.36956,12.69544],[124.36977,12.69517],[124.37004,12.69434],[124.3704,12.69425],[124.37103,12.6939],[124.37097,12.69346],[124.37069,12.69321],[124.37055,12.69289],[124.3707,12.69243],[124.37115,12.69173],[124.37159,12.69147],[124.37213,12.69138],[124.37232,12.69087],[124.37263,12.69067],[124.37344,12.69049],[124.37408,12.6905],[124.37441,12.69074],[124.37459,12.69119],[124.37498,12.69146],[124.37539,12.6911],[124.37517,12.69071],[124.3755,12.69038],[124.37514,12.68951],[124.37498,12.68942],[124.37489,12.68896],[124.37455,12.68869],[124.37449,12.68844],[124.37421,12.68831],[124.37426,12.68802],[124.37487,12.68788],[124.37568,12.68802],[124.37606,12.68829],[124.37609,12.68864],[124.37663,12.68909],[124.37677,12.68978],[124.37733,12.6899],[124.37763,12.69031],[124.37772,12.69095],[124.37761,12.69122],[124.37725,12.69167],[124.37688,12.69195],[124.37671,12.69224],[124.37633,12.69223],[124.37638,12.69192],[124.37585,12.69195],[124.37515,12.6923],[124.37506,12.69208],[124.37558,12.69159],[124.37539,12.69144],[124.37465,12.69184],[124.37423,12.69152],[124.37321,12.69177],[124.37249,12.69223],[124.37192,12.69272],[124.37174,12.69312],[124.37212,12.69345],[124.37186,12.6938],[124.37219,12.69398],[124.37187,12.69441],[124.37188,12.69481],[124.37153,12.69542],[124.3709,12.6962],[124.37076,12.69653],[124.37055,12.69661],[124.37009,12.69648],[124.36949,12.69685],[124.36877,12.6971],[124.3684,12.69747],[124.36799,12.69753]]],[[[124.43014,12.62377],[124.42978,12.62367],[124.4294,12.62319],[124.42894,12.62296],[124.42871,12.62247],[124.42839,12.62229],[124.42826,12.62194],[124.42872,12.62141],[124.42894,12.62152],[124.42904,12.62208],[124.4292,12.6222],[124.42964,12.62216],[124.43011,12.62265],[124.42987,12.62294],[124.43042,12.62309],[124.43052,12.6235],[124.43014,12.62377]]],[[[124.43762,12.62441],[124.43673,12.62409],[124.43611,12.62359],[124.43553,12.62281],[124.43493,12.62306],[124.43452,12.62289],[124.43433,12.62265],[124.43396,12.62251],[124.43353,12.62193],[124.43332,12.6215],[124.43262,12.62134],[124.43206,12.62131],[124.43128,12.62074],[124.43063,12.61999],[124.4299,12.61948],[124.42983,12.6192],[124.42915,12.61892],[124.42874,12.61864],[124.42872,12.61831],[124.42953,12.61844],[124.42969,12.61817],[124.43002,12.6183],[124.4303,12.61807],[124.43028,12.61775],[124.42936,12.61736],[124.42933,12.61708],[124.42895,12.61702],[124.42859,12.61732],[124.42859,12.61762],[124.42826,12.61776],[124.42811,12.61744],[124.42882,12.61627],[124.42921,12.61547],[124.42924,12.61519],[124.43007,12.61488],[124.43048,12.61545],[124.43083,12.61571],[124.43157,12.61539],[124.43151,12.61503],[124.43201,12.61435],[124.43288,12.61406],[124.43267,12.61382],[124.43268,12.61354],[124.43353,12.61332],[124.4339,12.61302],[124.43432,12.61314],[124.43466,12.6129],[124.43472,12.61263],[124.43502,12.61244],[124.43571,12.61169],[124.43588,12.6116],[124.4362,12.61105],[124.4368,12.6108],[124.43716,12.61074],[124.43786,12.61042],[124.43844,12.61041],[124.43911,12.61031],[124.44054,12.61023],[124.4407,12.61035],[124.44138,12.61032],[124.44168,12.61043],[124.44164,12.61121],[124.44172,12.6118],[124.44201,12.61228],[124.44277,12.61283],[124.44325,12.61394],[124.44376,12.61436],[124.44457,12.61479],[124.44504,12.61525],[124.44549,12.61534],[124.44647,12.61575],[124.44633,12.6159],[124.44693,12.61655],[124.44692,12.61798],[124.44666,12.61814],[124.4464,12.61869],[124.44614,12.61871],[124.44586,12.61901],[124.44536,12.61904],[124.44452,12.6194],[124.44412,12.61937],[124.44351,12.61967],[124.44331,12.62017],[124.44249,12.62113],[124.4408,12.62185],[124.44012,12.62223],[124.43968,12.62262],[124.43891,12.6236],[124.4385,12.62397],[124.43762,12.62441]]],[[[124.43871,12.62474],[124.43809,12.62478],[124.43791,12.62456],[124.43838,12.62423],[124.43871,12.62426],[124.43871,12.62474]]],[[[124.4408,12.62588],[124.44002,12.62577],[124.43958,12.62541],[124.43908,12.62542],[124.43878,12.62514],[124.43885,12.62441],[124.43921,12.6241],[124.44002,12.62406],[124.44074,12.62392],[124.44147,12.62407],[124.44198,12.62407],[124.44232,12.62419],[124.44264,12.62448],[124.44281,12.6249],[124.44277,12.6253],[124.44235,12.62562],[124.44214,12.62559],[124.44129,12.62585],[124.4408,12.62588]]],[[[124.43193,12.62614],[124.4311,12.62587],[124.4308,12.62533],[124.4307,12.62486],[124.43085,12.6246],[124.43038,12.62412],[124.43029,12.62367],[124.43195,12.62381],[124.43235,12.62403],[124.43289,12.62488],[124.43293,12.62545],[124.43273,12.62589],[124.43193,12.62614]]],[[[124.4401,12.62799],[124.43969,12.62792],[124.43923,12.62762],[124.43911,12.62735],[124.43949,12.62718],[124.43996,12.62732],[124.44032,12.62758],[124.44042,12.62787],[124.4401,12.62799]]],[[[124.42016,12.62843],[124.41994,12.6281],[124.41956,12.6281],[124.41941,12.62777],[124.41997,12.62732],[124.42001,12.62773],[124.42021,12.62781],[124.4204,12.62827],[124.42016,12.62843]]],[[[124.41611,12.62924],[124.41588,12.62867],[124.41614,12.62837],[124.41632,12.62847],[124.41629,12.62913],[124.41611,12.62924]]],[[[124.43838,12.63897],[124.43816,12.63912],[124.43724,12.63845],[124.43672,12.63833],[124.43589,12.63848],[124.43531,12.63837],[124.435,12.63803],[124.43486,12.63739],[124.43464,12.63709],[124.43476,12.63676],[124.43538,12.63599],[124.43594,12.63568],[124.43661,12.63597],[124.43719,12.63587],[124.43821,12.63614],[124.4393,12.63707],[124.43944,12.63738],[124.43911,12.6377],[124.43856,12.63843],[124.43838,12.63897]]],[[[124.42191,12.64369],[124.42159,12.64339],[124.42122,12.64241],[124.42134,12.64183],[124.42203,12.64083],[124.42221,12.64025],[124.42263,12.63969],[124.423,12.63972],[124.42335,12.64035],[124.42349,12.64094],[124.4232,12.64164],[124.42286,12.64195],[124.42251,12.64295],[124.42191,12.64369]]],[[[124.42664,12.64682],[124.42563,12.64636],[124.4252,12.64575],[124.42516,12.64523],[124.42497,12.64492],[124.42489,12.64417],[124.42507,12.64363],[124.42509,12.64302],[124.42484,12.64298],[124.42439,12.64253],[124.42405,12.642],[124.42402,12.64165],[124.42456,12.64136],[124.4248,12.64154],[124.42497,12.64117],[124.42527,12.64107],[124.42533,12.63992],[124.42573,12.63958],[124.42605,12.63955],[124.42587,12.63885],[124.42596,12.63798],[124.42582,12.63772],[124.42553,12.63829],[124.4248,12.63854],[124.42453,12.63808],[124.42455,12.63718],[124.42415,12.63712],[124.42372,12.63676],[124.42308,12.6366],[124.42278,12.6364],[124.42263,12.63585],[124.42196,12.63566],[124.42167,12.63581],[124.42126,12.63575],[124.42044,12.63536],[124.42016,12.63473],[124.41962,12.63454],[124.41936,12.6341],[124.41871,12.63346],[124.41834,12.63346],[124.41832,12.63397],[124.4181,12.63448],[124.41762,12.63448],[124.41694,12.63462],[124.41624,12.63449],[124.41564,12.63387],[124.41474,12.63328],[124.41436,12.63274],[124.41408,12.63256],[124.41371,12.63192],[124.41363,12.63151],[124.41374,12.63101],[124.41364,12.63087],[124.41385,12.6303],[124.41417,12.62994],[124.41422,12.62971],[124.41461,12.62938],[124.41492,12.62933],[124.41513,12.62974],[124.41546,12.62976],[124.41566,12.6294],[124.41631,12.6297],[124.41663,12.62942],[124.41633,12.62912],[124.41638,12.62868],[124.41687,12.62795],[124.41751,12.62761],[124.41819,12.62743],[124.41888,12.62789],[124.41879,12.62821],[124.41938,12.62825],[124.41949,12.62845],[124.42013,12.62856],[124.42024,12.62904],[124.41992,12.62942],[124.42045,12.62971],[124.42075,12.62916],[124.4207,12.62881],[124.42102,12.62881],[124.42184,12.62788],[124.42236,12.62759],[124.42271,12.62761],[124.42329,12.62748],[124.42399,12.62778],[124.42451,12.62819],[124.42491,12.6283],[124.42508,12.62864],[124.42507,12.6292],[124.42564,12.6295],[124.42582,12.62927],[124.42611,12.62935],[124.42634,12.62963],[124.42694,12.63013],[124.42656,12.63056],[124.4266,12.63078],[124.42646,12.63149],[124.42672,12.63169],[124.42691,12.63209],[124.42749,12.63214],[124.42758,12.63184],[124.42714,12.63154],[124.42718,12.63134],[124.4277,12.63129],[124.42797,12.63109],[124.42886,12.631],[124.42916,12.63067],[124.42936,12.63026],[124.42975,12.63011],[124.42968,12.6299],[124.42999,12.62936],[124.42991,12.62919],[124.43011,12.62844],[124.43043,12.62831],[124.43147,12.62835],[124.43214,12.62875],[124.43202,12.62956],[124.43233,12.63044],[124.43215,12.63088],[124.43165,12.63157],[124.43146,12.63221],[124.4315,12.63275],[124.43179,12.63382],[124.43171,12.63433],[124.43115,12.63529],[124.4307,12.63586],[124.43028,12.63609],[124.4301,12.63639],[124.42948,12.63677],[124.42999,12.63716],[124.43012,12.63832],[124.42993,12.6389],[124.42991,12.63971],[124.42931,12.64122],[124.42913,12.64191],[124.42906,12.6428],[124.42869,12.64371],[124.42861,12.64446],[124.42806,12.64498],[124.42763,12.64571],[124.42756,12.64604],[124.42729,12.64636],[124.42664,12.64682]]],[[[124.42486,12.64947],[124.42457,12.64932],[124.42448,12.64894],[124.42472,12.64859],[124.42513,12.6485],[124.42557,12.64859],[124.42567,12.64878],[124.42545,12.6491],[124.42486,12.64947]]],[[[124.42924,12.65881],[124.42885,12.65883],[124.4286,12.65847],[124.42847,12.65785],[124.42825,12.65746],[124.42792,12.65721],[124.42802,12.65682],[124.42909,12.65793],[124.42952,12.6582],[124.42924,12.65881]]],[[[124.39138,12.63541],[124.3908,12.63529],[124.39012,12.63474],[124.39,12.6344],[124.39021,12.63402],[124.39015,12.6336],[124.38953,12.63332],[124.38971,12.63305],[124.38937,12.63247],[124.38969,12.63212],[124.39038,12.63226],[124.39106,12.63196],[124.39159,12.63232],[124.39189,12.63329],[124.39227,12.63342],[124.39222,12.63375],[124.39243,12.63405],[124.39217,12.63489],[124.39187,12.63517],[124.39138,12.63541]]]]}},{"type":"Feature","properties":{"code":"0804803000","name":"Bobon","kind":"Municipality","provinceCode":"0804800000","province":"Northern Samar","areaKm2":120,"labelPoint":[124.54588,12.49646]},"geometry":{"type":"Polygon","coordinates":[[[124.56039,12.46202],[124.56514,12.47698],[124.58084,12.47707],[124.58957,12.49076],[124.59127,12.49388],[124.58689,12.49555],[124.58244,12.49747],[124.58334,12.50916],[124.58864,12.50859],[124.59069,12.50826],[124.59111,12.5094],[124.59012,12.51014],[124.59313,12.52014],[124.59141,12.52056],[124.59049,12.5209],[124.58885,12.52121],[124.58801,12.52156],[124.58683,12.52192],[124.58624,12.52204],[124.58416,12.52275],[124.58238,12.52343],[124.57971,12.52431],[124.57718,12.52532],[124.57692,12.5254],[124.57515,12.52617],[124.57425,12.52649],[124.57248,12.52727],[124.57212,12.52737],[124.57017,12.52826],[124.56944,12.52869],[124.56893,12.52881],[124.56853,12.52907],[124.56819,12.5296],[124.56792,12.52982],[124.56754,12.52993],[124.56722,12.53047],[124.56617,12.53113],[124.56521,12.53195],[124.56424,12.53256],[124.56382,12.53272],[124.56347,12.53302],[124.56339,12.53327],[124.56298,12.53333],[124.56169,12.53414],[124.56094,12.53407],[124.56073,12.53391],[124.56015,12.53384],[124.56015,12.53364],[124.55963,12.53338],[124.56007,12.53276],[124.56018,12.53183],[124.56053,12.53171],[124.56067,12.53123],[124.56094,12.53109],[124.56101,12.53066],[124.56159,12.53042],[124.56186,12.53],[124.56232,12.52969],[124.56279,12.53024],[124.56306,12.53015],[124.56336,12.5306],[124.56368,12.53087],[124.56378,12.53137],[124.56369,12.53175],[124.56395,12.5318],[124.5641,12.53155],[124.56471,12.53126],[124.56463,12.53096],[124.56445,12.53064],[124.56404,12.53075],[124.56404,12.5303],[124.56391,12.53003],[124.56359,12.52998],[124.56271,12.52928],[124.56253,12.52885],[124.56255,12.52841],[124.56233,12.52789],[124.56194,12.5274],[124.56106,12.52681],[124.56031,12.52608],[124.55998,12.52611],[124.55953,12.52614],[124.55917,12.52688],[124.55937,12.52753],[124.55933,12.52779],[124.55881,12.52811],[124.55849,12.52819],[124.55795,12.52785],[124.55767,12.52744],[124.55726,12.52664],[124.5566,12.52557],[124.55619,12.52508],[124.55557,12.52456],[124.55495,12.52419],[124.55438,12.52396],[124.55356,12.52388],[124.55216,12.52391],[124.55099,12.52392],[124.54993,12.52385],[124.54916,12.52387],[124.5485,12.52396],[124.54712,12.52425],[124.5462,12.52451],[124.54561,12.52453],[124.54477,12.52494],[124.5442,12.5256],[124.54375,12.52583],[124.54348,12.52627],[124.54284,12.52653],[124.54175,12.52688],[124.5408,12.52707],[124.54011,12.52709],[124.53818,12.52692],[124.53769,12.52678],[124.5369,12.52635],[124.5363,12.52614],[124.5357,12.52613],[124.53513,12.52598],[124.53497,12.52467],[124.53499,12.52374],[124.53491,12.52333],[124.53462,12.52275],[124.53431,12.52241],[124.53337,12.52173],[124.53267,12.52152],[124.53155,12.52134],[124.53092,12.5213],[124.52981,12.52141],[124.52883,12.52167],[124.52832,12.52172],[124.52769,12.522],[124.52742,12.52229],[124.52721,12.52231],[124.5268,12.52202],[124.52599,12.52204],[124.5255,12.52221],[124.52499,12.5226],[124.52448,12.52318],[124.52403,12.52148],[124.518,12.49823],[124.5156,12.4885],[124.51342,12.47962],[124.50761,12.4576],[124.50367,12.44129],[124.50193,12.43461],[124.49825,12.42026],[124.49375,12.40363],[124.49031,12.3909],[124.48767,12.38157],[124.48738,12.38054],[124.48176,12.3589],[124.47709,12.34096],[124.4898,12.33103],[124.51176,12.32659],[124.51506,12.33547],[124.52192,12.35379],[124.52867,12.37199],[124.53229,12.38173],[124.53684,12.39634],[124.54364,12.41817],[124.54665,12.42784],[124.55261,12.44085],[124.55627,12.45081],[124.56039,12.46202]]]}},{"type":"Feature","properties":{"code":"0802604000","name":"Borongan City","kind":"City","provinceCode":"0802600000","province":"Eastern Samar","areaKm2":632,"labelPoint":[125.34324,11.59107]},"geometry":{"type":"MultiPolygon","coordinates":[[[[125.43924,11.6068],[125.4391,11.60705],[125.43947,11.60746],[125.44001,11.60845],[125.43968,11.60895],[125.4394,11.6097],[125.43899,11.61062],[125.43863,11.61168],[125.43849,11.6128],[125.43836,11.6147],[125.43847,11.61546],[125.4386,11.6158],[125.43866,11.6164],[125.43893,11.61762],[125.43908,11.61802],[125.43926,11.61858],[125.4397,11.61965],[125.44,11.62014],[125.44065,11.62076],[125.44167,11.62158],[125.44222,11.62198],[125.44292,11.62271],[125.44293,11.62314],[125.44318,11.62356],[125.44338,11.62388],[125.44421,11.62387],[125.44454,11.6238],[125.4453,11.62386],[125.44632,11.62436],[125.44685,11.62455],[125.44721,11.6247],[125.44776,11.62546],[125.44798,11.62558],[125.44834,11.62531],[125.4487,11.62531],[125.44869,11.62622],[125.44898,11.62614],[125.44966,11.62649],[125.44998,11.62676],[125.45049,11.62675],[125.45053,11.62704],[125.45009,11.62723],[125.44959,11.62765],[125.44899,11.62785],[125.44891,11.62885],[125.44832,11.62963],[125.44815,11.62997],[125.44913,11.63053],[125.4503,11.62974],[125.45043,11.62957],[125.45039,11.62915],[125.45049,11.62889],[125.45091,11.62859],[125.45147,11.62844],[125.45186,11.62798],[125.45228,11.62769],[125.45251,11.62735],[125.45291,11.62721],[125.4536,11.6271],[125.45424,11.62714],[125.45464,11.62743],[125.45505,11.62751],[125.45557,11.62793],[125.45593,11.62799],[125.45642,11.62843],[125.45667,11.62845],[125.45722,11.62885],[125.45735,11.6291],[125.45649,11.63033],[125.4565,11.63077],[125.45632,11.63139],[125.45641,11.6322],[125.45678,11.63245],[125.45817,11.63281],[125.4587,11.63316],[125.45849,11.63337],[125.45901,11.63372],[125.45896,11.63417],[125.45839,11.63433],[125.45801,11.63435],[125.45742,11.6346],[125.45711,11.63461],[125.45618,11.63508],[125.45537,11.63527],[125.45488,11.63581],[125.45458,11.63591],[125.45468,11.63649],[125.45526,11.6365],[125.4558,11.6364],[125.45654,11.6364],[125.45776,11.63626],[125.45824,11.63647],[125.4584,11.63675],[125.45855,11.63737],[125.45842,11.6376],[125.45782,11.63821],[125.45753,11.63886],[125.45728,11.63895],[125.45679,11.63958],[125.45641,11.63966],[125.4562,11.64024],[125.45667,11.64106],[125.4571,11.641],[125.45734,11.64074],[125.45798,11.64068],[125.45842,11.64075],[125.45867,11.641],[125.45901,11.64111],[125.45928,11.6418],[125.45951,11.6417],[125.4604,11.64171],[125.46079,11.64199],[125.4612,11.64198],[125.46141,11.64225],[125.46183,11.64208],[125.46207,11.64233],[125.4626,11.64236],[125.46267,11.64283],[125.46309,11.64342],[125.46309,11.64371],[125.46332,11.64389],[125.46347,11.64437],[125.46339,11.64529],[125.46316,11.64576],[125.46263,11.64616],[125.46217,11.64627],[125.46176,11.64661],[125.46159,11.64651],[125.46101,11.64681],[125.46055,11.6468],[125.46025,11.64697],[125.45946,11.64707],[125.45886,11.64734],[125.45877,11.64748],[125.45808,11.64744],[125.45727,11.64789],[125.45714,11.64826],[125.45745,11.64928],[125.45734,11.65059],[125.45715,11.65074],[125.45675,11.65067],[125.45636,11.65033],[125.45605,11.6503],[125.45583,11.64997],[125.4556,11.65001],[125.45518,11.65032],[125.45453,11.65037],[125.45334,11.64996],[125.45274,11.64958],[125.45261,11.64966],[125.45213,11.64947],[125.45095,11.64955],[125.45058,11.64973],[125.45079,11.64983],[125.45053,11.65024],[125.451,11.65062],[125.45147,11.65113],[125.45237,11.6515],[125.45311,11.65152],[125.45333,11.6517],[125.45413,11.65184],[125.45471,11.6518],[125.45516,11.65191],[125.45535,11.65211],[125.45537,11.65258],[125.45525,11.6533],[125.45565,11.65356],[125.45563,11.65378],[125.45591,11.65405],[125.45606,11.6546],[125.45575,11.65526],[125.45541,11.65557],[125.45505,11.6554],[125.45459,11.65563],[125.45433,11.65597],[125.45376,11.65586],[125.45365,11.656],[125.4531,11.65613],[125.45252,11.65605],[125.45198,11.65631],[125.45137,11.65591],[125.45082,11.65563],[125.45051,11.65558],[125.45006,11.65523],[125.44974,11.65466],[125.44963,11.65429],[125.44917,11.654],[125.4489,11.65369],[125.44861,11.65392],[125.44859,11.65414],[125.44815,11.65426],[125.44771,11.65418],[125.44706,11.6542],[125.44672,11.6541],[125.44635,11.65445],[125.44625,11.65611],[125.44642,11.65744],[125.44662,11.65813],[125.44736,11.659],[125.44734,11.6595],[125.44772,11.65995],[125.44762,11.66015],[125.44773,11.66054],[125.44768,11.66105],[125.44741,11.66164],[125.44787,11.66174],[125.44787,11.66209],[125.44804,11.66227],[125.44791,11.66278],[125.44818,11.66285],[125.44851,11.66245],[125.44876,11.6623],[125.44919,11.6623],[125.44993,11.66178],[125.45052,11.66223],[125.45067,11.66213],[125.45095,11.66151],[125.45155,11.66139],[125.45254,11.66155],[125.4531,11.66199],[125.4536,11.6619],[125.45368,11.66146],[125.45395,11.66088],[125.45432,11.66074],[125.4544,11.66102],[125.45499,11.66112],[125.45532,11.66091],[125.45558,11.66094],[125.4556,11.6618],[125.45577,11.66194],[125.4561,11.66261],[125.4559,11.66329],[125.45552,11.66379],[125.45529,11.66391],[125.45508,11.66428],[125.45482,11.66446],[125.45462,11.66492],[125.45441,11.66509],[125.45424,11.66551],[125.45372,11.66569],[125.45343,11.66549],[125.45302,11.6655],[125.45277,11.66577],[125.45275,11.66609],[125.45235,11.66623],[125.45168,11.66604],[125.45142,11.66641],[125.45145,11.66674],[125.45182,11.66686],[125.45154,11.66751],[125.4519,11.66889],[125.45213,11.66913],[125.45292,11.66889],[125.45334,11.6689],[125.45401,11.66918],[125.45471,11.66886],[125.45563,11.66877],[125.45614,11.66904],[125.45634,11.66978],[125.45612,11.67033],[125.45629,11.67049],[125.45695,11.67058],[125.45714,11.67026],[125.45744,11.67009],[125.45797,11.66943],[125.45809,11.66913],[125.45856,11.66864],[125.45914,11.66827],[125.45948,11.66819],[125.46072,11.66822],[125.46144,11.66837],[125.46174,11.66894],[125.46138,11.66979],[125.46159,11.66995],[125.46125,11.67046],[125.46092,11.67054],[125.46054,11.67106],[125.46039,11.67142],[125.46084,11.6724],[125.46107,11.67209],[125.46188,11.67181],[125.46207,11.67189],[125.46227,11.67241],[125.46239,11.67309],[125.46218,11.67379],[125.46269,11.67425],[125.46284,11.67395],[125.46329,11.67376],[125.4638,11.67387],[125.4643,11.6738],[125.465,11.67352],[125.46554,11.67342],[125.46579,11.67374],[125.46638,11.67323],[125.46691,11.67291],[125.46729,11.67249],[125.46777,11.67276],[125.46811,11.67248],[125.4693,11.67192],[125.46957,11.67197],[125.46991,11.67168],[125.47045,11.67122],[125.47105,11.67097],[125.47083,11.67062],[125.47173,11.66998],[125.47198,11.66973],[125.47261,11.66932],[125.47398,11.66878],[125.47482,11.66801],[125.47505,11.66761],[125.47528,11.66761],[125.4756,11.66723],[125.4759,11.66717],[125.47626,11.66731],[125.47644,11.66703],[125.47678,11.66693],[125.47732,11.66621],[125.47795,11.66601],[125.47847,11.66563],[125.47964,11.66526],[125.4798,11.66534],[125.482,11.66536],[125.48226,11.66592],[125.48216,11.66645],[125.48217,11.66703],[125.4816,11.668],[125.4816,11.6685],[125.48176,11.66902],[125.48214,11.66945],[125.48216,11.66974],[125.4826,11.66991],[125.48299,11.67022],[125.48333,11.67068],[125.48347,11.67052],[125.48454,11.67055],[125.48485,11.66994],[125.48521,11.66939],[125.48567,11.66958],[125.48638,11.66971],[125.48669,11.67003],[125.48716,11.66986],[125.48777,11.66984],[125.48841,11.67025],[125.48872,11.67019],[125.48912,11.67051],[125.49021,11.67052],[125.49142,11.67004],[125.49213,11.67047],[125.49249,11.67123],[125.49247,11.67161],[125.49221,11.67188],[125.49226,11.67216],[125.4917,11.67297],[125.4915,11.67368],[125.49117,11.6737],[125.49094,11.67417],[125.49057,11.67393],[125.49028,11.67403],[125.48992,11.67478],[125.48899,11.67601],[125.48906,11.67658],[125.48893,11.67688],[125.48795,11.67706],[125.48732,11.67674],[125.48668,11.67674],[125.48657,11.6771],[125.48664,11.67798],[125.48717,11.67805],[125.4874,11.67831],[125.4875,11.67874],[125.48719,11.67961],[125.48687,11.67966],[125.48645,11.67989],[125.48622,11.68029],[125.48595,11.68047],[125.48539,11.68035],[125.48489,11.68099],[125.48486,11.68136],[125.48438,11.68178],[125.48428,11.6822],[125.48341,11.68165],[125.48288,11.68175],[125.48219,11.68138],[125.48187,11.68089],[125.48144,11.6807],[125.4805,11.68041],[125.47955,11.68035],[125.47884,11.68042],[125.47754,11.68068],[125.4776,11.68106],[125.47737,11.68113],[125.4772,11.68152],[125.47675,11.68132],[125.47615,11.68148],[125.47552,11.68121],[125.47546,11.68099],[125.47496,11.68077],[125.47475,11.68046],[125.4747,11.67975],[125.47416,11.67889],[125.47378,11.67859],[125.47361,11.67868],[125.47362,11.67928],[125.47403,11.67995],[125.47419,11.68106],[125.47414,11.68153],[125.47306,11.68187],[125.47314,11.68228],[125.47292,11.68274],[125.47294,11.68312],[125.47279,11.68333],[125.47245,11.68337],[125.4719,11.68366],[125.47165,11.68417],[125.47147,11.68431],[125.47126,11.68483],[125.47072,11.68538],[125.47092,11.6855],[125.47104,11.68598],[125.47179,11.68571],[125.4724,11.68598],[125.47285,11.68595],[125.47389,11.6863],[125.47456,11.6864],[125.47491,11.68594],[125.47565,11.68604],[125.47579,11.68643],[125.47628,11.68658],[125.47664,11.68727],[125.47668,11.68795],[125.47742,11.68844],[125.47794,11.68843],[125.47852,11.68895],[125.479,11.68923],[125.47979,11.6895],[125.48026,11.68959],[125.48071,11.68988],[125.48101,11.69022],[125.48172,11.69072],[125.4821,11.69118],[125.48197,11.69157],[125.48167,11.69178],[125.48189,11.69202],[125.48189,11.69247],[125.48157,11.69303],[125.48195,11.69315],[125.48203,11.69342],[125.4819,11.69405],[125.48171,11.69429],[125.48256,11.69458],[125.48277,11.69502],[125.48256,11.69555],[125.48206,11.69588],[125.48171,11.69593],[125.48163,11.69629],[125.48079,11.69699],[125.48066,11.69776],[125.48088,11.69812],[125.48092,11.69846],[125.4808,11.69874],[125.48029,11.69898],[125.47944,11.69896],[125.47872,11.69903],[125.47753,11.69898],[125.47705,11.69884],[125.47616,11.69827],[125.47563,11.69784],[125.47527,11.6979],[125.47449,11.69869],[125.47412,11.69864],[125.47472,11.69921],[125.47456,11.69937],[125.47401,11.69922],[125.47409,11.69985],[125.47437,11.69994],[125.47441,11.7004],[125.47433,11.70093],[125.47385,11.70164],[125.474,11.70218],[125.47383,11.70262],[125.47304,11.7029],[125.473,11.70329],[125.47189,11.70391],[125.47147,11.70395],[125.47121,11.70424],[125.47084,11.70444],[125.47099,11.70494],[125.47092,11.70514],[125.47181,11.70543],[125.47214,11.70546],[125.47207,11.706],[125.47222,11.70621],[125.47187,11.70683],[125.4721,11.70726],[125.47185,11.70773],[125.47171,11.70829],[125.47209,11.70854],[125.47199,11.70893],[125.47228,11.70999],[125.47213,11.71014],[125.47223,11.71104],[125.47261,11.71208],[125.47329,11.71319],[125.47345,11.71301],[125.47402,11.71287],[125.47422,11.71315],[125.47425,11.7135],[125.47409,11.71375],[125.47437,11.71397],[125.47485,11.71355],[125.47465,11.71296],[125.47505,11.7129],[125.47514,11.71317],[125.47552,11.71307],[125.47504,11.71225],[125.47525,11.7118],[125.47577,11.71146],[125.47676,11.71114],[125.47713,11.71111],[125.47744,11.71125],[125.47781,11.7112],[125.47837,11.71151],[125.47847,11.71186],[125.47889,11.71182],[125.47933,11.71244],[125.47943,11.71316],[125.47896,11.71355],[125.47868,11.71434],[125.47861,11.71497],[125.47825,11.71487],[125.47801,11.71502],[125.47739,11.71489],[125.47701,11.71493],[125.4768,11.71512],[125.47635,11.7152],[125.47573,11.7151],[125.47556,11.71563],[125.47459,11.71611],[125.47474,11.71667],[125.47443,11.71705],[125.47493,11.71737],[125.47456,11.71769],[125.47413,11.71842],[125.47398,11.71899],[125.47368,11.71929],[125.47328,11.71886],[125.47305,11.71845],[125.47272,11.71945],[125.4687,11.71484],[125.46515,11.71295],[125.45984,11.71111],[125.4548,11.7089],[125.45219,11.7085],[125.44712,11.70937],[125.44482,11.711],[125.44393,11.71113],[125.44319,11.71034],[125.44238,11.70976],[125.4403,11.70918],[125.43326,11.70721],[125.39968,11.70967],[125.37781,11.69975],[125.34035,11.69061],[125.29521,11.67887],[125.28288,11.67566],[125.25419,11.6579],[125.23009,11.63976],[125.21764,11.62707],[125.18023,11.63843],[125.17875,11.61925],[125.17757,11.6036],[125.17167,11.58324],[125.16724,11.57291],[125.16104,11.56405],[125.21039,11.55084],[125.21309,11.54374],[125.21642,11.52838],[125.22234,11.51619],[125.22198,11.4862],[125.21329,11.47111],[125.2142,11.47111],[125.21474,11.47153],[125.21528,11.47158],[125.21574,11.47181],[125.21583,11.47215],[125.21632,11.47227],[125.21722,11.47212],[125.21777,11.47182],[125.2178,11.47057],[125.21734,11.46974],[125.21724,11.46906],[125.21768,11.46863],[125.21824,11.46857],[125.21866,11.46837],[125.21926,11.46845],[125.21994,11.46893],[125.22045,11.46845],[125.22049,11.46796],[125.22099,11.46733],[125.22138,11.46713],[125.22154,11.46672],[125.22146,11.46627],[125.22021,11.46576],[125.21979,11.46552],[125.21963,11.46498],[125.21982,11.46474],[125.22028,11.46444],[125.2213,11.46412],[125.22097,11.46337],[125.22085,11.46291],[125.22122,11.46267],[125.22157,11.46267],[125.22186,11.46295],[125.22293,11.46434],[125.22322,11.46504],[125.22361,11.46543],[125.22398,11.46542],[125.22442,11.46519],[125.22507,11.46447],[125.2254,11.46426],[125.22571,11.46429],[125.22593,11.46474],[125.22618,11.46488],[125.22668,11.46457],[125.22686,11.46357],[125.22722,11.46338],[125.22936,11.46299],[125.22983,11.46314],[125.23002,11.46347],[125.22999,11.46399],[125.22966,11.46429],[125.22895,11.46475],[125.22865,11.46541],[125.22883,11.46572],[125.22959,11.46604],[125.23018,11.46644],[125.23069,11.46649],[125.23182,11.46642],[125.23261,11.46705],[125.23285,11.46767],[125.23253,11.46843],[125.23281,11.46902],[125.23377,11.46952],[125.23494,11.46968],[125.23566,11.46935],[125.23567,11.46891],[125.23547,11.46839],[125.23509,11.46799],[125.2349,11.46764],[125.23465,11.46663],[125.23472,11.4662],[125.23574,11.465],[125.2359,11.46457],[125.2359,11.4638],[125.2362,11.46289],[125.236,11.46248],[125.23598,11.46211],[125.23626,11.46193],[125.2367,11.46207],[125.23704,11.46233],[125.23795,11.46258],[125.23806,11.46282],[125.23784,11.4633],[125.23794,11.46355],[125.23855,11.46409],[125.2391,11.46492],[125.2398,11.46536],[125.24033,11.46526],[125.24048,11.46432],[125.24093,11.46418],[125.24112,11.46501],[125.24158,11.4651],[125.24209,11.46477],[125.24221,11.46434],[125.24193,11.46343],[125.24196,11.46294],[125.24218,11.46271],[125.24259,11.46272],[125.24337,11.46288],[125.24367,11.4631],[125.24375,11.4636],[125.24379,11.46513],[125.24393,11.466],[125.24397,11.46742],[125.24366,11.46887],[125.24375,11.46954],[125.24395,11.46992],[125.24432,11.47018],[125.24583,11.47083],[125.24675,11.4715],[125.24707,11.47192],[125.24721,11.4725],[125.24731,11.47387],[125.24746,11.47433],[125.24774,11.47468],[125.24802,11.47525],[125.24813,11.47635],[125.24928,11.47976],[125.25037,11.48152],[125.25105,11.48226],[125.25211,11.483],[125.25303,11.48337],[125.25517,11.48408],[125.25623,11.48431],[125.25814,11.48437],[125.25898,11.48464],[125.25955,11.48498],[125.25985,11.48529],[125.26044,11.48564],[125.26105,11.48614],[125.26164,11.48632],[125.26205,11.48603],[125.26225,11.48557],[125.26214,11.48492],[125.26225,11.48422],[125.26283,11.48406],[125.2631,11.48415],[125.26323,11.48445],[125.26372,11.48498],[125.26407,11.48568],[125.26455,11.48613],[125.26597,11.48711],[125.26678,11.48788],[125.26762,11.48844],[125.26873,11.48957],[125.2692,11.4899],[125.26983,11.49005],[125.27034,11.49003],[125.27064,11.48977],[125.27062,11.4894],[125.27038,11.48893],[125.26939,11.48823],[125.26909,11.48782],[125.26907,11.48735],[125.26922,11.48676],[125.26956,11.4863],[125.27049,11.48606],[125.27142,11.48558],[125.27212,11.48556],[125.27255,11.48572],[125.27301,11.48616],[125.27359,11.4865],[125.27485,11.48679],[125.27619,11.487],[125.27687,11.48695],[125.27756,11.48659],[125.27866,11.4856],[125.27971,11.48421],[125.27983,11.48339],[125.2798,11.48238],[125.2803,11.4792],[125.28054,11.47857],[125.28113,11.47824],[125.2815,11.47783],[125.2825,11.47711],[125.28311,11.47694],[125.28405,11.47685],[125.28674,11.47745],[125.28735,11.47787],[125.28814,11.4782],[125.28853,11.47859],[125.28922,11.47895],[125.28971,11.47889],[125.29031,11.47836],[125.29071,11.47761],[125.29059,11.47642],[125.2901,11.47439],[125.28998,11.47341],[125.29007,11.47304],[125.29026,11.47298],[125.2906,11.4732],[125.29143,11.47335],[125.29197,11.47354],[125.29301,11.47376],[125.29372,11.47413],[125.29427,11.4747],[125.29435,11.47496],[125.29548,11.47515],[125.29695,11.47545],[125.29762,11.47548],[125.2985,11.47514],[125.29934,11.47446],[125.2998,11.47398],[125.30089,11.47384],[125.30221,11.47372],[125.30328,11.4738],[125.30443,11.47407],[125.30545,11.47439],[125.30588,11.47471],[125.30686,11.47486],[125.30711,11.47476],[125.30752,11.47425],[125.30779,11.47355],[125.30845,11.4731],[125.30912,11.47283],[125.3099,11.4728],[125.31026,11.47318],[125.31024,11.47382],[125.31048,11.4747],[125.31103,11.47558],[125.31152,11.47609],[125.31185,11.4762],[125.31275,11.47618],[125.31314,11.47625],[125.31388,11.4766],[125.31504,11.47756],[125.31575,11.4782],[125.31677,11.47878],[125.31745,11.47892],[125.31834,11.47873],[125.31915,11.47828],[125.32022,11.47748],[125.32149,11.47662],[125.32262,11.47557],[125.32357,11.47459],[125.32429,11.47354],[125.32506,11.47273],[125.3255,11.47244],[125.32596,11.47229],[125.32676,11.47228],[125.3273,11.47254],[125.32772,11.4729],[125.32795,11.47343],[125.32806,11.47397],[125.32805,11.47453],[125.32776,11.47545],[125.3275,11.47589],[125.32668,11.47703],[125.32598,11.47836],[125.32576,11.47889],[125.32562,11.47966],[125.32509,11.48038],[125.32462,11.48087],[125.32445,11.48124],[125.32422,11.48215],[125.32418,11.48369],[125.32428,11.48428],[125.3246,11.48449],[125.32542,11.4844],[125.32671,11.48393],[125.32758,11.48391],[125.32878,11.48416],[125.33106,11.48453],[125.33201,11.48474],[125.33231,11.48499],[125.33338,11.48645],[125.33459,11.48838],[125.3362,11.48967],[125.33728,11.49022],[125.33775,11.4904],[125.33823,11.49072],[125.33919,11.49183],[125.33972,11.49219],[125.34011,11.49263],[125.34072,11.49372],[125.34122,11.49392],[125.34155,11.49387],[125.34218,11.49334],[125.3429,11.49314],[125.34399,11.49252],[125.3448,11.49247],[125.34509,11.49268],[125.34523,11.49301],[125.34569,11.49334],[125.34608,11.49382],[125.34678,11.49408],[125.34783,11.49405],[125.3487,11.49415],[125.34981,11.49392],[125.35017,11.49378],[125.351,11.49367],[125.35156,11.49308],[125.35228,11.49186],[125.35252,11.49167],[125.35312,11.49146],[125.35406,11.49081],[125.35462,11.49057],[125.35538,11.49055],[125.35614,11.4911],[125.35711,11.4914],[125.35796,11.4913],[125.35826,11.49107],[125.3596,11.48972],[125.3611,11.48907],[125.36179,11.48839],[125.36273,11.48781],[125.36337,11.48724],[125.36397,11.48632],[125.3656,11.48522],[125.36622,11.48466],[125.36695,11.48355],[125.36778,11.4824],[125.36894,11.48041],[125.36957,11.47958],[125.37011,11.47906],[125.37062,11.47892],[125.37143,11.47889],[125.37206,11.4786],[125.37271,11.47902],[125.37305,11.47984],[125.37304,11.48033],[125.37288,11.48103],[125.37292,11.48197],[125.3727,11.48255],[125.37281,11.48319],[125.3734,11.48383],[125.37437,11.48441],[125.37595,11.48484],[125.3768,11.48564],[125.37693,11.48664],[125.3769,11.4871],[125.37636,11.48861],[125.37657,11.48952],[125.37683,11.48989],[125.37718,11.49006],[125.37837,11.48997],[125.37978,11.48932],[125.38103,11.48868],[125.38292,11.48686],[125.38354,11.48635],[125.38448,11.48598],[125.38556,11.48585],[125.38655,11.48585],[125.38793,11.48642],[125.39061,11.48719],[125.39141,11.48718],[125.39194,11.48707],[125.39222,11.48688],[125.39242,11.48636],[125.39286,11.48572],[125.39339,11.48551],[125.39441,11.48531],[125.39623,11.4844],[125.39664,11.48436],[125.39732,11.48452],[125.39809,11.48504],[125.39957,11.48594],[125.40104,11.48755],[125.40115,11.48784],[125.4015,11.48803],[125.40207,11.48788],[125.40274,11.48744],[125.40312,11.48699],[125.40385,11.4866],[125.40462,11.48597],[125.40481,11.48564],[125.40509,11.48463],[125.40519,11.48354],[125.40509,11.48308],[125.40487,11.48278],[125.4045,11.48194],[125.40458,11.48147],[125.40487,11.48105],[125.40508,11.48053],[125.40483,11.48005],[125.405,11.47962],[125.4054,11.47922],[125.40605,11.47887],[125.40662,11.4787],[125.40695,11.47877],[125.40723,11.47925],[125.40751,11.48015],[125.40823,11.48125],[125.40886,11.48184],[125.41041,11.4828],[125.41134,11.48309],[125.41245,11.48352],[125.41331,11.48367],[125.41592,11.48357],[125.41662,11.48372],[125.41778,11.4846],[125.41898,11.48559],[125.4194,11.48575],[125.42022,11.48581],[125.42075,11.48607],[125.42158,11.48676],[125.42179,11.48715],[125.42197,11.48784],[125.42167,11.4888],[125.421,11.48908],[125.42046,11.48943],[125.42011,11.48981],[125.41981,11.49032],[125.41967,11.49102],[125.41955,11.49224],[125.41958,11.49285],[125.41976,11.49357],[125.4207,11.49477],[125.42101,11.4955],[125.42112,11.49616],[125.42101,11.49644],[125.42058,11.49682],[125.41827,11.49749],[125.41798,11.4978],[125.41782,11.49841],[125.41757,11.49878],[125.41723,11.49965],[125.41718,11.50077],[125.41761,11.50229],[125.41794,11.50279],[125.41836,11.50313],[125.41944,11.50447],[125.42006,11.50488],[125.42113,11.50541],[125.4217,11.50548],[125.42234,11.50541],[125.42299,11.50497],[125.42324,11.50411],[125.42341,11.50295],[125.42375,11.50211],[125.42435,11.50148],[125.42476,11.5013],[125.42568,11.50138],[125.42629,11.50163],[125.42687,11.50207],[125.42732,11.50327],[125.42767,11.5038],[125.42821,11.50416],[125.42929,11.50436],[125.4298,11.50432],[125.43033,11.50412],[125.43067,11.50359],[125.43058,11.50312],[125.42943,11.50046],[125.42936,11.49954],[125.42986,11.49887],[125.43055,11.49874],[125.43096,11.49882],[125.43144,11.49917],[125.43244,11.5011],[125.43301,11.5016],[125.43391,11.50273],[125.43491,11.50346],[125.4364,11.50444],[125.4379,11.50506],[125.43932,11.50543],[125.44232,11.5057],[125.44369,11.50555],[125.44459,11.50572],[125.44752,11.50701],[125.44896,11.50755],[125.44943,11.50778],[125.44979,11.5081],[125.45081,11.50954],[125.45175,11.51022],[125.45684,11.51408],[125.45712,11.51446],[125.45725,11.51534],[125.45743,11.51652],[125.45727,11.51751],[125.45564,11.52124],[125.4551,11.52235],[125.45351,11.52387],[125.45209,11.5256],[125.45174,11.52676],[125.4518,11.52722],[125.45255,11.52856],[125.4529,11.52948],[125.45327,11.53135],[125.45328,11.53211],[125.45367,11.53531],[125.45391,11.536],[125.45423,11.53671],[125.45496,11.53722],[125.45613,11.5377],[125.45754,11.53786],[125.45918,11.53855],[125.46107,11.53985],[125.46217,11.54038],[125.46334,11.54064],[125.46436,11.54097],[125.46544,11.54152],[125.46659,11.54205],[125.46766,11.54292],[125.46996,11.54462],[125.47018,11.54504],[125.46956,11.54528],[125.46959,11.54595],[125.46974,11.54679],[125.47002,11.54735],[125.47072,11.54779],[125.47138,11.54813],[125.47202,11.54826],[125.47231,11.54855],[125.47308,11.5489],[125.47343,11.54918],[125.47352,11.55015],[125.47278,11.55052],[125.47233,11.55095],[125.47231,11.5512],[125.47191,11.55123],[125.47119,11.55281],[125.47073,11.55389],[125.47033,11.55465],[125.47035,11.55499],[125.46992,11.55554],[125.46985,11.55595],[125.46954,11.55671],[125.4696,11.55707],[125.46945,11.55744],[125.46954,11.55795],[125.46922,11.55853],[125.46907,11.55923],[125.46884,11.55964],[125.46878,11.56014],[125.46887,11.56075],[125.46865,11.56092],[125.46831,11.5615],[125.46814,11.56288],[125.46795,11.5633],[125.46788,11.5638],[125.46801,11.5641],[125.46785,11.56456],[125.46761,11.56483],[125.46783,11.56518],[125.46765,11.56568],[125.46782,11.56639],[125.4683,11.56666],[125.46825,11.56714],[125.46805,11.56753],[125.46786,11.56823],[125.46756,11.56846],[125.46756,11.56882],[125.46737,11.56896],[125.46752,11.57038],[125.46743,11.57141],[125.4679,11.57219],[125.46796,11.57272],[125.46815,11.57314],[125.46799,11.57419],[125.46817,11.57444],[125.46824,11.57526],[125.46832,11.57544],[125.46827,11.57611],[125.46838,11.577],[125.46853,11.57753],[125.4685,11.57818],[125.46861,11.57867],[125.46864,11.57969],[125.46889,11.57998],[125.46905,11.58095],[125.46922,11.58174],[125.46951,11.58222],[125.46948,11.58252],[125.46997,11.58386],[125.47049,11.58492],[125.47119,11.58577],[125.47141,11.58585],[125.47176,11.58656],[125.47236,11.58724],[125.47247,11.58785],[125.47276,11.58821],[125.47289,11.58923],[125.47332,11.58967],[125.47368,11.58985],[125.47435,11.59052],[125.47473,11.5907],[125.47482,11.59093],[125.47402,11.59161],[125.47345,11.5919],[125.47335,11.59209],[125.47289,11.59215],[125.47214,11.59289],[125.47174,11.59306],[125.47126,11.59291],[125.4709,11.59306],[125.47037,11.5929],[125.47008,11.59257],[125.46992,11.59296],[125.46952,11.59293],[125.46907,11.59316],[125.46861,11.593],[125.46844,11.59276],[125.46819,11.59301],[125.46782,11.59305],[125.46752,11.59289],[125.46728,11.59308],[125.46658,11.59289],[125.46593,11.59262],[125.46575,11.59281],[125.46508,11.59216],[125.46454,11.59194],[125.4641,11.59161],[125.46407,11.59133],[125.46373,11.59231],[125.46351,11.59227],[125.46334,11.59286],[125.46308,11.59328],[125.46252,11.59341],[125.46203,11.59324],[125.46102,11.59327],[125.46035,11.59291],[125.46016,11.59263],[125.45962,11.59297],[125.45895,11.59273],[125.45865,11.59216],[125.4578,11.59186],[125.45725,11.59202],[125.45663,11.59173],[125.45685,11.59116],[125.45659,11.59047],[125.45615,11.58965],[125.45616,11.58917],[125.45577,11.58871],[125.4556,11.58882],[125.45516,11.58841],[125.45489,11.58804],[125.45428,11.58754],[125.4526,11.5878],[125.45196,11.58793],[125.45117,11.58821],[125.4508,11.58827],[125.45035,11.58851],[125.44995,11.58918],[125.44927,11.58926],[125.4489,11.58922],[125.44823,11.58958],[125.44717,11.59027],[125.44668,11.59069],[125.44606,11.5912],[125.44519,11.5921],[125.44489,11.59268],[125.44458,11.59295],[125.44387,11.59405],[125.4436,11.59462],[125.4434,11.5947],[125.44305,11.5953],[125.44262,11.59563],[125.44207,11.59589],[125.44215,11.59657],[125.44222,11.59735],[125.44213,11.59769],[125.44229,11.59792],[125.44214,11.59847],[125.44185,11.59925],[125.44168,11.5994],[125.44158,11.59996],[125.44169,11.60067],[125.44182,11.60103],[125.44169,11.60154],[125.44211,11.60237],[125.44264,11.60306],[125.44285,11.60291],[125.44329,11.60318],[125.44331,11.60355],[125.44358,11.60394],[125.444,11.60411],[125.44435,11.60447],[125.44482,11.60452],[125.44509,11.60472],[125.44554,11.6048],[125.44619,11.60543],[125.44678,11.60549],[125.4468,11.60564],[125.44744,11.60593],[125.44766,11.60628],[125.44738,11.60641],[125.44753,11.60683],[125.44741,11.60758],[125.44639,11.6073],[125.44611,11.60758],[125.44571,11.60901],[125.44547,11.60986],[125.44535,11.60982],[125.44591,11.60784],[125.44554,11.60772],[125.44565,11.60725],[125.44544,11.60713],[125.44444,11.60695],[125.44382,11.60697],[125.44325,11.60708],[125.4419,11.60765],[125.44141,11.60777],[125.44098,11.60771],[125.44032,11.60777],[125.44002,11.60757],[125.43971,11.60659],[125.43947,11.60633],[125.43924,11.6068]]],[[[125.48093,11.64714],[125.48035,11.64717],[125.47907,11.64698],[125.47812,11.64653],[125.47759,11.64638],[125.4769,11.64517],[125.47669,11.64471],[125.47703,11.64427],[125.47772,11.64393],[125.47802,11.64361],[125.47809,11.64298],[125.47849,11.64198],[125.47891,11.64105],[125.47921,11.64058],[125.47957,11.64043],[125.48,11.63981],[125.48044,11.63932],[125.48058,11.63889],[125.48182,11.63828],[125.48265,11.63763],[125.48312,11.63703],[125.48346,11.63628],[125.48368,11.63565],[125.48438,11.63418],[125.48527,11.63301],[125.4859,11.63265],[125.48729,11.63202],[125.48766,11.63111],[125.48787,11.63079],[125.48924,11.63038],[125.48951,11.6304],[125.4894,11.63192],[125.4894,11.63246],[125.48911,11.63448],[125.4886,11.63619],[125.48811,11.6372],[125.48754,11.63798],[125.48704,11.63841],[125.48623,11.64006],[125.4859,11.64054],[125.4857,11.64115],[125.48553,11.64227],[125.48577,11.64354],[125.48603,11.64409],[125.48609,11.64459],[125.48719,11.64548],[125.48797,11.64565],[125.48831,11.64594],[125.48854,11.64666],[125.48833,11.64678],[125.48758,11.64682],[125.48701,11.64674],[125.48653,11.64653],[125.48596,11.64594],[125.4853,11.64579],[125.48469,11.64594],[125.48401,11.64625],[125.48325,11.6465],[125.48278,11.64674],[125.48179,11.64691],[125.48093,11.64714]]],[[[125.49844,11.60141],[125.49807,11.60149],[125.49773,11.60138],[125.49729,11.60146],[125.4967,11.60114],[125.49657,11.60087],[125.49678,11.59994],[125.49649,11.59886],[125.49647,11.59789],[125.49665,11.59781],[125.49712,11.59698],[125.49728,11.59646],[125.49775,11.59558],[125.49807,11.59426],[125.49824,11.59401],[125.49856,11.59391],[125.49884,11.59439],[125.49915,11.59444],[125.49964,11.59401],[125.50026,11.5937],[125.50112,11.59264],[125.50189,11.59264],[125.50222,11.59314],[125.50301,11.59351],[125.50367,11.59359],[125.5039,11.59308],[125.50429,11.59304],[125.50448,11.5932],[125.50446,11.59389],[125.50463,11.59391],[125.50463,11.59455],[125.50487,11.59557],[125.50482,11.59601],[125.50485,11.59708],[125.50472,11.59769],[125.50451,11.59827],[125.50392,11.59957],[125.50311,11.60051],[125.50259,11.6012],[125.50216,11.6014],[125.50182,11.60139],[125.50123,11.60089],[125.50048,11.60069],[125.4998,11.60085],[125.49903,11.60114],[125.49896,11.60133],[125.49844,11.60141]]],[[[125.46936,11.64498],[125.46982,11.64499],[125.47009,11.64547],[125.46947,11.64576],[125.46865,11.64585],[125.46839,11.64564],[125.46856,11.64526],[125.46897,11.64498],[125.46936,11.64498]]]]}},{"type":"Feature","properties":{"code":"0806003000","name":"Calbayog City","kind":"City","provinceCode":"0806000000","province":"Samar Province","areaKm2":876,"labelPoint":[124.56656,12.15877]},"geometry":{"type":"Polygon","coordinates":[[[124.45113,12.15064],[124.45182,12.14958],[124.45212,12.14891],[124.45225,12.14827],[124.45221,12.14757],[124.45195,12.14704],[124.45113,12.14668],[124.45111,12.14633],[124.45211,12.14673],[124.45264,12.14649],[124.4533,12.14585],[124.45384,12.14496],[124.45422,12.14406],[124.45452,12.14218],[124.45407,12.14212],[124.45403,12.14101],[124.45358,12.14033],[124.4539,12.13974],[124.45318,12.13943],[124.45296,12.13882],[124.4527,12.13853],[124.4518,12.13866],[124.45069,12.13803],[124.45067,12.13755],[124.45119,12.13724],[124.45139,12.13669],[124.45202,12.13593],[124.45235,12.1358],[124.45276,12.13605],[124.45298,12.13665],[124.45347,12.13735],[124.45363,12.13793],[124.45477,12.13823],[124.45618,12.13809],[124.4565,12.13786],[124.45695,12.13798],[124.45728,12.13766],[124.4577,12.13778],[124.45756,12.13837],[124.45804,12.1387],[124.4593,12.13845],[124.4597,12.13822],[124.45979,12.13783],[124.46023,12.13759],[124.46057,12.13777],[124.46144,12.13744],[124.46186,12.13715],[124.46233,12.13653],[124.46307,12.13574],[124.46307,12.13534],[124.46316,12.13495],[124.46307,12.13409],[124.46353,12.13341],[124.46351,12.13295],[124.46419,12.1328],[124.46453,12.13287],[124.46503,12.13335],[124.46553,12.1329],[124.46548,12.13192],[124.46587,12.13166],[124.46675,12.13176],[124.46714,12.13156],[124.46717,12.13123],[124.46758,12.1306],[124.46746,12.13017],[124.46665,12.12987],[124.4662,12.12985],[124.46586,12.12959],[124.46596,12.12898],[124.46633,12.12856],[124.4671,12.12818],[124.46764,12.12736],[124.46733,12.12657],[124.46799,12.12656],[124.46846,12.12574],[124.46824,12.12477],[124.46845,12.12471],[124.46895,12.12531],[124.46926,12.12541],[124.47039,12.12514],[124.47079,12.12478],[124.47104,12.12372],[124.47145,12.12321],[124.47226,12.12298],[124.47261,12.12233],[124.47253,12.12186],[124.47175,12.12113],[124.4712,12.12033],[124.47162,12.11969],[124.47176,12.11917],[124.47147,12.11895],[124.47129,12.11848],[124.47159,12.11807],[124.47302,12.11779],[124.4731,12.11745],[124.47293,12.1162],[124.47369,12.1156],[124.47428,12.11538],[124.47439,12.11437],[124.47366,12.11348],[124.47297,12.11307],[124.47325,12.11251],[124.47383,12.11262],[124.47485,12.11176],[124.47577,12.11128],[124.47582,12.111],[124.47633,12.11075],[124.47671,12.1109],[124.47676,12.11167],[124.47728,12.11142],[124.47767,12.11033],[124.47751,12.10953],[124.4769,12.10938],[124.47632,12.10901],[124.47485,12.10882],[124.47509,12.10848],[124.47712,12.10866],[124.47801,12.10942],[124.47959,12.10897],[124.47981,12.10873],[124.48057,12.10726],[124.48061,12.10703],[124.4812,12.10659],[124.48257,12.10516],[124.4827,12.10448],[124.48258,12.10393],[124.48198,12.10294],[124.48182,12.10213],[124.48188,12.10155],[124.48221,12.10089],[124.4828,12.10021],[124.48321,12.10023],[124.4835,12.10096],[124.48349,12.10172],[124.48388,12.10224],[124.48382,12.103],[124.48451,12.10324],[124.48525,12.10335],[124.4863,12.10331],[124.48667,12.10258],[124.48721,12.10199],[124.48803,12.10186],[124.48879,12.10129],[124.49007,12.10006],[124.4907,12.09935],[124.49091,12.09895],[124.49085,12.09854],[124.49132,12.09843],[124.49225,12.09871],[124.49298,12.0994],[124.49379,12.09917],[124.49435,12.09878],[124.49516,12.09802],[124.49587,12.09714],[124.49592,12.09679],[124.49658,12.0966],[124.49769,12.09534],[124.49779,12.09514],[124.49853,12.09474],[124.49923,12.09543],[124.49976,12.09521],[124.50043,12.09463],[124.50082,12.09382],[124.5013,12.0934],[124.50162,12.09292],[124.50235,12.09305],[124.50281,12.09246],[124.5031,12.09171],[124.5038,12.09175],[124.50394,12.09106],[124.50391,12.09072],[124.50302,12.0901],[124.50349,12.08974],[124.50356,12.08936],[124.50318,12.08866],[124.50292,12.0878],[124.50214,12.08717],[124.50211,12.08664],[124.50156,12.08635],[124.50133,12.08541],[124.50095,12.08459],[124.50028,12.08408],[124.50019,12.08319],[124.5007,12.08311],[124.5015,12.0834],[124.50172,12.08312],[124.50335,12.08382],[124.50357,12.08371],[124.5041,12.08397],[124.50514,12.08383],[124.50574,12.08352],[124.50634,12.08298],[124.50699,12.08214],[124.5071,12.08165],[124.50784,12.08159],[124.50823,12.08204],[124.50908,12.08167],[124.50954,12.08182],[124.51001,12.08258],[124.5113,12.08203],[124.51162,12.08278],[124.51197,12.08271],[124.51246,12.08222],[124.5131,12.08132],[124.51365,12.07989],[124.51358,12.07933],[124.51325,12.07889],[124.51292,12.07803],[124.51262,12.07787],[124.51244,12.07739],[124.51186,12.07659],[124.51192,12.07621],[124.5123,12.07585],[124.51306,12.07586],[124.51321,12.07556],[124.51426,12.07567],[124.51435,12.07493],[124.51454,12.07457],[124.51504,12.0752],[124.5153,12.0759],[124.51663,12.0764],[124.51732,12.07696],[124.51878,12.07668],[124.51906,12.07725],[124.51955,12.07722],[124.51979,12.07664],[124.52016,12.07635],[124.52125,12.076],[124.5223,12.07603],[124.52247,12.07647],[124.52225,12.0771],[124.52165,12.07766],[124.52181,12.07793],[124.52193,12.0776],[124.52253,12.07712],[124.52259,12.07612],[124.52159,12.07575],[124.52184,12.07545],[124.52222,12.07575],[124.52278,12.07531],[124.52262,12.07479],[124.52341,12.07374],[124.52353,12.07298],[124.52344,12.07264],[124.52395,12.07147],[124.524,12.07092],[124.52471,12.06966],[124.52512,12.06914],[124.52571,12.06722],[124.5261,12.06622],[124.52719,12.06445],[124.52776,12.06387],[124.5279,12.06351],[124.52859,12.06316],[124.52915,12.06265],[124.53,12.06247],[124.5303,12.06224],[124.53103,12.06242],[124.53157,12.06217],[124.53203,12.06222],[124.53349,12.06292],[124.5356,12.06477],[124.53568,12.06496],[124.5364,12.0646],[124.53683,12.06438],[124.53643,12.06377],[124.53616,12.06286],[124.53649,12.06272],[124.53631,12.06204],[124.53595,12.06185],[124.53584,12.06086],[124.53603,12.06058],[124.53597,12.0601],[124.53559,12.05979],[124.53605,12.05946],[124.53574,12.05826],[124.5363,12.05817],[124.53694,12.05825],[124.53774,12.05799],[124.53841,12.05797],[124.53919,12.05808],[124.53969,12.05799],[124.54036,12.05817],[124.54127,12.05803],[124.54144,12.05825],[124.54255,12.05857],[124.54352,12.05894],[124.54377,12.05872],[124.54444,12.05897],[124.54485,12.05886],[124.54525,12.05925],[124.54623,12.05901],[124.54675,12.05911],[124.54714,12.05943],[124.54789,12.05974],[124.54929,12.05989],[124.54974,12.06027],[124.55017,12.06037],[124.55128,12.06022],[124.55205,12.06055],[124.55227,12.06116],[124.5531,12.06167],[124.55434,12.06175],[124.55515,12.06193],[124.55715,12.06323],[124.55923,12.06393],[124.56043,12.06451],[124.56181,12.06487],[124.5629,12.06497],[124.56317,12.06595],[124.56432,12.06629],[124.56474,12.06618],[124.56569,12.06645],[124.56585,12.06703],[124.56639,12.06657],[124.56693,12.06633],[124.56747,12.06594],[124.56793,12.06609],[124.56819,12.06641],[124.56875,12.0661],[124.56883,12.06652],[124.56946,12.06619],[124.56978,12.06651],[124.57033,12.06631],[124.57077,12.06669],[124.57151,12.06617],[124.57199,12.06605],[124.5727,12.06563],[124.57318,12.06552],[124.57404,12.06581],[124.57495,12.06571],[124.57493,12.06537],[124.57592,12.06541],[124.5764,12.06578],[124.5766,12.0654],[124.57739,12.06514],[124.57839,12.06546],[124.57923,12.06527],[124.58077,12.0651],[124.58121,12.06522],[124.5823,12.06509],[124.58296,12.06511],[124.58352,12.06545],[124.58415,12.06543],[124.58507,12.06509],[124.58567,12.06548],[124.58646,12.06505],[124.58783,12.06489],[124.58823,12.06497],[124.58897,12.06433],[124.58965,12.06451],[124.58976,12.06415],[124.59028,12.06392],[124.5906,12.06424],[124.59099,12.06429],[124.59131,12.0646],[124.59165,12.06458],[124.59152,12.06131],[124.59256,12.05994],[124.59272,12.06013],[124.59176,12.06137],[124.59182,12.06338],[124.59269,12.06328],[124.59397,12.06325],[124.59437,12.06335],[124.59537,12.0634],[124.5958,12.06331],[124.59673,12.06332],[124.59756,12.06322],[124.59755,12.06357],[124.59725,12.06395],[124.59671,12.06358],[124.59591,12.06355],[124.59546,12.06375],[124.59432,12.06362],[124.59377,12.06367],[124.59324,12.06354],[124.59289,12.06369],[124.59281,12.06433],[124.59322,12.06416],[124.59396,12.06502],[124.59413,12.06556],[124.59446,12.0659],[124.59479,12.06541],[124.5952,12.06515],[124.59573,12.06523],[124.59617,12.06483],[124.59663,12.06477],[124.59686,12.06432],[124.59767,12.06412],[124.59786,12.06428],[124.59891,12.06426],[124.60009,12.06402],[124.60042,12.06378],[124.60153,12.06355],[124.60244,12.06299],[124.603,12.06304],[124.60416,12.06275],[124.60518,12.06241],[124.60657,12.06157],[124.60748,12.06115],[124.60903,12.06013],[124.60971,12.06001],[124.61008,12.05961],[124.61134,12.05925],[124.61195,12.05892],[124.61289,12.05878],[124.61377,12.0584],[124.61576,12.057],[124.61658,12.05654],[124.61734,12.05645],[124.61816,12.05609],[124.61891,12.05612],[124.61959,12.05584],[124.62073,12.05589],[124.62172,12.05566],[124.62372,12.05552],[124.62441,12.0553],[124.62558,12.0551],[124.62617,12.05462],[124.62739,12.05409],[124.6278,12.05355],[124.62878,12.05283],[124.63003,12.05238],[124.63068,12.0523],[124.63205,12.05199],[124.63281,12.05174],[124.63361,12.05189],[124.6341,12.05266],[124.63518,12.05254],[124.63582,12.05218],[124.63707,12.05124],[124.63737,12.05112],[124.63856,12.05015],[124.63986,12.04886],[124.6407,12.04832],[124.6454,12.05029],[124.64671,12.05202],[124.65318,12.05867],[124.65533,12.0609],[124.66035,12.06662],[124.67407,12.0794],[124.68066,12.08572],[124.68889,12.09852],[124.69662,12.10697],[124.71307,12.12495],[124.73203,12.13114],[124.74658,12.1424],[124.75018,12.1443],[124.76409,12.15647],[124.76931,12.15773],[124.77982,12.16003],[124.78421,12.1613],[124.80068,12.16567],[124.81315,12.16945],[124.83217,12.17438],[124.83779,12.19632],[124.84402,12.21766],[124.8363,12.22073],[124.8195,12.22877],[124.81639,12.23008],[124.80559,12.23544],[124.79222,12.24087],[124.77549,12.24985],[124.75239,12.26223],[124.70963,12.27783],[124.68946,12.25778],[124.67746,12.24533],[124.67261,12.25417],[124.66395,12.25158],[124.6592,12.24449],[124.65745,12.24186],[124.64882,12.24307],[124.64856,12.2347],[124.63916,12.23202],[124.62653,12.22843],[124.61916,12.23396],[124.60888,12.24192],[124.60823,12.24242],[124.61705,12.25293],[124.60869,12.25919],[124.60206,12.26415],[124.59926,12.26189],[124.59298,12.26034],[124.59251,12.25772],[124.59377,12.25653],[124.59386,12.25422],[124.59497,12.25241],[124.55584,12.28411],[124.54582,12.29198],[124.53116,12.30354],[124.51666,12.31545],[124.51176,12.32659],[124.4898,12.33103],[124.47709,12.34096],[124.46297,12.32492],[124.43941,12.29817],[124.42633,12.2833],[124.36842,12.2832],[124.36736,12.28166],[124.36677,12.28129],[124.36436,12.28203],[124.36402,12.28194],[124.36354,12.28153],[124.36283,12.28102],[124.3625,12.28095],[124.36201,12.28103],[124.36154,12.28126],[124.36053,12.28079],[124.35991,12.28093],[124.35947,12.28147],[124.35917,12.28231],[124.35859,12.28221],[124.35769,12.28178],[124.35723,12.28156],[124.3575,12.27978],[124.35732,12.27921],[124.3577,12.27853],[124.35788,12.27856],[124.35845,12.27759],[124.35869,12.27686],[124.3587,12.27638],[124.35915,12.27447],[124.35917,12.27357],[124.35886,12.27283],[124.35911,12.27208],[124.35894,12.27182],[124.3591,12.27133],[124.35941,12.27134],[124.35961,12.27096],[124.35963,12.27042],[124.35989,12.27014],[124.36004,12.26901],[124.36033,12.2681],[124.36023,12.26671],[124.35991,12.26639],[124.36055,12.26621],[124.36104,12.26573],[124.3615,12.26599],[124.36184,12.26548],[124.36222,12.26534],[124.36265,12.26494],[124.36282,12.26432],[124.36273,12.26391],[124.36327,12.26175],[124.36318,12.26125],[124.36292,12.26087],[124.36273,12.26011],[124.3629,12.25992],[124.36281,12.25939],[124.3632,12.25834],[124.36386,12.25796],[124.36429,12.25821],[124.36559,12.25742],[124.36633,12.25676],[124.36673,12.25628],[124.36694,12.25472],[124.36686,12.25426],[124.36692,12.25356],[124.36657,12.25289],[124.36657,12.25234],[124.36707,12.25224],[124.36724,12.25184],[124.36813,12.25161],[124.36865,12.25089],[124.36883,12.2501],[124.3686,12.24951],[124.36926,12.2485],[124.36931,12.24767],[124.37015,12.24514],[124.37026,12.24376],[124.37129,12.24275],[124.37175,12.24215],[124.37221,12.24129],[124.37198,12.24057],[124.37263,12.24011],[124.37253,12.2397],[124.37293,12.23966],[124.37339,12.23925],[124.37359,12.23875],[124.37364,12.23815],[124.37407,12.23793],[124.37395,12.23738],[124.37401,12.23663],[124.37387,12.23587],[124.37342,12.23579],[124.37329,12.23546],[124.37384,12.23537],[124.37424,12.23567],[124.37454,12.23502],[124.37457,12.23466],[124.37495,12.23356],[124.37505,12.23277],[124.37529,12.23243],[124.37571,12.23239],[124.37625,12.2319],[124.37637,12.23114],[124.37687,12.23086],[124.37758,12.22971],[124.37777,12.22911],[124.37777,12.22839],[124.37815,12.2275],[124.37749,12.22664],[124.37758,12.22583],[124.37732,12.22568],[124.37768,12.22516],[124.37809,12.22412],[124.37871,12.22327],[124.3786,12.22284],[124.37915,12.22257],[124.38051,12.22116],[124.38104,12.22111],[124.38178,12.22065],[124.38245,12.21994],[124.38216,12.21886],[124.38232,12.21819],[124.38301,12.2183],[124.38352,12.21779],[124.38375,12.21685],[124.38384,12.21572],[124.38373,12.2146],[124.38421,12.21364],[124.38423,12.213],[124.38462,12.21243],[124.38511,12.21068],[124.38533,12.20925],[124.38608,12.20815],[124.38657,12.20643],[124.3871,12.20569],[124.3877,12.2042],[124.38765,12.20333],[124.38782,12.20288],[124.3878,12.20168],[124.38771,12.20119],[124.38812,12.19953],[124.38835,12.19951],[124.38871,12.19893],[124.3895,12.19803],[124.38961,12.19756],[124.38963,12.19661],[124.38993,12.19582],[124.39046,12.19511],[124.39107,12.19465],[124.39218,12.1941],[124.39289,12.19338],[124.3941,12.19275],[124.39531,12.19267],[124.39609,12.19245],[124.39723,12.19235],[124.39822,12.19191],[124.39875,12.19128],[124.39958,12.19174],[124.39958,12.19113],[124.40055,12.19101],[124.40227,12.18961],[124.40197,12.18872],[124.40185,12.18787],[124.40218,12.1874],[124.40323,12.18699],[124.40359,12.18669],[124.40398,12.18581],[124.40465,12.18529],[124.40492,12.18554],[124.40697,12.18439],[124.40719,12.18465],[124.40826,12.18471],[124.40896,12.18457],[124.41007,12.18399],[124.41031,12.18369],[124.41055,12.18292],[124.41092,12.18232],[124.4112,12.18215],[124.41183,12.18231],[124.41202,12.18275],[124.41237,12.18301],[124.41275,12.18299],[124.41334,12.18268],[124.4136,12.18197],[124.41428,12.18119],[124.41478,12.18099],[124.41559,12.18098],[124.41634,12.18025],[124.41677,12.1795],[124.41686,12.179],[124.4172,12.17865],[124.41751,12.17802],[124.41753,12.17764],[124.41712,12.17701],[124.41708,12.17663],[124.41764,12.17656],[124.41791,12.17624],[124.41813,12.17536],[124.41894,12.17458],[124.41961,12.17433],[124.41991,12.17359],[124.41983,12.1714],[124.41967,12.1707],[124.41925,12.17029],[124.41879,12.17036],[124.41872,12.16975],[124.41822,12.16917],[124.41785,12.16834],[124.4181,12.1679],[124.41845,12.1677],[124.41822,12.16722],[124.4188,12.16698],[124.41892,12.16718],[124.42002,12.16681],[124.42032,12.16712],[124.42075,12.16712],[124.42173,12.16655],[124.4223,12.16652],[124.42308,12.16703],[124.42319,12.16785],[124.42267,12.16825],[124.4219,12.16843],[124.42314,12.16927],[124.42359,12.16927],[124.42369,12.16955],[124.42471,12.17001],[124.42565,12.1701],[124.42652,12.16987],[124.42812,12.16904],[124.42864,12.16864],[124.42923,12.16778],[124.42972,12.16616],[124.43016,12.16551],[124.43184,12.16439],[124.43282,12.16387],[124.43325,12.16351],[124.43459,12.16284],[124.43551,12.1626],[124.43624,12.16307],[124.43767,12.16324],[124.4378,12.16355],[124.43828,12.1635],[124.43877,12.1636],[124.43907,12.16319],[124.44062,12.16224],[124.44168,12.16147],[124.44221,12.16063],[124.44252,12.16055],[124.44386,12.15955],[124.44447,12.15928],[124.44518,12.15845],[124.44575,12.15747],[124.44709,12.15661],[124.44792,12.15558],[124.44918,12.15457],[124.4498,12.15372],[124.45047,12.15298],[124.45073,12.1519],[124.45113,12.15064]]]}},{"type":"Feature","properties":{"code":"0806004000","name":"Calbiga","kind":"Municipality","provinceCode":"0806000000","province":"Samar Province","areaKm2":196,"labelPoint":[125.09036,11.58502]},"geometry":{"type":"Polygon","coordinates":[[[125.16104,11.56405],[125.16724,11.57291],[125.17167,11.58324],[125.17757,11.6036],[125.17875,11.61925],[125.18023,11.63843],[125.10359,11.62927],[125.08043,11.64289],[125.06246,11.64845],[125.05819,11.65071],[125.05239,11.65595],[125.04514,11.6607],[125.04224,11.66384],[125.04298,11.66669],[125.03917,11.6674],[125.02763,11.66939],[125.02053,11.67068],[125.01451,11.67181],[125.00387,11.674],[124.99931,11.67553],[124.99279,11.67781],[124.98327,11.6817],[124.98275,11.68157],[124.98165,11.68087],[124.98139,11.68082],[124.98072,11.67999],[124.98029,11.67977],[124.9801,11.67927],[124.9794,11.6787],[124.97876,11.67789],[124.97826,11.67743],[124.97781,11.67651],[124.97672,11.67553],[124.97601,11.67466],[124.97527,11.67307],[124.97442,11.67065],[124.97394,11.66849],[124.97357,11.66842],[124.97351,11.66949],[124.97304,11.66979],[124.97304,11.66882],[124.97291,11.66798],[124.97313,11.66735],[124.97349,11.66714],[124.97381,11.66519],[124.97393,11.66399],[124.97435,11.66327],[124.97495,11.66278],[124.97553,11.66212],[124.97647,11.66149],[124.978,11.66078],[124.97773,11.66011],[124.97758,11.65974],[124.97663,11.65994],[124.97604,11.65996],[124.97574,11.65972],[124.97558,11.6584],[124.9756,11.65774],[124.97546,11.6556],[124.97515,11.65468],[124.97472,11.65415],[124.97485,11.65389],[124.97552,11.65372],[124.97712,11.65426],[124.97815,11.65289],[124.97846,11.65228],[124.97884,11.65199],[124.97897,11.65153],[124.97971,11.65047],[124.98011,11.64992],[124.98022,11.64944],[124.98063,11.6492],[124.9811,11.64801],[124.9814,11.64791],[124.98153,11.64738],[124.98226,11.64608],[124.98298,11.64526],[124.98348,11.64437],[124.98401,11.64392],[124.98398,11.64352],[124.98486,11.6428],[124.98511,11.64178],[124.9852,11.64086],[124.98561,11.63952],[124.98606,11.63862],[124.98697,11.63804],[124.9875,11.6384],[124.9877,11.63894],[124.98826,11.63876],[124.98888,11.63995],[124.98985,11.64087],[124.99051,11.64123],[124.99171,11.64153],[124.99232,11.64154],[124.99393,11.64126],[124.99444,11.64036],[124.99517,11.63984],[124.996,11.64],[124.99618,11.64073],[124.9966,11.64107],[124.99698,11.64078],[124.99694,11.64043],[124.99697,11.64021],[124.99768,11.63977],[124.99791,11.63872],[124.99832,11.63851],[124.99846,11.63808],[124.99884,11.63774],[124.99904,11.63699],[124.99877,11.62955],[124.99791,11.62063],[125.00348,11.61444],[125.00814,11.61298],[125.00942,11.60693],[125.01282,11.60193],[125.01826,11.602],[125.01593,11.58952],[125.01778,11.5882],[125.02047,11.58615],[125.02149,11.58519],[125.02319,11.58339],[125.03412,11.57337],[125.038,11.56971],[125.04288,11.56593],[125.05205,11.55895],[125.06202,11.5445],[125.07201,11.53932],[125.0874,11.53801],[125.09407,11.53887],[125.11258,11.54121],[125.11759,11.54238],[125.11969,11.54307],[125.13713,11.54811],[125.16104,11.56405]]]}},{"type":"Feature","properties":{"code":"0802605000","name":"Can-avid","kind":"Municipality","provinceCode":"0802600000","province":"Eastern Samar","areaKm2":239,"labelPoint":[125.27483,11.94762]},"geometry":{"type":"Polygon","coordinates":[[[125.296,11.90132],[125.31247,11.91527],[125.32681,11.93133],[125.33841,11.93792],[125.368,11.95428],[125.38081,11.96661],[125.39334,11.96693],[125.41398,11.96537],[125.4201,11.96451],[125.43083,11.96122],[125.4318,11.96049],[125.43239,11.95974],[125.43212,11.95962],[125.43209,11.95932],[125.43253,11.95923],[125.43289,11.95932],[125.43319,11.95906],[125.43359,11.9593],[125.43403,11.95918],[125.43422,11.95887],[125.43421,11.95827],[125.43429,11.95776],[125.43482,11.95768],[125.43559,11.95821],[125.43601,11.95829],[125.43627,11.95895],[125.43612,11.95948],[125.43634,11.96006],[125.43653,11.96006],[125.43712,11.96136],[125.43717,11.96168],[125.43743,11.96204],[125.43781,11.96224],[125.43809,11.96266],[125.4383,11.96272],[125.43864,11.96321],[125.43853,11.96361],[125.43873,11.96368],[125.4388,11.96407],[125.43853,11.96425],[125.43851,11.96536],[125.43901,11.96654],[125.43888,11.96667],[125.43937,11.96717],[125.44038,11.967],[125.44049,11.96672],[125.44138,11.9669],[125.44145,11.96671],[125.44122,11.96635],[125.44122,11.96611],[125.44196,11.96575],[125.44259,11.96581],[125.44326,11.96558],[125.44409,11.96539],[125.44428,11.9656],[125.44433,11.96616],[125.44415,11.9665],[125.44469,11.96669],[125.44467,11.96693],[125.44525,11.96701],[125.4455,11.96715],[125.4456,11.96758],[125.44526,11.96803],[125.44526,11.96838],[125.44499,11.96916],[125.44415,11.96948],[125.44433,11.97002],[125.44465,11.9702],[125.44493,11.96978],[125.44551,11.96948],[125.44602,11.96939],[125.44638,11.96922],[125.44693,11.96921],[125.44719,11.96955],[125.44731,11.96991],[125.4476,11.97009],[125.44755,11.97064],[125.44784,11.97094],[125.44776,11.97132],[125.44754,11.97133],[125.44734,11.97168],[125.44762,11.97224],[125.44753,11.97292],[125.44795,11.97297],[125.44785,11.97323],[125.44802,11.97386],[125.44784,11.97414],[125.4479,11.97448],[125.44752,11.97465],[125.44727,11.9751],[125.44727,11.9755],[125.44766,11.97665],[125.44809,11.97837],[125.44847,11.97918],[125.44862,11.97991],[125.44894,11.98054],[125.4494,11.98166],[125.45022,11.9831],[125.45035,11.9836],[125.45072,11.98451],[125.45121,11.98528],[125.45155,11.98607],[125.45223,11.98714],[125.45294,11.98859],[125.45333,11.98917],[125.4535,11.98961],[125.45437,11.99094],[125.45533,11.9921],[125.45602,11.99313],[125.45614,11.9936],[125.45576,11.99388],[125.45528,11.99396],[125.45473,11.99417],[125.45434,11.9942],[125.45409,11.99437],[125.45375,11.99437],[125.45358,11.99358],[125.45295,11.9932],[125.45255,11.99285],[125.45224,11.99224],[125.45208,11.99156],[125.44902,11.99174],[125.44533,11.99195],[125.44574,11.99276],[125.44649,11.99363],[125.44675,11.99384],[125.44774,11.99462],[125.44863,11.99491],[125.44887,11.99477],[125.44922,11.99504],[125.44942,11.995],[125.45003,11.99536],[125.45118,11.99566],[125.45184,11.99578],[125.45162,11.99548],[125.45193,11.99538],[125.45227,11.99556],[125.45293,11.99551],[125.45323,11.99567],[125.45381,11.99576],[125.45442,11.996],[125.45525,11.99663],[125.45595,11.99697],[125.45652,11.99705],[125.45748,11.99792],[125.45839,11.99816],[125.45867,11.99834],[125.45919,11.99839],[125.45946,11.99807],[125.45997,11.99861],[125.4603,11.99863],[125.46069,11.99886],[125.46098,11.9997],[125.46167,12.00111],[125.46217,12.00234],[125.46285,12.0033],[125.46336,12.00403],[125.46357,12.00461],[125.4651,12.00733],[125.46567,12.00795],[125.46676,12.00965],[125.46716,12.01007],[125.46776,12.01118],[125.46826,12.01185],[125.46843,12.01197],[125.46907,12.0131],[125.47004,12.01455],[125.47062,12.01525],[125.47169,12.01627],[125.4745,12.0196],[125.47477,12.01982],[125.47522,12.02042],[125.47638,12.0216],[125.47758,12.02261],[125.478,12.02307],[125.48054,12.02496],[125.48094,12.02532],[125.48161,12.02572],[125.48202,12.02588],[125.48318,12.02648],[125.48386,12.02694],[125.48517,12.02758],[125.48569,12.02769],[125.48605,12.02731],[125.48636,12.02743],[125.48632,12.02789],[125.48648,12.02836],[125.48647,12.02869],[125.48671,12.02934],[125.48654,12.02954],[125.48317,12.03069],[125.48237,12.02998],[125.48212,12.03002],[125.48182,12.02984],[125.48125,12.02922],[125.48078,12.02919],[125.48093,12.02985],[125.48092,12.03023],[125.48038,12.03008],[125.47985,12.02931],[125.47997,12.03085],[125.48,12.03238],[125.47917,12.03248],[125.47724,12.03228],[125.4741,12.03026],[125.47383,12.0296],[125.4741,12.02763],[125.47073,12.02536],[125.46957,12.0235],[125.4681,12.02165],[125.46552,12.02068],[125.46392,12.02132],[125.46235,12.02203],[125.45655,12.0228],[125.45641,12.02276],[125.45521,12.02324],[125.45341,12.02406],[125.45186,12.02525],[125.45015,12.02708],[125.44906,12.02926],[125.4471,12.02664],[125.4446,12.0232],[125.43558,12.02452],[125.42755,12.0259],[125.41445,12.02694],[125.40467,12.02438],[125.37723,12.01738],[125.35427,12.02207],[125.33627,12.018],[125.31402,12.00885],[125.29521,12.00185],[125.28016,11.99625],[125.22279,12.00064],[125.19247,12.00367],[125.20017,11.9883],[125.2255,11.93774],[125.23397,11.91879],[125.24063,11.89587],[125.24306,11.89131],[125.25329,11.87215],[125.2622,11.8775],[125.2862,11.89339],[125.296,11.90132]]]}},{"type":"Feature","properties":{"code":"0804804000","name":"Capul","kind":"Municipality","provinceCode":"0804800000","province":"Northern Samar","areaKm2":34,"labelPoint":[124.16469,12.41988]},"geometry":{"type":"Polygon","coordinates":[[[124.13849,12.44132],[124.13799,12.44102],[124.13788,12.44056],[124.13814,12.44023],[124.13849,12.44001],[124.13907,12.43928],[124.13917,12.43888],[124.1391,12.43825],[124.13915,12.43747],[124.1389,12.43674],[124.13842,12.43615],[124.13853,12.43501],[124.13825,12.43405],[124.13869,12.43372],[124.13886,12.43347],[124.13902,12.43273],[124.13898,12.43187],[124.13965,12.43127],[124.1403,12.43095],[124.14096,12.43043],[124.1415,12.42984],[124.14205,12.42949],[124.14265,12.42871],[124.14288,12.4278],[124.14288,12.4273],[124.1427,12.42655],[124.14286,12.42617],[124.14279,12.42574],[124.14322,12.42547],[124.14413,12.42437],[124.14438,12.42341],[124.14456,12.42315],[124.14517,12.42274],[124.14555,12.42234],[124.1462,12.42114],[124.14645,12.42086],[124.14685,12.41994],[124.14691,12.41961],[124.14666,12.41889],[124.1467,12.41799],[124.14661,12.41781],[124.14715,12.41717],[124.14764,12.41675],[124.14807,12.41621],[124.14842,12.41537],[124.14872,12.41453],[124.14915,12.4139],[124.14941,12.41307],[124.14975,12.41258],[124.15005,12.41197],[124.14996,12.41149],[124.14997,12.41074],[124.1501,12.41026],[124.15049,12.40981],[124.15089,12.4097],[124.15134,12.40943],[124.15154,12.40916],[124.15236,12.40855],[124.15274,12.40796],[124.15276,12.40756],[124.15321,12.40693],[124.15381,12.40653],[124.15425,12.40638],[124.15526,12.40573],[124.15583,12.40553],[124.15621,12.40528],[124.15684,12.40472],[124.15708,12.40426],[124.15711,12.40336],[124.15744,12.40287],[124.15874,12.40178],[124.15935,12.40132],[124.15986,12.40084],[124.16028,12.40034],[124.16114,12.39995],[124.16189,12.39978],[124.16275,12.39915],[124.16291,12.39859],[124.16273,12.39807],[124.16299,12.39779],[124.1639,12.39713],[124.16446,12.39606],[124.16511,12.39569],[124.16513,12.39547],[124.16566,12.39511],[124.16631,12.39442],[124.16626,12.39417],[124.16668,12.39411],[124.16706,12.39364],[124.16815,12.39339],[124.16879,12.39282],[124.16862,12.39252],[124.16888,12.39233],[124.16915,12.39242],[124.16944,12.392],[124.16985,12.39177],[124.17093,12.39003],[124.1715,12.38984],[124.17229,12.38927],[124.17267,12.38871],[124.17295,12.38791],[124.17339,12.38743],[124.17363,12.38678],[124.17389,12.38647],[124.17434,12.38636],[124.17464,12.38613],[124.17561,12.3854],[124.17581,12.38516],[124.17644,12.38471],[124.17682,12.38343],[124.17735,12.38348],[124.17748,12.38388],[124.17794,12.38425],[124.17851,12.38448],[124.17923,12.38436],[124.17928,12.38415],[124.17963,12.38387],[124.17992,12.38344],[124.18002,12.38304],[124.18014,12.38189],[124.18036,12.38187],[124.18104,12.3814],[124.18141,12.38172],[124.18187,12.38153],[124.18203,12.38116],[124.18225,12.38099],[124.18262,12.3812],[124.18267,12.38144],[124.18298,12.3817],[124.18366,12.38251],[124.18396,12.38268],[124.18432,12.38309],[124.18517,12.38383],[124.18596,12.3844],[124.18672,12.38487],[124.18726,12.38498],[124.18762,12.38523],[124.18853,12.38627],[124.18888,12.38681],[124.18956,12.38767],[124.19054,12.38917],[124.19114,12.3905],[124.19129,12.39125],[124.19175,12.39262],[124.19202,12.39472],[124.19229,12.39582],[124.19272,12.39735],[124.19288,12.39821],[124.19298,12.39911],[124.19324,12.40059],[124.19318,12.40096],[124.19322,12.40207],[124.19314,12.40358],[124.19319,12.40405],[124.19309,12.40548],[124.19316,12.40619],[124.19302,12.40731],[124.19302,12.40775],[124.19316,12.40838],[124.19316,12.40912],[124.19288,12.40965],[124.19284,12.40995],[124.19293,12.41069],[124.19261,12.41223],[124.19244,12.4127],[124.19152,12.41381],[124.19131,12.41417],[124.19095,12.41579],[124.19068,12.41631],[124.19026,12.41692],[124.18974,12.41755],[124.18933,12.41779],[124.18835,12.41868],[124.18765,12.41906],[124.18701,12.41954],[124.1866,12.41972],[124.18635,12.42015],[124.18595,12.42055],[124.18558,12.4211],[124.18501,12.42223],[124.18391,12.42251],[124.18372,12.42265],[124.18289,12.42346],[124.18203,12.42421],[124.18154,12.42481],[124.18103,12.42522],[124.18061,12.42571],[124.18033,12.42625],[124.18031,12.42686],[124.18002,12.42739],[124.17904,12.42881],[124.17834,12.42941],[124.1781,12.42975],[124.17777,12.4308],[124.17767,12.43155],[124.17699,12.43304],[124.17636,12.43403],[124.17579,12.43449],[124.17546,12.43486],[124.1748,12.43644],[124.17456,12.43723],[124.17382,12.43866],[124.17376,12.43907],[124.17316,12.44047],[124.17244,12.44193],[124.17203,12.44243],[124.17172,12.44263],[124.17128,12.44318],[124.17101,12.44399],[124.17036,12.44536],[124.16966,12.44632],[124.16925,12.44726],[124.16898,12.44822],[124.16863,12.44906],[124.16812,12.45001],[124.16761,12.45144],[124.16733,12.45208],[124.16716,12.45276],[124.16673,12.45326],[124.16599,12.45428],[124.16524,12.45491],[124.16466,12.4563],[124.16403,12.45705],[124.16268,12.4582],[124.16188,12.459],[124.16157,12.45947],[124.16088,12.46027],[124.15879,12.46223],[124.15678,12.46428],[124.15613,12.46477],[124.15547,12.46497],[124.1551,12.4649],[124.15408,12.46498],[124.15369,12.46489],[124.15272,12.46447],[124.15191,12.46426],[124.1514,12.46447],[124.1508,12.46429],[124.15024,12.46431],[124.1496,12.46476],[124.14928,12.4652],[124.14913,12.46575],[124.14918,12.46615],[124.14963,12.46664],[124.15009,12.46831],[124.15043,12.4691],[124.15053,12.46964],[124.15089,12.47045],[124.15137,12.47128],[124.15143,12.47165],[124.15114,12.47243],[124.14998,12.47436],[124.14857,12.47578],[124.14738,12.47651],[124.14647,12.47712],[124.14542,12.47801],[124.14515,12.47829],[124.14416,12.47905],[124.14303,12.47959],[124.14243,12.47995],[124.14185,12.48051],[124.14182,12.48105],[124.14192,12.48184],[124.14169,12.48209],[124.14172,12.48253],[124.14153,12.48298],[124.14096,12.48262],[124.14034,12.48181],[124.14006,12.4816],[124.1397,12.48158],[124.13908,12.48073],[124.13923,12.48028],[124.13938,12.48007],[124.13897,12.47813],[124.13872,12.47784],[124.13899,12.47747],[124.13886,12.47711],[124.13807,12.47601],[124.13801,12.47567],[124.1381,12.47521],[124.13777,12.47471],[124.13779,12.47426],[124.13763,12.47408],[124.13711,12.47391],[124.13692,12.47347],[124.13695,12.47297],[124.13659,12.47237],[124.13685,12.47238],[124.13738,12.47162],[124.13716,12.47126],[124.13721,12.4707],[124.1375,12.47046],[124.13801,12.46949],[124.13831,12.46942],[124.13849,12.46893],[124.1388,12.46866],[124.1384,12.46837],[124.13827,12.46787],[124.13781,12.46805],[124.13759,12.46837],[124.13708,12.46886],[124.1368,12.46873],[124.13662,12.46814],[124.13672,12.46788],[124.13653,12.46744],[124.13576,12.46709],[124.13511,12.46614],[124.13487,12.46559],[124.13483,12.46496],[124.13465,12.46445],[124.13481,12.46409],[124.13513,12.46407],[124.13505,12.46362],[124.13457,12.46361],[124.13417,12.46277],[124.134,12.46197],[124.13375,12.4616],[124.13362,12.46102],[124.13362,12.45994],[124.13378,12.45975],[124.13385,12.45879],[124.13425,12.45848],[124.13441,12.45783],[124.1344,12.45747],[124.13403,12.45643],[124.1338,12.45603],[124.13395,12.45537],[124.1338,12.45501],[124.13349,12.45497],[124.13308,12.45441],[124.13332,12.45411],[124.13359,12.45408],[124.13422,12.45424],[124.1348,12.45371],[124.13507,12.45324],[124.13504,12.45263],[124.13493,12.4518],[124.13484,12.45165],[124.13502,12.45104],[124.13547,12.45067],[124.1358,12.44994],[124.13577,12.44955],[124.13555,12.4494],[124.13618,12.44902],[124.13651,12.44824],[124.13681,12.44849],[124.13704,12.4485],[124.13754,12.4482],[124.13798,12.44776],[124.13846,12.44696],[124.13851,12.44662],[124.13838,12.44565],[124.13816,12.44517],[124.13824,12.44486],[124.13864,12.44478],[124.13922,12.44371],[124.13928,12.44292],[124.13913,12.44223],[124.13849,12.44132]]]}},{"type":"Feature","properties":{"code":"0804805000","name":"Catarman","kind":"Municipality","provinceCode":"0804800000","province":"Northern Samar","areaKm2":303,"labelPoint":[124.63137,12.42906]},"geometry":{"type":"Polygon","coordinates":[[[124.64047,12.50756],[124.6392,12.50761],[124.63808,12.50759],[124.63723,12.5077],[124.63697,12.50782],[124.63601,12.50771],[124.6338,12.50806],[124.63305,12.5082],[124.63096,12.50877],[124.62941,12.50926],[124.6277,12.50974],[124.62727,12.50996],[124.62643,12.51017],[124.62622,12.5103],[124.62533,12.51054],[124.62373,12.51107],[124.62328,12.51135],[124.6229,12.51187],[124.62249,12.51213],[124.62206,12.51219],[124.62156,12.51228],[124.62053,12.51189],[124.61966,12.51184],[124.61907,12.51171],[124.61853,12.51171],[124.61792,12.51183],[124.61744,12.51206],[124.61619,12.51245],[124.61455,12.51334],[124.61287,12.51388],[124.61228,12.51425],[124.61117,12.51467],[124.61002,12.51526],[124.60948,12.51539],[124.60893,12.51571],[124.60803,12.51589],[124.60712,12.51634],[124.60506,12.5171],[124.60335,12.51765],[124.60011,12.51849],[124.59931,12.51871],[124.59819,12.5189],[124.59681,12.51924],[124.59629,12.51929],[124.59583,12.51947],[124.59471,12.51971],[124.59313,12.52014],[124.59012,12.51014],[124.59111,12.5094],[124.59069,12.50826],[124.58864,12.50859],[124.58334,12.50916],[124.58244,12.49747],[124.58689,12.49555],[124.59127,12.49388],[124.58957,12.49076],[124.58084,12.47707],[124.56514,12.47698],[124.56039,12.46202],[124.55627,12.45081],[124.55261,12.44085],[124.54665,12.42784],[124.54364,12.41817],[124.53684,12.39634],[124.53229,12.38173],[124.52867,12.37199],[124.52192,12.35379],[124.51506,12.33547],[124.55049,12.3298],[124.56226,12.32882],[124.56879,12.33283],[124.5715,12.34328],[124.57385,12.35323],[124.5847,12.36099],[124.59108,12.3613],[124.60899,12.36294],[124.63284,12.35575],[124.63855,12.3531],[124.65022,12.34769],[124.66107,12.34611],[124.6639,12.34644],[124.68266,12.34844],[124.68334,12.34867],[124.68376,12.35163],[124.68525,12.35059],[124.68665,12.35224],[124.68826,12.35615],[124.68716,12.35733],[124.68833,12.35975],[124.69105,12.35679],[124.69652,12.38323],[124.6977,12.39646],[124.69835,12.40485],[124.69883,12.41166],[124.72918,12.41556],[124.72723,12.42111],[124.72047,12.44005],[124.71322,12.46053],[124.71203,12.46381],[124.70973,12.46957],[124.70937,12.47045],[124.70678,12.4771],[124.71034,12.4866],[124.69318,12.49807],[124.67993,12.50839],[124.67906,12.5095],[124.67686,12.50869],[124.67606,12.50865],[124.6752,12.50899],[124.67476,12.50909],[124.67329,12.50908],[124.6721,12.50896],[124.67121,12.50894],[124.6708,12.50903],[124.67046,12.50925],[124.67083,12.50958],[124.67053,12.50994],[124.66995,12.5101],[124.66971,12.51043],[124.66935,12.51033],[124.6688,12.51051],[124.66844,12.51051],[124.66777,12.51124],[124.66722,12.51163],[124.66691,12.51172],[124.66627,12.51222],[124.66584,12.51231],[124.66579,12.51278],[124.66561,12.51313],[124.66473,12.51342],[124.66468,12.51391],[124.66449,12.51463],[124.66432,12.51507],[124.66395,12.51525],[124.66397,12.51568],[124.66361,12.51616],[124.66281,12.51644],[124.66261,12.51708],[124.66235,12.51757],[124.66173,12.5178],[124.66135,12.51802],[124.66063,12.51801],[124.66011,12.51753],[124.65985,12.51709],[124.65981,12.51664],[124.66001,12.51643],[124.65976,12.5157],[124.65932,12.51497],[124.65871,12.51459],[124.6578,12.51447],[124.65737,12.51462],[124.65686,12.51517],[124.65638,12.51558],[124.65586,12.51579],[124.65567,12.5157],[124.65535,12.51515],[124.65518,12.51435],[124.65531,12.51394],[124.65517,12.5129],[124.65531,12.51244],[124.65507,12.51206],[124.65473,12.51126],[124.65373,12.51138],[124.65266,12.5115],[124.65262,12.51183],[124.65217,12.51207],[124.65155,12.512],[124.65063,12.51248],[124.65054,12.51235],[124.65106,12.51188],[124.65122,12.51151],[124.65103,12.51104],[124.65065,12.51053],[124.64992,12.50988],[124.64909,12.50925],[124.64821,12.50874],[124.6472,12.50835],[124.64589,12.50801],[124.64452,12.50776],[124.64334,12.5077],[124.6425,12.50755],[124.64122,12.50762],[124.64047,12.50756]]]}},{"type":"Feature","properties":{"code":"0806005000","name":"Catbalogan City","kind":"City","provinceCode":"0806000000","province":"Samar Province","areaKm2":169,"labelPoint":[124.89087,11.84577]},"geometry":{"type":"MultiPolygon","coordinates":[[[[124.73448,11.78513],[124.73414,11.78499],[124.73406,11.78452],[124.7342,11.78423],[124.73395,11.78393],[124.73432,11.7832],[124.73449,11.78302],[124.73486,11.78297],[124.73508,11.78315],[124.73494,11.78377],[124.7352,11.78421],[124.73552,11.78433],[124.73554,11.78466],[124.73501,11.785],[124.73448,11.78513]]],[[[124.72336,11.79172],[124.72296,11.79097],[124.723,11.79043],[124.72263,11.78992],[124.72202,11.78974],[124.7216,11.78952],[124.72259,11.78915],[124.72303,11.78907],[124.72342,11.78913],[124.72375,11.78897],[124.72416,11.78922],[124.72415,11.78969],[124.72441,11.79045],[124.72448,11.79102],[124.72429,11.79131],[124.72399,11.79135],[124.72336,11.79172]]],[[[124.73414,11.79262],[124.73353,11.79092],[124.73384,11.79045],[124.73427,11.79038],[124.73454,11.79067],[124.73525,11.79106],[124.73504,11.79132],[124.73441,11.7915],[124.73419,11.79198],[124.73414,11.79262]]],[[[124.71953,11.79321],[124.71926,11.79315],[124.71905,11.79244],[124.71965,11.79254],[124.71984,11.79277],[124.71973,11.79313],[124.71953,11.79321]]],[[[124.71577,11.80041],[124.71572,11.80079],[124.71534,11.8014],[124.71514,11.80109],[124.71511,11.80036],[124.7153,11.79978],[124.71525,11.7991],[124.71504,11.79868],[124.7141,11.79743],[124.71406,11.79688],[124.71361,11.79622],[124.71393,11.79576],[124.71391,11.79528],[124.71414,11.79529],[124.71465,11.79561],[124.71569,11.79605],[124.71577,11.79626],[124.71629,11.79677],[124.71642,11.79751],[124.71607,11.79809],[124.71578,11.79887],[124.71572,11.79937],[124.71577,11.80041]]],[[[124.70157,11.80914],[124.7007,11.80931],[124.7002,11.80903],[124.6995,11.80897],[124.69904,11.80923],[124.69879,11.80923],[124.69837,11.80896],[124.69811,11.80859],[124.69817,11.80829],[124.69864,11.80809],[124.69816,11.80746],[124.69838,11.80705],[124.69903,11.80701],[124.69949,11.8068],[124.69977,11.80689],[124.7001,11.8074],[124.70042,11.80754],[124.7008,11.80728],[124.70093,11.80697],[124.70094,11.80569],[124.70013,11.80496],[124.69935,11.8048],[124.69942,11.80458],[124.69977,11.80452],[124.69985,11.80411],[124.69944,11.80359],[124.69954,11.80322],[124.69987,11.80298],[124.6994,11.80162],[124.6993,11.80116],[124.70007,11.80092],[124.70094,11.80078],[124.70123,11.80057],[124.70177,11.80045],[124.70189,11.80028],[124.70241,11.80022],[124.70291,11.80005],[124.70394,11.79945],[124.70411,11.79898],[124.70422,11.79787],[124.70476,11.79761],[124.70543,11.7968],[124.70561,11.79637],[124.70552,11.79562],[124.70527,11.79566],[124.70501,11.7954],[124.7054,11.79516],[124.70553,11.79488],[124.70609,11.79485],[124.70641,11.79444],[124.70663,11.79437],[124.70696,11.79454],[124.70714,11.795],[124.70701,11.79689],[124.70691,11.7977],[124.70708,11.79848],[124.70757,11.7993],[124.70737,11.79966],[124.70749,11.80078],[124.70739,11.80144],[124.70708,11.8017],[124.70681,11.80169],[124.70543,11.80186],[124.70439,11.80231],[124.7036,11.80283],[124.70343,11.80307],[124.70304,11.80396],[124.70289,11.80461],[124.70269,11.80584],[124.7027,11.80651],[124.70293,11.80702],[124.70268,11.80721],[124.7026,11.8076],[124.7027,11.80826],[124.703,11.80887],[124.70346,11.80892],[124.70339,11.80922],[124.70289,11.809],[124.70243,11.80926],[124.70206,11.80914],[124.70157,11.80914]]],[[[124.86472,11.88518],[124.86185,11.88181],[124.85358,11.87761],[124.84643,11.87734],[124.83694,11.87205],[124.82813,11.86792],[124.82327,11.86423],[124.82243,11.86301],[124.81372,11.85039],[124.81098,11.84643],[124.80989,11.84465],[124.81029,11.84422],[124.81095,11.84372],[124.81132,11.84381],[124.81165,11.84368],[124.81217,11.84308],[124.81251,11.8424],[124.81264,11.84194],[124.81305,11.84158],[124.81438,11.84068],[124.81499,11.84054],[124.81546,11.84097],[124.81515,11.84136],[124.81517,11.84227],[124.81506,11.84268],[124.81409,11.84297],[124.81365,11.84349],[124.81328,11.84371],[124.81279,11.84436],[124.813,11.84484],[124.81298,11.84525],[124.81366,11.84561],[124.8144,11.84581],[124.81483,11.84549],[124.8155,11.84558],[124.81605,11.84529],[124.81669,11.84525],[124.81699,11.84498],[124.81691,11.84478],[124.81741,11.8447],[124.81753,11.84555],[124.8177,11.84571],[124.81817,11.84584],[124.81883,11.84589],[124.81935,11.84574],[124.82074,11.84524],[124.82188,11.84457],[124.82253,11.84393],[124.8222,11.84285],[124.82205,11.84276],[124.82199,11.84209],[124.82212,11.8418],[124.82289,11.84088],[124.82317,11.8403],[124.8231,11.84005],[124.82416,11.83826],[124.82421,11.83796],[124.82403,11.83762],[124.82416,11.83683],[124.82413,11.83647],[124.82421,11.83587],[124.82454,11.83542],[124.82522,11.83505],[124.82574,11.83461],[124.82627,11.83465],[124.8269,11.83447],[124.8275,11.83402],[124.82786,11.83358],[124.82835,11.83323],[124.82889,11.83302],[124.82964,11.83299],[124.83007,11.83326],[124.83043,11.83332],[124.8312,11.83321],[124.83169,11.83281],[124.83212,11.83225],[124.83278,11.83153],[124.8333,11.83165],[124.83406,11.83151],[124.83481,11.83112],[124.83589,11.83042],[124.83652,11.82946],[124.83687,11.82806],[124.83674,11.82662],[124.83655,11.82631],[124.83668,11.82612],[124.83652,11.82521],[124.83625,11.82433],[124.83616,11.82352],[124.83585,11.82297],[124.83583,11.8223],[124.83595,11.82217],[124.83657,11.82215],[124.83709,11.82195],[124.83758,11.82151],[124.83782,11.821],[124.83796,11.82029],[124.83844,11.81982],[124.839,11.81941],[124.83928,11.81837],[124.83923,11.81818],[124.83935,11.8173],[124.83907,11.81629],[124.83847,11.81554],[124.83765,11.81477],[124.83741,11.81452],[124.83684,11.81429],[124.83659,11.81421],[124.83624,11.81462],[124.83556,11.81436],[124.83515,11.81401],[124.83497,11.81402],[124.83416,11.81342],[124.8333,11.81335],[124.83298,11.81348],[124.83205,11.81275],[124.83095,11.81234],[124.83032,11.81224],[124.82944,11.8124],[124.82924,11.81251],[124.82891,11.81308],[124.8286,11.81334],[124.82775,11.81378],[124.82693,11.8141],[124.82627,11.81409],[124.82515,11.81471],[124.82405,11.8152],[124.82294,11.81486],[124.82263,11.81419],[124.8222,11.81396],[124.82202,11.81365],[124.82169,11.81223],[124.82136,11.81193],[124.8211,11.81129],[124.82087,11.81106],[124.82078,11.81064],[124.82088,11.81026],[124.82072,11.80975],[124.82073,11.80934],[124.82089,11.8092],[124.82146,11.80921],[124.82161,11.80953],[124.82219,11.80955],[124.82257,11.80969],[124.82313,11.81014],[124.82318,11.81055],[124.82345,11.81074],[124.82376,11.81032],[124.824,11.81025],[124.82436,11.81044],[124.8245,11.81115],[124.82483,11.81113],[124.8255,11.81077],[124.82581,11.81051],[124.82557,11.8101],[124.82587,11.81004],[124.82605,11.81021],[124.82635,11.81004],[124.82673,11.80921],[124.82678,11.80862],[124.82671,11.80798],[124.82632,11.80746],[124.82602,11.80745],[124.82575,11.80673],[124.82579,11.8057],[124.82617,11.80515],[124.82622,11.8045],[124.82587,11.80383],[124.82539,11.80369],[124.82572,11.80288],[124.82563,11.80178],[124.82637,11.80121],[124.82674,11.80132],[124.82699,11.8016],[124.82679,11.80189],[124.827,11.80279],[124.82763,11.80348],[124.82762,11.80372],[124.82807,11.8041],[124.82884,11.80418],[124.82906,11.80398],[124.8292,11.80341],[124.82881,11.80309],[124.82878,11.80267],[124.82888,11.80211],[124.82913,11.8021],[124.82975,11.80161],[124.83026,11.80102],[124.8306,11.80028],[124.83095,11.79922],[124.83086,11.79776],[124.83066,11.79703],[124.83002,11.79652],[124.82942,11.79632],[124.82887,11.79624],[124.8287,11.79583],[124.8292,11.79533],[124.83006,11.7952],[124.83035,11.79556],[124.83086,11.79584],[124.83199,11.79582],[124.83315,11.79552],[124.83379,11.79525],[124.83434,11.79487],[124.83465,11.79495],[124.83491,11.79571],[124.83497,11.79617],[124.83521,11.79702],[124.83543,11.7984],[124.83588,11.79893],[124.83631,11.79919],[124.83697,11.79945],[124.83812,11.80018],[124.83898,11.80128],[124.83968,11.80191],[124.83998,11.80264],[124.83971,11.80303],[124.8395,11.80355],[124.8395,11.80389],[124.83916,11.80415],[124.83901,11.80518],[124.83914,11.8059],[124.83901,11.80641],[124.83828,11.8067],[124.83704,11.80674],[124.83634,11.80706],[124.83618,11.80729],[124.83606,11.80821],[124.83584,11.8085],[124.83608,11.8097],[124.83633,11.80972],[124.83688,11.81041],[124.83645,11.81103],[124.83633,11.81153],[124.83639,11.81241],[124.83666,11.81295],[124.83727,11.81361],[124.83725,11.81406],[124.83775,11.81468],[124.83877,11.8156],[124.83929,11.8155],[124.83973,11.81519],[124.83993,11.81568],[124.8405,11.81593],[124.84082,11.81624],[124.8416,11.81626],[124.84161,11.8166],[124.84227,11.81666],[124.84262,11.81687],[124.84307,11.81667],[124.84341,11.81683],[124.84343,11.81615],[124.84385,11.81608],[124.8442,11.81564],[124.84466,11.81533],[124.84534,11.81455],[124.84657,11.81456],[124.84715,11.81446],[124.84782,11.81407],[124.84787,11.81358],[124.84822,11.81296],[124.84899,11.81238],[124.84935,11.81225],[124.85,11.81223],[124.85046,11.81274],[124.85071,11.81318],[124.85109,11.81321],[124.85117,11.81353],[124.85211,11.81344],[124.85219,11.81378],[124.85274,11.81396],[124.85284,11.8142],[124.85336,11.81416],[124.85412,11.81398],[124.85436,11.81379],[124.85564,11.81362],[124.85643,11.81366],[124.85691,11.81348],[124.8573,11.81317],[124.8579,11.81286],[124.85858,11.8119],[124.85857,11.81151],[124.85877,11.8114],[124.8593,11.81143],[124.85983,11.81135],[124.85984,11.81104],[124.8591,11.81082],[124.85855,11.80984],[124.85861,11.8096],[124.85852,11.80892],[124.8582,11.80886],[124.8582,11.8086],[124.85795,11.8079],[124.85739,11.80753],[124.85732,11.80736],[124.85743,11.80706],[124.85725,11.80636],[124.85666,11.80578],[124.85605,11.80563],[124.85512,11.80569],[124.85449,11.80661],[124.85404,11.80638],[124.85417,11.80617],[124.85418,11.8054],[124.85438,11.80509],[124.85565,11.80466],[124.85607,11.80489],[124.85662,11.80483],[124.85727,11.80456],[124.85778,11.80445],[124.85855,11.80408],[124.85903,11.80409],[124.85933,11.80428],[124.85985,11.80434],[124.85995,11.80416],[124.86048,11.80434],[124.8613,11.80384],[124.86195,11.80321],[124.86217,11.80281],[124.86235,11.80278],[124.86298,11.80192],[124.86328,11.8019],[124.86329,11.80148],[124.86303,11.80091],[124.86357,11.80002],[124.86385,11.79914],[124.86386,11.79887],[124.86419,11.79827],[124.86442,11.7981],[124.86489,11.79823],[124.86511,11.798],[124.86536,11.79721],[124.86549,11.79615],[124.86565,11.79579],[124.86562,11.79528],[124.86589,11.79504],[124.86577,11.79454],[124.86533,11.79451],[124.86532,11.79429],[124.86572,11.79405],[124.86584,11.79356],[124.8656,11.79341],[124.86557,11.79313],[124.86596,11.79273],[124.86576,11.79225],[124.86585,11.7915],[124.8655,11.79143],[124.86559,11.79107],[124.86514,11.79065],[124.86499,11.79008],[124.86467,11.7899],[124.86455,11.7903],[124.864,11.79006],[124.86326,11.79012],[124.86283,11.79025],[124.86234,11.79064],[124.86196,11.79081],[124.86144,11.79078],[124.86075,11.79105],[124.86012,11.79095],[124.85962,11.7913],[124.85934,11.7918],[124.8589,11.792],[124.85856,11.79184],[124.8582,11.79197],[124.8579,11.79174],[124.8578,11.7913],[124.85797,11.79091],[124.85785,11.79074],[124.85819,11.79042],[124.85914,11.78923],[124.85929,11.78896],[124.86034,11.78798],[124.861,11.78747],[124.86181,11.78729],[124.86261,11.78736],[124.86295,11.78729],[124.86364,11.78695],[124.86466,11.78596],[124.86479,11.78565],[124.86519,11.7853],[124.86564,11.78519],[124.86665,11.78446],[124.86692,11.78437],[124.86717,11.78412],[124.86738,11.78326],[124.86785,11.78252],[124.86826,11.78209],[124.86904,11.78157],[124.86924,11.78202],[124.86908,11.78235],[124.86928,11.78258],[124.8697,11.78267],[124.87115,11.78322],[124.87092,11.7838],[124.87108,11.78405],[124.87086,11.78442],[124.87119,11.78482],[124.87146,11.78455],[124.87225,11.78508],[124.87274,11.78509],[124.87318,11.78487],[124.8732,11.78429],[124.87347,11.78427],[124.87358,11.78458],[124.87386,11.78459],[124.87447,11.78434],[124.87505,11.78388],[124.87527,11.78386],[124.87555,11.78356],[124.87525,11.7831],[124.87546,11.78298],[124.87589,11.78321],[124.8762,11.78323],[124.87647,11.78288],[124.8769,11.78258],[124.87688,11.78243],[124.8773,11.78219],[124.87746,11.78169],[124.87708,11.78126],[124.87723,11.78108],[124.87775,11.78139],[124.87759,11.78053],[124.87799,11.78077],[124.87823,11.78073],[124.87861,11.7801],[124.87853,11.77978],[124.87876,11.77935],[124.87869,11.77913],[124.87897,11.77892],[124.87966,11.77868],[124.87985,11.77924],[124.88008,11.77913],[124.88027,11.7784],[124.88006,11.77837],[124.88004,11.7778],[124.88019,11.7771],[124.8787,11.77664],[124.87881,11.77649],[124.87871,11.77596],[124.87872,11.77524],[124.8775,11.77493],[124.87753,11.77479],[124.87854,11.77504],[124.87889,11.77499],[124.87912,11.77416],[124.87921,11.77379],[124.87867,11.77353],[124.87785,11.77329],[124.87788,11.77317],[124.87907,11.77349],[124.87951,11.7734],[124.88039,11.7736],[124.88078,11.77282],[124.88114,11.773],[124.88145,11.77261],[124.88164,11.77196],[124.88186,11.77202],[124.88188,11.7715],[124.88199,11.77073],[124.88239,11.76976],[124.88243,11.76953],[124.88227,11.76907],[124.88203,11.76888],[124.88267,11.76856],[124.88214,11.7685],[124.88231,11.76769],[124.88293,11.76658],[124.88333,11.76685],[124.88392,11.76618],[124.88409,11.76565],[124.88417,11.76488],[124.88397,11.76477],[124.88403,11.76438],[124.88454,11.76373],[124.88444,11.76351],[124.88474,11.76322],[124.88515,11.76244],[124.88505,11.7616],[124.88505,11.75985],[124.88457,11.7581],[124.88453,11.75722],[124.88458,11.7567],[124.88501,11.75613],[124.88519,11.75568],[124.88515,11.75457],[124.88519,11.75415],[124.88541,11.75375],[124.88584,11.75341],[124.88637,11.75353],[124.88676,11.75395],[124.8871,11.75406],[124.8882,11.75379],[124.88921,11.75323],[124.88992,11.75261],[124.89009,11.75256],[124.89072,11.75189],[124.89139,11.75131],[124.89174,11.75127],[124.89269,11.75074],[124.89293,11.75114],[124.89338,11.75136],[124.89321,11.7519],[124.89344,11.75224],[124.89397,11.75239],[124.89428,11.75268],[124.89429,11.75329],[124.89485,11.75323],[124.89604,11.75259],[124.89633,11.75215],[124.89667,11.75181],[124.89718,11.75194],[124.89722,11.75281],[124.89739,11.75335],[124.89761,11.75357],[124.8979,11.75423],[124.89809,11.75485],[124.89928,11.75512],[124.89967,11.75504],[124.90003,11.75526],[124.90039,11.75532],[124.9006,11.75575],[124.90093,11.75555],[124.90098,11.75498],[124.90198,11.75401],[124.90224,11.75339],[124.90226,11.75288],[124.90254,11.75242],[124.90234,11.75157],[124.90228,11.75056],[124.90255,11.7496],[124.9032,11.7491],[124.90352,11.74884],[124.90421,11.74791],[124.90466,11.7475],[124.90497,11.74738],[124.90498,11.74691],[124.90481,11.7466],[124.90485,11.74628],[124.90543,11.7455],[124.90553,11.74527],[124.90637,11.7445],[124.90657,11.74394],[124.90682,11.74368],[124.90742,11.74329],[124.90801,11.74265],[124.90844,11.74207],[124.9086,11.74167],[124.90848,11.741],[124.90864,11.74083],[124.90979,11.741],[124.91007,11.74095],[124.91076,11.74118],[124.91134,11.74127],[124.91191,11.74149],[124.91246,11.74185],[124.91289,11.74184],[124.91463,11.74221],[124.91614,11.74303],[124.9168,11.74311],[124.91767,11.74302],[124.91837,11.74281],[124.91895,11.74323],[124.91854,11.74487],[124.91857,11.74589],[124.91885,11.74654],[124.91923,11.74695],[124.91887,11.74756],[124.91908,11.74782],[124.91945,11.7474],[124.9198,11.7474],[124.92012,11.74704],[124.92039,11.74699],[124.9208,11.7472],[124.92153,11.74729],[124.92215,11.7471],[124.92263,11.74627],[124.92322,11.74626],[124.92433,11.74674],[124.92461,11.74681],[124.92518,11.74717],[124.92525,11.74732],[124.92314,11.75704],[124.92158,11.75852],[124.91897,11.75904],[124.91726,11.759],[124.91626,11.76],[124.91456,11.76018],[124.91271,11.75982],[124.91448,11.76297],[124.91798,11.7731],[124.92146,11.77387],[124.92756,11.78306],[124.92705,11.79278],[124.92606,11.80331],[124.92658,11.80693],[124.92575,11.8113],[124.93016,11.8198],[124.93256,11.8251],[124.93456,11.83029],[124.9361,11.83189],[124.94324,11.85066],[124.94575,11.85732],[124.94929,11.86502],[124.95439,11.87647],[124.95577,11.87951],[124.95902,11.88509],[124.96921,11.91425],[124.93942,11.91533],[124.92032,11.90926],[124.91128,11.90319],[124.9004,11.89949],[124.89063,11.89607],[124.88136,11.89262],[124.86638,11.88712],[124.86472,11.88518]]],[[[124.89899,11.68655],[124.89817,11.6863],[124.89786,11.68627],[124.8971,11.68591],[124.8967,11.68528],[124.8974,11.68526],[124.8977,11.68548],[124.89841,11.68574],[124.89926,11.68642],[124.89899,11.68655]]],[[[124.90721,11.69893],[124.90681,11.6988],[124.90644,11.69829],[124.9064,11.69789],[124.90662,11.69765],[124.90632,11.69703],[124.90624,11.69656],[124.90537,11.69551],[124.90515,11.69537],[124.90473,11.69537],[124.90447,11.69505],[124.90437,11.69464],[124.90441,11.69406],[124.90382,11.69345],[124.90371,11.69277],[124.90346,11.69256],[124.90293,11.69244],[124.90257,11.69251],[124.90201,11.69302],[124.90143,11.69394],[124.90126,11.69401],[124.90069,11.69363],[124.90057,11.69346],[124.90063,11.69291],[124.90005,11.69241],[124.90012,11.69224],[124.89955,11.69132],[124.89932,11.69132],[124.8992,11.69063],[124.899,11.69007],[124.89978,11.69045],[124.90016,11.69078],[124.90086,11.69054],[124.90134,11.68985],[124.90144,11.68894],[124.90106,11.68855],[124.901,11.68792],[124.90067,11.68733],[124.90023,11.68694],[124.8999,11.68683],[124.8995,11.68644],[124.8998,11.68633],[124.90067,11.68667],[124.90117,11.68703],[124.90169,11.68769],[124.9023,11.68871],[124.90254,11.68882],[124.90289,11.68975],[124.90325,11.69007],[124.90342,11.69043],[124.90357,11.69119],[124.90351,11.69161],[124.9037,11.69245],[124.90395,11.69272],[124.90498,11.69293],[124.90558,11.6932],[124.9062,11.69368],[124.90642,11.69405],[124.90638,11.69427],[124.90684,11.6956],[124.90714,11.69631],[124.90731,11.69638],[124.9075,11.69687],[124.9076,11.69743],[124.90735,11.69818],[124.90748,11.69863],[124.90721,11.69893]]],[[[124.86988,11.7151],[124.86964,11.71455],[124.86943,11.71432],[124.86941,11.7139],[124.86986,11.71362],[124.86955,11.71304],[124.86974,11.71288],[124.86991,11.71226],[124.86965,11.71175],[124.8705,11.71034],[124.87109,11.71],[124.87146,11.70949],[124.8717,11.70878],[124.87202,11.70828],[124.87184,11.70807],[124.87218,11.70756],[124.87288,11.707],[124.87318,11.70701],[124.87351,11.70682],[124.87391,11.70601],[124.87404,11.70596],[124.87448,11.70527],[124.87482,11.7042],[124.87556,11.70416],[124.87592,11.70404],[124.87664,11.70408],[124.87753,11.70474],[124.87793,11.70494],[124.87849,11.705],[124.87926,11.70453],[124.87979,11.70383],[124.87988,11.7035],[124.88027,11.70297],[124.88087,11.70264],[124.88126,11.70216],[124.88149,11.70214],[124.882,11.70178],[124.88216,11.70133],[124.88254,11.70108],[124.88302,11.70028],[124.88359,11.6999],[124.88409,11.69969],[124.88478,11.6992],[124.8852,11.69847],[124.8852,11.69835],[124.88575,11.69737],[124.88627,11.69662],[124.88657,11.69594],[124.8873,11.6953],[124.88794,11.69489],[124.88815,11.69504],[124.88802,11.69558],[124.8877,11.69618],[124.88781,11.6966],[124.8876,11.69701],[124.88742,11.69759],[124.88712,11.69798],[124.88707,11.69824],[124.88675,11.69872],[124.88652,11.6995],[124.88605,11.70011],[124.8859,11.70052],[124.88557,11.7007],[124.88519,11.70165],[124.88492,11.70208],[124.88437,11.70275],[124.88373,11.70325],[124.88345,11.70389],[124.88318,11.7042],[124.88312,11.70448],[124.88263,11.70504],[124.88198,11.70532],[124.88144,11.70576],[124.88095,11.70589],[124.88059,11.70626],[124.8803,11.70715],[124.88029,11.70757],[124.87961,11.70783],[124.87944,11.7081],[124.8791,11.70831],[124.8787,11.70878],[124.8781,11.70921],[124.87752,11.70912],[124.87699,11.70924],[124.87681,11.70983],[124.87662,11.71004],[124.8761,11.70994],[124.87567,11.71021],[124.87577,11.7105],[124.87564,11.71109],[124.8753,11.7111],[124.87496,11.71129],[124.87485,11.7121],[124.87464,11.71255],[124.87428,11.71272],[124.87364,11.71321],[124.87333,11.71336],[124.87298,11.71336],[124.87212,11.71408],[124.87153,11.71419],[124.87071,11.71478],[124.87055,11.71497],[124.86988,11.7151]]],[[[124.73715,11.82072],[124.73704,11.82028],[124.73698,11.81929],[124.73711,11.81861],[124.7374,11.81824],[124.73813,11.81756],[124.73811,11.81732],[124.73855,11.81689],[124.73871,11.81584],[124.73864,11.81556],[124.73879,11.81484],[124.73851,11.81446],[124.73851,11.81395],[124.73814,11.81327],[124.73816,11.81283],[124.73779,11.81183],[124.73808,11.81148],[124.73843,11.81075],[124.73891,11.8094],[124.73927,11.80954],[124.73955,11.80937],[124.73993,11.80892],[124.74032,11.80878],[124.74065,11.80931],[124.74094,11.80951],[124.74114,11.80984],[124.74171,11.81044],[124.74206,11.81068],[124.74208,11.81098],[124.74283,11.8118],[124.74251,11.81222],[124.74284,11.81287],[124.74305,11.81373],[124.74294,11.81419],[124.74251,11.81459],[124.74203,11.81483],[124.74137,11.8153],[124.74038,11.81685],[124.74028,11.81724],[124.74001,11.81767],[124.73972,11.81787],[124.73934,11.8184],[124.73853,11.82002],[124.73835,11.82016],[124.73783,11.82027],[124.73715,11.82072]]],[[[124.799,11.79473],[124.7981,11.79462],[124.79802,11.79452],[124.79732,11.79438],[124.79739,11.79422],[124.79787,11.79395],[124.79818,11.7939],[124.7985,11.79409],[124.799,11.79473]]],[[[124.80611,11.79843],[124.80546,11.79814],[124.80514,11.79791],[124.80355,11.79737],[124.80252,11.79678],[124.80209,11.79673],[124.8017,11.79616],[124.80179,11.79598],[124.80291,11.79578],[124.80357,11.79529],[124.80389,11.79519],[124.80423,11.79601],[124.80441,11.79623],[124.80527,11.79681],[124.80571,11.79698],[124.80653,11.79711],[124.80654,11.79789],[124.80676,11.79831],[124.80611,11.79843]]],[[[124.81854,11.81845],[124.81767,11.81836],[124.81725,11.81793],[124.81718,11.81754],[124.81739,11.8171],[124.81811,11.81698],[124.81834,11.81669],[124.81861,11.81661],[124.81928,11.81686],[124.81918,11.81701],[124.81924,11.81759],[124.81917,11.818],[124.81886,11.81833],[124.81854,11.81845]]],[[[124.68437,11.81573],[124.68438,11.8152],[124.68463,11.81494],[124.68478,11.81398],[124.68459,11.81358],[124.68464,11.81334],[124.68434,11.81268],[124.68427,11.81174],[124.68396,11.81125],[124.68387,11.81072],[124.68352,11.80998],[124.6836,11.80956],[124.68397,11.80888],[124.68386,11.80847],[124.68425,11.80796],[124.68409,11.80781],[124.68425,11.80742],[124.68516,11.80675],[124.68531,11.8064],[124.68532,11.80602],[124.68562,11.80575],[124.68575,11.80523],[124.68562,11.80491],[124.68526,11.80474],[124.68553,11.80443],[124.68582,11.80444],[124.6863,11.80422],[124.68641,11.80394],[124.68666,11.80384],[124.68688,11.8035],[124.68712,11.80341],[124.68731,11.80291],[124.68744,11.802],[124.68788,11.80149],[124.68802,11.80099],[124.68824,11.8012],[124.68869,11.80128],[124.68957,11.80122],[124.68995,11.80098],[124.69015,11.80068],[124.69054,11.80077],[124.69151,11.80018],[124.69181,11.79988],[124.69229,11.79982],[124.69263,11.79955],[124.69281,11.79917],[124.69314,11.79889],[124.69347,11.79821],[124.69336,11.79775],[124.69421,11.79761],[124.69443,11.79764],[124.69462,11.79728],[124.69528,11.79716],[124.69545,11.79689],[124.69582,11.79692],[124.69635,11.79654],[124.69701,11.79593],[124.69782,11.79632],[124.6983,11.79711],[124.69861,11.79821],[124.69853,11.79885],[124.69828,11.79934],[124.69808,11.80044],[124.69736,11.80086],[124.69697,11.80043],[124.697,11.80005],[124.6968,11.79973],[124.6966,11.79916],[124.69571,11.79837],[124.6953,11.79893],[124.69496,11.7997],[124.69449,11.80005],[124.69422,11.80038],[124.69427,11.80103],[124.69483,11.80122],[124.69492,11.80139],[124.69566,11.80131],[124.69561,11.80165],[124.69577,11.80234],[124.69569,11.80272],[124.6958,11.80296],[124.69537,11.80363],[124.69445,11.80459],[124.69443,11.80522],[124.6948,11.80596],[124.69458,11.80649],[124.69414,11.80658],[124.69377,11.80648],[124.6931,11.80656],[124.69262,11.80635],[124.69256,11.80705],[124.69275,11.80731],[124.69297,11.80844],[124.69299,11.80934],[124.69264,11.80948],[124.69219,11.80939],[124.69103,11.80865],[124.6909,11.80849],[124.69016,11.80837],[124.68975,11.80794],[124.68934,11.8081],[124.68919,11.8087],[124.68931,11.80963],[124.68942,11.80978],[124.68924,11.81057],[124.68895,11.81111],[124.6886,11.81113],[124.68767,11.81139],[124.68693,11.81196],[124.68656,11.81215],[124.68627,11.81286],[124.68692,11.81395],[124.68736,11.81438],[124.68785,11.8146],[124.68806,11.81527],[124.68795,11.8157],[124.68768,11.81599],[124.68731,11.81573],[124.68694,11.81563],[124.68646,11.81585],[124.68629,11.81638],[124.68649,11.81716],[124.68678,11.81742],[124.68713,11.81742],[124.68747,11.81708],[124.68785,11.81703],[124.68814,11.81803],[124.68779,11.81826],[124.68754,11.81815],[124.68755,11.81776],[124.68719,11.81761],[124.68662,11.81776],[124.6861,11.81852],[124.68546,11.81881],[124.68469,11.81862],[124.68347,11.8191],[124.68309,11.81917],[124.68307,11.81947],[124.68324,11.81993],[124.68382,11.82019],[124.68433,11.8206],[124.6843,11.82071],[124.68367,11.82114],[124.68299,11.82131],[124.6829,11.82152],[124.68238,11.82191],[124.68244,11.82225],[124.68222,11.82253],[124.6824,11.82295],[124.68264,11.82307],[124.68311,11.82302],[124.68353,11.82314],[124.68421,11.82348],[124.68546,11.8237],[124.68619,11.82387],[124.68641,11.82401],[124.68685,11.82392],[124.68714,11.82354],[124.68687,11.82318],[124.68701,11.82297],[124.68798,11.82325],[124.68808,11.82308],[124.68862,11.82333],[124.68873,11.82376],[124.68826,11.82413],[124.68819,11.82454],[124.68843,11.82539],[124.68874,11.82559],[124.68918,11.82634],[124.68981,11.82691],[124.68993,11.82715],[124.68998,11.82772],[124.68955,11.8278],[124.68945,11.82758],[124.68898,11.82726],[124.68842,11.82703],[124.6877,11.82694],[124.68696,11.82719],[124.68647,11.82751],[124.68505,11.82902],[124.685,11.82948],[124.68424,11.82969],[124.68392,11.83012],[124.68357,11.83035],[124.6832,11.83007],[124.68273,11.82992],[124.6829,11.82932],[124.68256,11.82931],[124.68239,11.82891],[124.68277,11.82879],[124.68292,11.82841],[124.68282,11.82734],[124.68245,11.82673],[124.68218,11.82645],[124.68151,11.8261],[124.68102,11.82603],[124.68106,11.82581],[124.68043,11.82561],[124.68029,11.82585],[124.67991,11.82549],[124.67962,11.82556],[124.67925,11.82538],[124.67895,11.82542],[124.67858,11.82516],[124.67819,11.82474],[124.67757,11.82463],[124.67711,11.82419],[124.67673,11.82412],[124.67632,11.82389],[124.67549,11.82364],[124.67596,11.82282],[124.6754,11.8223],[124.67494,11.82203],[124.67465,11.82223],[124.67407,11.82197],[124.67386,11.82213],[124.67327,11.8219],[124.67313,11.82132],[124.67378,11.82132],[124.67406,11.82158],[124.67453,11.82154],[124.67521,11.8212],[124.67503,11.82072],[124.6751,11.82057],[124.67601,11.82038],[124.67594,11.81999],[124.67629,11.81981],[124.67646,11.81928],[124.67706,11.81916],[124.67745,11.81864],[124.6776,11.81821],[124.67748,11.81781],[124.67757,11.81752],[124.67736,11.81729],[124.67742,11.81691],[124.67719,11.81673],[124.67707,11.81624],[124.6774,11.81589],[124.67783,11.81608],[124.67813,11.81647],[124.67847,11.81668],[124.67879,11.81729],[124.67893,11.81777],[124.67951,11.81839],[124.67993,11.81836],[124.6801,11.81852],[124.68066,11.81869],[124.68142,11.8188],[124.68202,11.81875],[124.68259,11.81858],[124.68283,11.81827],[124.68317,11.81808],[124.6834,11.81819],[124.68379,11.8179],[124.68441,11.81694],[124.68452,11.81654],[124.68428,11.81616],[124.68437,11.81573]]],[[[124.72832,11.82832],[124.72795,11.82815],[124.72769,11.82827],[124.72741,11.82812],[124.72733,11.8278],[124.72664,11.82733],[124.72597,11.82719],[124.72573,11.82726],[124.72523,11.82664],[124.72578,11.82589],[124.72584,11.8255],[124.7255,11.8247],[124.72519,11.82433],[124.72479,11.82437],[124.72462,11.82412],[124.7247,11.82382],[124.72412,11.82353],[124.72438,11.82321],[124.7248,11.82305],[124.7251,11.82273],[124.72544,11.82203],[124.7254,11.8215],[124.72514,11.82102],[124.72543,11.82043],[124.72554,11.81993],[124.72593,11.81978],[124.72623,11.81987],[124.72655,11.82042],[124.72691,11.82077],[124.72709,11.82077],[124.72753,11.82131],[124.72802,11.82169],[124.72786,11.82236],[124.72804,11.82308],[124.72824,11.82345],[124.72863,11.82385],[124.72915,11.82421],[124.72961,11.82427],[124.72993,11.82489],[124.73059,11.82577],[124.73076,11.82682],[124.73048,11.82761],[124.73001,11.82788],[124.72924,11.82798],[124.72864,11.82826],[124.72832,11.82832]]],[[[124.69908,11.83386],[124.69855,11.83445],[124.69807,11.83475],[124.69793,11.83502],[124.69747,11.83534],[124.69716,11.83625],[124.69661,11.837],[124.69631,11.83694],[124.69583,11.83641],[124.69565,11.83587],[124.69478,11.83551],[124.69446,11.83558],[124.69386,11.83527],[124.69327,11.83516],[124.69251,11.83558],[124.69235,11.83578],[124.69141,11.8357],[124.69079,11.83593],[124.69021,11.83596],[124.6882,11.83677],[124.68792,11.8367],[124.6876,11.83635],[124.68777,11.83598],[124.68839,11.8362],[124.68896,11.83594],[124.68912,11.83567],[124.68917,11.8351],[124.68903,11.83485],[124.68911,11.8344],[124.68942,11.83373],[124.68987,11.83343],[124.68983,11.83318],[124.69015,11.83281],[124.69042,11.83212],[124.69066,11.83206],[124.69085,11.83175],[124.69091,11.83128],[124.69085,11.83079],[124.69103,11.83051],[124.69154,11.83014],[124.69209,11.82934],[124.69268,11.82828],[124.69301,11.82737],[124.69299,11.82639],[124.69262,11.8251],[124.69283,11.82468],[124.69289,11.82415],[124.69304,11.82392],[124.69294,11.82363],[124.69199,11.82298],[124.69051,11.82253],[124.68973,11.82182],[124.68951,11.82152],[124.68937,11.82102],[124.68947,11.82058],[124.68998,11.81953],[124.69059,11.81893],[124.6916,11.81845],[124.69235,11.81859],[124.69269,11.81854],[124.69321,11.81876],[124.69366,11.81885],[124.69451,11.8186],[124.69463,11.81884],[124.69507,11.81888],[124.69511,11.81934],[124.6955,11.81999],[124.69597,11.82008],[124.69624,11.82061],[124.69667,11.82102],[124.69706,11.8211],[124.69804,11.82027],[124.69838,11.82016],[124.69894,11.82083],[124.69889,11.82115],[124.6991,11.8214],[124.69849,11.82195],[124.69809,11.82207],[124.69743,11.82275],[124.69746,11.82318],[124.69774,11.82384],[124.69867,11.82449],[124.69926,11.82462],[124.69953,11.82457],[124.70067,11.82413],[124.7012,11.82424],[124.7016,11.82464],[124.70116,11.82613],[124.70103,11.82721],[124.70077,11.82782],[124.70021,11.82844],[124.70016,11.82896],[124.70032,11.8299],[124.70072,11.83037],[124.70101,11.83043],[124.70173,11.82985],[124.70256,11.82884],[124.70308,11.82861],[124.70393,11.82844],[124.70408,11.82821],[124.70446,11.82827],[124.70467,11.82807],[124.70525,11.82775],[124.70485,11.82754],[124.70479,11.82735],[124.70429,11.82701],[124.70394,11.82665],[124.70398,11.82646],[124.70441,11.82619],[124.70513,11.8259],[124.70584,11.82577],[124.70647,11.8254],[124.70732,11.8247],[124.70779,11.8245],[124.70846,11.82477],[124.70872,11.82547],[124.70836,11.82585],[124.70795,11.82611],[124.70774,11.82661],[124.70782,11.82726],[124.70757,11.82775],[124.70767,11.82825],[124.70747,11.82861],[124.70777,11.82931],[124.70818,11.82951],[124.70831,11.82985],[124.70804,11.83007],[124.70753,11.83023],[124.70745,11.83038],[124.70746,11.83168],[124.70756,11.83206],[124.70791,11.83251],[124.70853,11.83275],[124.70803,11.83368],[124.70799,11.83395],[124.70723,11.83413],[124.70625,11.83453],[124.70571,11.83452],[124.70514,11.83464],[124.70478,11.83494],[124.70408,11.83511],[124.70373,11.8353],[124.70349,11.83524],[124.70268,11.83541],[124.70204,11.83581],[124.70168,11.8357],[124.70158,11.83521],[124.70186,11.83492],[124.70179,11.8345],[124.70198,11.83398],[124.70169,11.8334],[124.70086,11.83298],[124.70016,11.83289],[124.69989,11.83302],[124.69908,11.83386]]],[[[124.71737,11.84445],[124.71657,11.84359],[124.71637,11.84361],[124.7162,11.84321],[124.71648,11.84301],[124.71686,11.84255],[124.71731,11.84229],[124.71783,11.84211],[124.71799,11.84192],[124.71853,11.84176],[124.71905,11.84134],[124.71965,11.84192],[124.71912,11.84271],[124.71825,11.84309],[124.71811,11.84348],[124.71827,11.84371],[124.71814,11.84419],[124.71737,11.84445]]],[[[124.87641,11.74567],[124.87636,11.74546],[124.87542,11.74542],[124.87473,11.74551],[124.87428,11.74548],[124.87411,11.74562],[124.87344,11.7455],[124.87335,11.74509],[124.87292,11.74447],[124.87288,11.74359],[124.87295,11.74262],[124.87342,11.74133],[124.8739,11.74117],[124.87429,11.74094],[124.8746,11.74041],[124.87521,11.73895],[124.87588,11.73865],[124.87588,11.73787],[124.87616,11.73761],[124.87667,11.7369],[124.87727,11.73637],[124.87764,11.73654],[124.87819,11.73768],[124.87799,11.73807],[124.8779,11.73869],[124.8779,11.73944],[124.87775,11.74018],[124.87795,11.74125],[124.87779,11.74147],[124.87775,11.74207],[124.87754,11.74229],[124.8775,11.74283],[124.8771,11.74386],[124.87676,11.74506],[124.87677,11.74532],[124.87641,11.74567]]],[[[124.86938,11.75105],[124.86925,11.75039],[124.86942,11.74987],[124.8697,11.74966],[124.8699,11.74874],[124.87023,11.74839],[124.87032,11.74805],[124.87061,11.74797],[124.87048,11.74748],[124.87107,11.74692],[124.87151,11.74675],[124.87246,11.74677],[124.8726,11.74712],[124.87236,11.74758],[124.87223,11.74811],[124.87218,11.74877],[124.87231,11.74985],[124.87218,11.75028],[124.87178,11.75077],[124.87128,11.75065],[124.87086,11.75075],[124.87066,11.75061],[124.87017,11.75086],[124.86987,11.75078],[124.86938,11.75105]]],[[[124.6945,11.81303],[124.69417,11.81282],[124.69427,11.81215],[124.69422,11.81176],[124.69441,11.81129],[124.69491,11.8112],[124.69504,11.8117],[124.69496,11.81204],[124.69503,11.81262],[124.6945,11.81303]]],[[[124.69136,11.81556],[124.69119,11.81529],[124.69095,11.81529],[124.69109,11.81477],[124.69143,11.81475],[124.69136,11.81556]]],[[[124.67728,11.83994],[124.67688,11.83909],[124.67661,11.83876],[124.67733,11.83865],[124.67768,11.83845],[124.67756,11.83811],[124.67837,11.83813],[124.6787,11.83807],[124.67912,11.83822],[124.67972,11.83813],[124.6802,11.83842],[124.68024,11.83881],[124.67992,11.83936],[124.67949,11.83955],[124.67906,11.83932],[124.67833,11.83955],[124.67799,11.8395],[124.67773,11.83981],[124.67728,11.83994]]],[[[124.89732,11.74846],[124.89712,11.74831],[124.89679,11.74848],[124.89642,11.74848],[124.89613,11.74804],[124.89608,11.74715],[124.89613,11.74657],[124.8964,11.74628],[124.89648,11.74582],[124.89621,11.74507],[124.8961,11.74438],[124.89635,11.74387],[124.89685,11.74339],[124.8975,11.74229],[124.89765,11.74254],[124.89746,11.74285],[124.89747,11.74349],[124.8976,11.74364],[124.89758,11.74441],[124.89734,11.74465],[124.89747,11.74504],[124.89711,11.74596],[124.8973,11.74627],[124.8974,11.74674],[124.89742,11.74786],[124.89722,11.74815],[124.89732,11.74846]]]]}},{"type":"Feature","properties":{"code":"0804806000","name":"Catubig","kind":"Municipality","provinceCode":"0804800000","province":"Northern Samar","areaKm2":242,"labelPoint":[125.09042,12.40389]},"geometry":{"type":"MultiPolygon","coordinates":[[[[125.11476,12.34214],[125.11867,12.33907],[125.12687,12.33262],[125.13887,12.32782],[125.13987,12.32152],[125.14043,12.31798],[125.14504,12.3153],[125.15413,12.31174],[125.17903,12.3014],[125.18769,12.3122],[125.19149,12.31692],[125.19926,12.32909],[125.20077,12.32851],[125.20595,12.33806],[125.21125,12.34784],[125.19917,12.36225],[125.1908,12.37231],[125.1773,12.38844],[125.15009,12.41475],[125.13455,12.42979],[125.11801,12.45045],[125.10739,12.46139],[125.08547,12.46095],[125.05793,12.45974],[125.06329,12.44644],[125.04653,12.44315],[125.04119,12.44235],[125.03945,12.44209],[125.01019,12.43946],[124.99206,12.43783],[124.97562,12.43635],[124.97528,12.42943],[124.97467,12.4172],[124.97423,12.40827],[124.97397,12.40359],[124.97354,12.39437],[124.97293,12.38218],[125.00882,12.37256],[125.03211,12.36632],[125.04964,12.36345],[125.06197,12.35853],[125.0718,12.35636],[125.08566,12.35327],[125.11476,12.34214]]],[[[125.0682,12.5626],[125.06664,12.56222],[125.06617,12.56201],[125.06484,12.56174],[125.06447,12.56191],[125.06326,12.56129],[125.06291,12.56038],[125.06314,12.56004],[125.06293,12.55924],[125.06239,12.55801],[125.06278,12.55729],[125.06244,12.55624],[125.06156,12.55512],[125.06079,12.55392],[125.05959,12.55325],[125.05925,12.55344],[125.0581,12.55337],[125.05729,12.55292],[125.05688,12.55223],[125.05654,12.54995],[125.05634,12.54903],[125.0559,12.54778],[125.05666,12.5474],[125.05931,12.54775],[125.06112,12.54824],[125.06188,12.54855],[125.06199,12.54889],[125.06288,12.54909],[125.06269,12.55065],[125.06311,12.55151],[125.06343,12.55165],[125.06398,12.55277],[125.06353,12.55337],[125.06351,12.55402],[125.06426,12.55486],[125.06399,12.55521],[125.06383,12.5562],[125.06466,12.55645],[125.06501,12.55699],[125.06524,12.55823],[125.06562,12.5592],[125.06634,12.55966],[125.06661,12.56024],[125.06652,12.56083],[125.06707,12.56151],[125.06728,12.56129],[125.068,12.56163],[125.06842,12.5622],[125.0682,12.5626]]],[[[125.05793,12.45974],[125.05469,12.47316],[125.0348,12.47161],[125.0308,12.47113],[125.03032,12.46972],[125.02992,12.46817],[125.03039,12.46729],[125.03167,12.46648],[125.03427,12.46555],[125.03615,12.46415],[125.03732,12.46209],[125.03815,12.45977],[125.03827,12.45841],[125.05793,12.45974]]]]}},{"type":"Feature","properties":{"code":"0806006000","name":"Daram","kind":"Municipality","provinceCode":"0806000000","province":"Samar Province","areaKm2":104,"labelPoint":[124.81235,11.5836]},"geometry":{"type":"MultiPolygon","coordinates":[[[[124.7544,11.67669],[124.75466,11.6771],[124.75465,11.67764],[124.75415,11.67857],[124.75429,11.67905],[124.75453,11.67926],[124.75523,11.67964],[124.75526,11.67982],[124.7557,11.68031],[124.75609,11.68038],[124.75634,11.68065],[124.75634,11.68115],[124.75657,11.6814],[124.7568,11.68133],[124.75732,11.68166],[124.75762,11.68217],[124.7576,11.68294],[124.75738,11.68387],[124.75751,11.68449],[124.75708,11.68489],[124.75682,11.68481],[124.75635,11.6842],[124.75593,11.68408],[124.75528,11.68414],[124.75483,11.68382],[124.75417,11.68362],[124.75384,11.6834],[124.75331,11.68246],[124.75312,11.68244],[124.75266,11.68277],[124.75245,11.68271],[124.75194,11.68229],[124.75161,11.68258],[124.75113,11.68247],[124.75091,11.68219],[124.75112,11.68277],[124.75099,11.683],[124.75096,11.68353],[124.75127,11.68392],[124.75133,11.68452],[124.75168,11.68486],[124.75173,11.68533],[124.75207,11.6857],[124.75246,11.68558],[124.75296,11.6856],[124.75309,11.68592],[124.75267,11.68702],[124.753,11.68743],[124.75318,11.68706],[124.75344,11.6871],[124.75378,11.68679],[124.75414,11.68613],[124.75483,11.6861],[124.75497,11.6864],[124.75495,11.68688],[124.75468,11.68747],[124.75451,11.68824],[124.75491,11.68914],[124.75549,11.68954],[124.7557,11.68957],[124.75596,11.69006],[124.75587,11.69101],[124.75623,11.69165],[124.75639,11.69217],[124.75699,11.69285],[124.75701,11.69419],[124.75713,11.69502],[124.75661,11.69527],[124.75627,11.69569],[124.75617,11.69615],[124.75579,11.69647],[124.75494,11.69769],[124.75501,11.69833],[124.75476,11.6986],[124.75391,11.69921],[124.75336,11.70007],[124.75332,11.70038],[124.75289,11.70047],[124.75216,11.70022],[124.75137,11.70013],[124.75111,11.69934],[124.75082,11.69888],[124.75078,11.69845],[124.75095,11.69826],[124.75094,11.69776],[124.75111,11.69721],[124.75133,11.69712],[124.75172,11.69648],[124.75172,11.69623],[124.75142,11.6958],[124.75137,11.69523],[124.75158,11.69496],[124.75158,11.69391],[124.7517,11.69344],[124.75168,11.69306],[124.75115,11.693],[124.7508,11.69325],[124.75025,11.69339],[124.75018,11.69309],[124.74984,11.69287],[124.74948,11.6931],[124.74911,11.69352],[124.7492,11.69395],[124.74854,11.69438],[124.74856,11.69474],[124.74764,11.69535],[124.74771,11.69571],[124.74819,11.6956],[124.74863,11.69575],[124.7489,11.69637],[124.74862,11.69712],[124.74869,11.6979],[124.74829,11.6981],[124.74796,11.69869],[124.7483,11.69908],[124.74846,11.70024],[124.74783,11.70089],[124.74722,11.70074],[124.74668,11.70076],[124.74635,11.70091],[124.74614,11.70117],[124.74576,11.70242],[124.74547,11.70298],[124.74523,11.70295],[124.7451,11.70255],[124.74508,11.70179],[124.74519,11.70112],[124.74503,11.7007],[124.74469,11.70055],[124.74413,11.70053],[124.74371,11.7011],[124.7429,11.70117],[124.74295,11.70147],[124.74224,11.70133],[124.74203,11.70163],[124.74155,11.70151],[124.74101,11.70154],[124.74061,11.70169],[124.74012,11.70151],[124.73986,11.7009],[124.73937,11.7008],[124.73891,11.70145],[124.73902,11.70237],[124.73841,11.70281],[124.73882,11.70325],[124.73899,11.70362],[124.73948,11.70398],[124.73971,11.70345],[124.74024,11.70305],[124.74067,11.70333],[124.74091,11.70327],[124.74148,11.70363],[124.74162,11.70394],[124.74169,11.70459],[124.74139,11.70519],[124.74096,11.70523],[124.74028,11.70582],[124.73973,11.7059],[124.73916,11.7052],[124.73878,11.70532],[124.73861,11.7052],[124.73804,11.70558],[124.73777,11.70587],[124.73752,11.70648],[124.73758,11.70694],[124.73754,11.70774],[124.73729,11.70836],[124.73652,11.70898],[124.73576,11.70946],[124.73509,11.70971],[124.7352,11.71019],[124.73554,11.71036],[124.73627,11.7103],[124.73648,11.71075],[124.73666,11.71081],[124.73734,11.71059],[124.7376,11.71029],[124.73767,11.70998],[124.73755,11.70956],[124.73767,11.70934],[124.73826,11.70874],[124.73884,11.7083],[124.7394,11.70815],[124.74025,11.7082],[124.74069,11.70894],[124.74151,11.70934],[124.74181,11.70922],[124.74207,11.70884],[124.7421,11.70857],[124.74239,11.70828],[124.74291,11.70839],[124.74349,11.708],[124.74387,11.7088],[124.74388,11.70919],[124.74304,11.70983],[124.74271,11.71047],[124.74213,11.71112],[124.74203,11.71147],[124.74213,11.71217],[124.74196,11.71275],[124.7413,11.71358],[124.74085,11.71399],[124.74059,11.71454],[124.74052,11.71507],[124.74056,11.71576],[124.74048,11.71605],[124.73995,11.71691],[124.73958,11.71697],[124.73904,11.71664],[124.73896,11.71643],[124.73837,11.71616],[124.73817,11.71532],[124.73793,11.71497],[124.73758,11.71478],[124.73649,11.71472],[124.73522,11.71509],[124.73454,11.71552],[124.73431,11.71582],[124.73385,11.71606],[124.73296,11.71634],[124.73261,11.71666],[124.73216,11.71741],[124.73146,11.71847],[124.73125,11.71911],[124.7315,11.71923],[124.7325,11.72039],[124.73288,11.72069],[124.73208,11.7211],[124.73115,11.72183],[124.73051,11.72261],[124.73028,11.72302],[124.7301,11.72379],[124.73071,11.72463],[124.73091,11.72531],[124.7311,11.72567],[124.73153,11.72603],[124.73256,11.72674],[124.73272,11.72709],[124.73302,11.7274],[124.73269,11.72774],[124.73283,11.72804],[124.73199,11.72799],[124.73108,11.72847],[124.7309,11.72841],[124.73006,11.72868],[124.72952,11.72935],[124.7288,11.72968],[124.72837,11.73005],[124.72809,11.73055],[124.72791,11.73155],[124.72784,11.73254],[124.72716,11.73279],[124.72673,11.73269],[124.72658,11.73223],[124.7267,11.73178],[124.72695,11.73148],[124.7269,11.73102],[124.72654,11.73054],[124.72633,11.72999],[124.72642,11.72966],[124.72682,11.72908],[124.72665,11.72882],[124.72658,11.72819],[124.72622,11.72801],[124.72617,11.72723],[124.72595,11.72706],[124.72609,11.72654],[124.72563,11.72613],[124.72443,11.72555],[124.72385,11.72533],[124.72334,11.72535],[124.72191,11.72628],[124.72135,11.727],[124.72008,11.728],[124.71982,11.72862],[124.71992,11.72888],[124.71937,11.72918],[124.71907,11.72914],[124.71891,11.72875],[124.71955,11.72793],[124.7192,11.72735],[124.71852,11.72718],[124.71766,11.72723],[124.71748,11.72761],[124.71727,11.72756],[124.71723,11.72653],[124.71629,11.72657],[124.71591,11.72632],[124.71622,11.72574],[124.71659,11.72574],[124.71654,11.72543],[124.7168,11.72516],[124.71675,11.72415],[124.71658,11.72385],[124.71743,11.72364],[124.71793,11.72336],[124.71821,11.72351],[124.71905,11.72361],[124.71963,11.72324],[124.71969,11.7227],[124.72025,11.72257],[124.72075,11.72232],[124.72096,11.72118],[124.72089,11.7209],[124.72106,11.72068],[124.72082,11.72041],[124.72073,11.7197],[124.72094,11.71944],[124.72084,11.71914],[124.72169,11.71908],[124.72224,11.71874],[124.72289,11.71874],[124.72335,11.7186],[124.7245,11.71762],[124.72589,11.71687],[124.72615,11.71693],[124.7261,11.71744],[124.72617,11.71775],[124.72662,11.71815],[124.72664,11.71853],[124.72641,11.71938],[124.72635,11.71988],[124.72661,11.72061],[124.72662,11.72094],[124.72683,11.7215],[124.72701,11.72167],[124.72776,11.72107],[124.72795,11.72061],[124.72784,11.72049],[124.72811,11.71981],[124.72801,11.71925],[124.72821,11.71855],[124.72862,11.71797],[124.72924,11.71723],[124.72948,11.71669],[124.72936,11.71617],[124.72964,11.71497],[124.72954,11.71382],[124.72939,11.71348],[124.72953,11.71316],[124.72943,11.71261],[124.72953,11.7122],[124.72981,11.71182],[124.72963,11.71129],[124.72916,11.71053],[124.72886,11.71046],[124.72821,11.71002],[124.72757,11.70998],[124.7269,11.7102],[124.72656,11.71044],[124.7263,11.71031],[124.72595,11.71036],[124.72547,11.7106],[124.72491,11.71016],[124.72442,11.70954],[124.72395,11.70881],[124.72354,11.70863],[124.72266,11.70878],[124.72218,11.70863],[124.72209,11.70823],[124.72221,11.70785],[124.72249,11.7077],[124.72253,11.70709],[124.72242,11.70645],[124.72208,11.70591],[124.722,11.70532],[124.72152,11.70471],[124.72069,11.70464],[124.7203,11.70446],[124.72018,11.70421],[124.71958,11.7044],[124.71937,11.70463],[124.71948,11.7049],[124.71915,11.70561],[124.71861,11.7062],[124.71852,11.70647],[124.7178,11.70763],[124.71687,11.70864],[124.71646,11.70884],[124.71594,11.70973],[124.71527,11.70917],[124.71447,11.70882],[124.71357,11.70909],[124.71244,11.71003],[124.71219,11.71017],[124.71147,11.71104],[124.71123,11.7111],[124.70988,11.71205],[124.70922,11.71221],[124.7084,11.71266],[124.70735,11.71361],[124.70694,11.71371],[124.70656,11.714],[124.70601,11.71333],[124.7063,11.71291],[124.70664,11.71273],[124.70693,11.71208],[124.70676,11.71136],[124.70634,11.71112],[124.70593,11.7106],[124.70571,11.71011],[124.70621,11.71001],[124.7067,11.70968],[124.70643,11.7092],[124.70647,11.70876],[124.70699,11.70735],[124.70679,11.70604],[124.70635,11.70561],[124.7062,11.70531],[124.70613,11.70429],[124.70586,11.70376],[124.70648,11.70364],[124.7067,11.70387],[124.70732,11.70407],[124.70787,11.70439],[124.70859,11.70417],[124.70913,11.7038],[124.70936,11.70342],[124.70918,11.7027],[124.70924,11.70232],[124.70963,11.70196],[124.7097,11.70125],[124.70954,11.70102],[124.70937,11.70031],[124.70938,11.6998],[124.7092,11.69943],[124.70875,11.6989],[124.70891,11.69826],[124.7093,11.69795],[124.70963,11.69788],[124.71046,11.69786],[124.71083,11.69768],[124.71177,11.6977],[124.71216,11.6979],[124.71246,11.69831],[124.71261,11.6987],[124.7128,11.69982],[124.71333,11.70092],[124.7135,11.70155],[124.71393,11.70246],[124.71409,11.7031],[124.71406,11.70351],[124.71444,11.70426],[124.71433,11.7049],[124.71438,11.70517],[124.71467,11.70552],[124.71535,11.70585],[124.71635,11.70603],[124.71688,11.70596],[124.71817,11.70479],[124.71828,11.70419],[124.71845,11.70359],[124.7183,11.70257],[124.71854,11.70148],[124.71851,11.70117],[124.71912,11.70112],[124.71958,11.70084],[124.72034,11.70069],[124.71996,11.70042],[124.72007,11.70005],[124.72036,11.70004],[124.72074,11.69935],[124.72154,11.69888],[124.72187,11.69848],[124.72215,11.69777],[124.7226,11.69725],[124.72291,11.69661],[124.72375,11.69679],[124.72432,11.69655],[124.72471,11.69593],[124.72452,11.69472],[124.72464,11.6942],[124.7246,11.69339],[124.72442,11.69274],[124.72375,11.69255],[124.72342,11.69189],[124.72328,11.69141],[124.7234,11.69046],[124.72344,11.68934],[124.7234,11.68887],[124.72298,11.68807],[124.7229,11.68758],[124.72269,11.68728],[124.72278,11.68696],[124.72256,11.68674],[124.72254,11.68641],[124.72192,11.68561],[124.72206,11.68513],[124.72196,11.68495],[124.72212,11.68453],[124.72211,11.6842],[124.72253,11.68388],[124.72252,11.68346],[124.7227,11.68294],[124.72261,11.68257],[124.72311,11.68252],[124.72312,11.68218],[124.72351,11.68226],[124.72375,11.68205],[124.72387,11.6815],[124.72375,11.68088],[124.72316,11.68065],[124.72271,11.68034],[124.72234,11.68022],[124.72223,11.67957],[124.72222,11.67885],[124.72233,11.67822],[124.7221,11.67754],[124.72257,11.67722],[124.72256,11.67699],[124.7229,11.67638],[124.72299,11.67569],[124.72295,11.67518],[124.723,11.6744],[124.72283,11.67414],[124.72241,11.67383],[124.72175,11.67376],[124.72117,11.67452],[124.72051,11.67442],[124.7202,11.67403],[124.71948,11.67396],[124.71881,11.67441],[124.71858,11.67475],[124.71854,11.67533],[124.71829,11.67552],[124.7178,11.67528],[124.71764,11.67474],[124.71721,11.67453],[124.71671,11.67387],[124.71669,11.67358],[124.71694,11.67322],[124.71737,11.67314],[124.71762,11.67292],[124.71833,11.67278],[124.71883,11.67313],[124.71903,11.67349],[124.71941,11.67347],[124.72024,11.67306],[124.72052,11.67235],[124.72053,11.67199],[124.72078,11.67161],[124.7209,11.67106],[124.7209,11.67022],[124.72105,11.66977],[124.72091,11.66892],[124.72067,11.66884],[124.72064,11.66846],[124.72036,11.66817],[124.72033,11.66719],[124.72117,11.6668],[124.72153,11.66677],[124.72171,11.66625],[124.72225,11.66596],[124.72253,11.666],[124.72256,11.66568],[124.72284,11.66531],[124.72274,11.66514],[124.72297,11.66449],[124.72376,11.66346],[124.72404,11.66324],[124.72442,11.6632],[124.72466,11.66357],[124.7249,11.66419],[124.72514,11.66502],[124.72509,11.66599],[124.72523,11.667],[124.72543,11.66757],[124.72554,11.66838],[124.72615,11.66962],[124.72629,11.67013],[124.72636,11.67075],[124.72663,11.67152],[124.72714,11.67201],[124.72768,11.67215],[124.72803,11.67243],[124.72832,11.67298],[124.72866,11.67408],[124.72911,11.67606],[124.72939,11.6764],[124.7297,11.67652],[124.73017,11.67689],[124.7307,11.67688],[124.73105,11.67663],[124.73108,11.67596],[124.73088,11.67553],[124.73085,11.67503],[124.73095,11.67483],[124.73111,11.67446],[124.73188,11.67327],[124.73204,11.67283],[124.73221,11.67183],[124.732,11.67061],[124.73219,11.6699],[124.73214,11.66957],[124.73181,11.6687],[124.73173,11.66831],[124.73223,11.66789],[124.73247,11.66748],[124.73251,11.66688],[124.73244,11.6664],[124.73192,11.66526],[124.73203,11.6642],[124.73234,11.66343],[124.73199,11.663],[124.73199,11.6624],[124.73262,11.66259],[124.7331,11.66295],[124.73357,11.66284],[124.73424,11.66333],[124.73472,11.66331],[124.73519,11.66311],[124.73561,11.6627],[124.73576,11.66227],[124.73601,11.66228],[124.73585,11.66167],[124.73596,11.66098],[124.73591,11.66029],[124.73664,11.66],[124.73735,11.65925],[124.73763,11.65871],[124.73755,11.6581],[124.73765,11.65755],[124.7384,11.65707],[124.73867,11.65631],[124.73851,11.65519],[124.73819,11.65463],[124.73782,11.65443],[124.7372,11.65428],[124.7366,11.65398],[124.73639,11.65337],[124.73682,11.65271],[124.73708,11.65253],[124.73721,11.65186],[124.7371,11.6513],[124.73724,11.65007],[124.73744,11.64969],[124.73744,11.64928],[124.73709,11.64839],[124.73662,11.64809],[124.73597,11.64803],[124.73615,11.64748],[124.73611,11.64706],[124.73575,11.64638],[124.73601,11.6461],[124.73595,11.64566],[124.7363,11.64526],[124.73701,11.64494],[124.73718,11.64453],[124.73724,11.64389],[124.73708,11.6435],[124.73665,11.64322],[124.73645,11.64255],[124.73642,11.64214],[124.73613,11.6419],[124.73608,11.64122],[124.73634,11.64113],[124.7366,11.64077],[124.73669,11.64016],[124.73691,11.63966],[124.73714,11.63974],[124.73754,11.64018],[124.73799,11.64052],[124.73817,11.64079],[124.73869,11.64121],[124.73943,11.64204],[124.73985,11.64263],[124.74044,11.64313],[124.74061,11.64336],[124.74098,11.64352],[124.74152,11.64397],[124.74174,11.6444],[124.74174,11.64472],[124.74152,11.6456],[124.74183,11.6466],[124.74187,11.64717],[124.74141,11.64829],[124.74136,11.64873],[124.74115,11.64949],[124.74096,11.64966],[124.74105,11.65036],[124.7413,11.65043],[124.74199,11.65039],[124.743,11.65053],[124.74353,11.65089],[124.74402,11.65138],[124.74475,11.6514],[124.7458,11.65108],[124.7469,11.65024],[124.74799,11.64995],[124.74839,11.65029],[124.749,11.65067],[124.74929,11.65013],[124.74926,11.64955],[124.74904,11.64922],[124.74909,11.6486],[124.74926,11.64813],[124.74905,11.6475],[124.74914,11.647],[124.7493,11.64681],[124.7495,11.64621],[124.74986,11.6456],[124.7498,11.6451],[124.74991,11.64444],[124.74967,11.64377],[124.74966,11.64351],[124.7499,11.6425],[124.75051,11.642],[124.75083,11.64184],[124.75221,11.64221],[124.75318,11.64186],[124.7536,11.64153],[124.75404,11.64158],[124.75483,11.6412],[124.75592,11.64049],[124.75617,11.64025],[124.75649,11.64031],[124.75649,11.63992],[124.75691,11.63921],[124.75683,11.63815],[124.75672,11.63798],[124.7569,11.63722],[124.75758,11.63581],[124.75805,11.63495],[124.75818,11.63445],[124.75899,11.63361],[124.75965,11.63279],[124.75995,11.63229],[124.76021,11.63131],[124.76048,11.63059],[124.76063,11.62952],[124.76198,11.629],[124.76232,11.62926],[124.76304,11.62938],[124.76404,11.62935],[124.76508,11.62906],[124.76581,11.62881],[124.76619,11.62889],[124.76654,11.62871],[124.76672,11.62836],[124.7675,11.62811],[124.76796,11.62785],[124.76834,11.6279],[124.7686,11.6278],[124.76901,11.62685],[124.76902,11.62602],[124.76926,11.62564],[124.76917,11.62547],[124.76927,11.62489],[124.76979,11.62449],[124.76965,11.62416],[124.76927,11.62446],[124.76883,11.62465],[124.76845,11.62453],[124.76811,11.62458],[124.76768,11.62396],[124.76724,11.62403],[124.76636,11.62385],[124.76598,11.624],[124.76574,11.62469],[124.76545,11.62501],[124.76502,11.62532],[124.76436,11.62546],[124.76361,11.62526],[124.76324,11.625],[124.76308,11.62471],[124.76259,11.6243],[124.76203,11.62441],[124.76182,11.62424],[124.76268,11.62388],[124.76319,11.62373],[124.76406,11.62314],[124.76449,11.62264],[124.76439,11.62223],[124.76469,11.62187],[124.76541,11.62218],[124.76691,11.62223],[124.76713,11.62231],[124.76763,11.62277],[124.76787,11.62309],[124.76888,11.62348],[124.76966,11.62348],[124.77015,11.62317],[124.77034,11.62283],[124.77082,11.62262],[124.77117,11.62218],[124.77157,11.62145],[124.77186,11.62064],[124.77237,11.62053],[124.77318,11.62065],[124.77362,11.62053],[124.77466,11.61915],[124.7749,11.61911],[124.77632,11.61831],[124.77694,11.61792],[124.77742,11.6175],[124.77777,11.6169],[124.77803,11.61518],[124.77848,11.61463],[124.7789,11.61361],[124.77938,11.61286],[124.77952,11.61251],[124.77973,11.61156],[124.78033,11.61144],[124.78077,11.61099],[124.78117,11.61041],[124.78177,11.61],[124.78222,11.60946],[124.78288,11.60946],[124.78412,11.60929],[124.78458,11.60909],[124.78514,11.60867],[124.78549,11.60862],[124.78588,11.60904],[124.78622,11.60908],[124.78701,11.60869],[124.78751,11.60859],[124.78816,11.60807],[124.7883,11.60781],[124.78892,11.60708],[124.7894,11.60627],[124.78963,11.60575],[124.78981,11.60469],[124.78945,11.60422],[124.78919,11.60407],[124.78926,11.60382],[124.78972,11.60321],[124.79001,11.60305],[124.79033,11.60264],[124.79092,11.60237],[124.79145,11.60175],[124.7913,11.60131],[124.79101,11.60113],[124.79079,11.60062],[124.79054,11.60044],[124.79018,11.59959],[124.78957,11.59922],[124.78847,11.59912],[124.78819,11.59928],[124.7873,11.59933],[124.78691,11.59949],[124.78647,11.59973],[124.78554,11.59984],[124.78503,11.59985],[124.78458,11.60019],[124.7835,11.60014],[124.78262,11.60078],[124.78218,11.60078],[124.78195,11.60015],[124.78202,11.59988],[124.78263,11.59967],[124.78314,11.59979],[124.78337,11.59965],[124.78343,11.59934],[124.78368,11.59915],[124.78398,11.59916],[124.78426,11.59891],[124.78501,11.59877],[124.7852,11.59797],[124.78549,11.59731],[124.7854,11.59689],[124.78479,11.59654],[124.78481,11.59586],[124.78441,11.59556],[124.78395,11.59598],[124.78365,11.5957],[124.78294,11.59555],[124.78255,11.59536],[124.78239,11.59464],[124.78215,11.59458],[124.78195,11.59482],[124.78141,11.59498],[124.78131,11.59568],[124.78118,11.5959],[124.77993,11.59689],[124.77956,11.59754],[124.77937,11.598],[124.77884,11.59867],[124.77826,11.59911],[124.77777,11.59957],[124.77704,11.59962],[124.77661,11.60013],[124.77585,11.60079],[124.7753,11.60118],[124.77443,11.60124],[124.77422,11.60148],[124.77356,11.60174],[124.77341,11.6019],[124.77281,11.60215],[124.77248,11.60252],[124.7718,11.60268],[124.77026,11.60395],[124.76942,11.60439],[124.76805,11.60493],[124.76712,11.6052],[124.76642,11.60548],[124.76589,11.60595],[124.76533,11.60658],[124.76524,11.60684],[124.76486,11.60709],[124.76466,11.60769],[124.76411,11.60779],[124.76353,11.60835],[124.76299,11.60851],[124.76211,11.60897],[124.7615,11.60948],[124.7612,11.60933],[124.76114,11.60905],[124.76147,11.60824],[124.7613,11.60793],[124.76121,11.60733],[124.76173,11.60644],[124.76185,11.606],[124.76191,11.60517],[124.76228,11.60425],[124.76239,11.60319],[124.7623,11.60211],[124.76217,11.60138],[124.7621,11.60043],[124.76179,11.59982],[124.76077,11.59914],[124.76026,11.59911],[124.75962,11.59944],[124.75853,11.59969],[124.7584,11.59941],[124.75802,11.59926],[124.75799,11.59894],[124.75818,11.59875],[124.75837,11.59814],[124.75864,11.59805],[124.75906,11.59661],[124.75951,11.59551],[124.75994,11.59492],[124.76008,11.59441],[124.76105,11.59502],[124.76195,11.59497],[124.76219,11.59451],[124.76289,11.59398],[124.76338,11.59386],[124.76349,11.59365],[124.76416,11.59369],[124.76451,11.59357],[124.76492,11.5931],[124.76488,11.59223],[124.76391,11.59153],[124.76339,11.59138],[124.76322,11.59067],[124.76345,11.59025],[124.76336,11.58974],[124.76313,11.58934],[124.76339,11.5892],[124.76335,11.5888],[124.76346,11.58851],[124.7636,11.58741],[124.76417,11.58713],[124.76484,11.58593],[124.76498,11.58527],[124.76546,11.58473],[124.76591,11.58434],[124.76692,11.58388],[124.76723,11.58331],[124.76684,11.58281],[124.76642,11.58257],[124.76587,11.58244],[124.76538,11.58221],[124.76444,11.58231],[124.76369,11.58245],[124.76354,11.58219],[124.76383,11.58193],[124.76395,11.58018],[124.76427,11.5797],[124.76446,11.57894],[124.76487,11.5783],[124.76501,11.57762],[124.76497,11.57647],[124.7653,11.57615],[124.7658,11.57528],[124.76607,11.5746],[124.76648,11.57415],[124.76696,11.57408],[124.76831,11.57406],[124.7687,11.57377],[124.76941,11.57307],[124.7699,11.57242],[124.77018,11.5722],[124.77049,11.57168],[124.77078,11.57172],[124.77116,11.57222],[124.77167,11.57304],[124.77176,11.57347],[124.77207,11.57388],[124.77219,11.5747],[124.77235,11.57481],[124.77307,11.57483],[124.77387,11.57485],[124.77477,11.5748],[124.77501,11.57445],[124.77491,11.57419],[124.7751,11.57384],[124.77558,11.57383],[124.77584,11.57411],[124.77664,11.57408],[124.77737,11.5732],[124.77745,11.57267],[124.77738,11.57222],[124.77745,11.5716],[124.77705,11.57068],[124.77724,11.57003],[124.77745,11.56982],[124.77792,11.56983],[124.77815,11.56971],[124.77904,11.56897],[124.77921,11.56873],[124.78005,11.56852],[124.78069,11.56795],[124.78099,11.56786],[124.78197,11.56785],[124.78301,11.5679],[124.78382,11.56785],[124.78446,11.56793],[124.78573,11.56752],[124.78659,11.56755],[124.78711,11.56771],[124.79006,11.56903],[124.79084,11.56928],[124.79158,11.56927],[124.79217,11.5696],[124.79305,11.5694],[124.79395,11.56936],[124.79432,11.56921],[124.7949,11.56912],[124.79515,11.56882],[124.79572,11.56894],[124.79594,11.56888],[124.79636,11.56837],[124.7971,11.56795],[124.79761,11.56809],[124.79811,11.56791],[124.79839,11.56721],[124.79883,11.56689],[124.79969,11.5668],[124.8003,11.5666],[124.80073,11.56662],[124.80143,11.56688],[124.80303,11.56688],[124.80339,11.56667],[124.8043,11.56657],[124.8046,11.56654],[124.8049,11.56633],[124.80509,11.566],[124.80636,11.56578],[124.80669,11.56549],[124.80711,11.56539],[124.80715,11.56516],[124.80677,11.56456],[124.80673,11.5642],[124.8065,11.56378],[124.80612,11.56367],[124.80602,11.56343],[124.80603,11.56286],[124.80549,11.56218],[124.80502,11.56128],[124.80493,11.56084],[124.80462,11.56041],[124.80497,11.56008],[124.80528,11.56003],[124.80556,11.55941],[124.80517,11.55903],[124.80483,11.55901],[124.80439,11.5587],[124.80354,11.55856],[124.80327,11.55829],[124.8025,11.55807],[124.80208,11.55784],[124.80127,11.55772],[124.79982,11.55772],[124.79955,11.55733],[124.79908,11.55723],[124.79837,11.55728],[124.79799,11.55743],[124.7971,11.55816],[124.79688,11.55827],[124.79593,11.55833],[124.79409,11.55836],[124.79394,11.55843],[124.79341,11.55906],[124.79297,11.55942],[124.79242,11.55962],[124.79141,11.55975],[124.7908,11.55973],[124.78965,11.55923],[124.7895,11.55877],[124.78911,11.5585],[124.78919,11.55777],[124.78941,11.55748],[124.78957,11.55685],[124.78946,11.55629],[124.78973,11.55533],[124.78984,11.55521],[124.7909,11.55457],[124.79103,11.55411],[124.79133,11.55392],[124.79166,11.55426],[124.79194,11.55431],[124.7923,11.55476],[124.79294,11.55497],[124.79365,11.5553],[124.79401,11.55493],[124.7943,11.55492],[124.7944,11.55425],[124.79455,11.55395],[124.79431,11.55323],[124.79409,11.55291],[124.79349,11.55255],[124.79261,11.55165],[124.79219,11.55068],[124.79207,11.54995],[124.79187,11.5495],[124.79114,11.54887],[124.79127,11.54853],[124.79183,11.54811],[124.7922,11.54814],[124.7927,11.54791],[124.79328,11.54791],[124.79389,11.54732],[124.79415,11.5472],[124.79536,11.5472],[124.79577,11.54645],[124.79585,11.54611],[124.79519,11.54526],[124.79482,11.54428],[124.79471,11.54381],[124.7948,11.54349],[124.79522,11.54358],[124.79554,11.54352],[124.79606,11.54319],[124.79646,11.54332],[124.79738,11.54323],[124.798,11.54298],[124.79859,11.54241],[124.79932,11.54252],[124.79983,11.54196],[124.79981,11.5415],[124.80012,11.54098],[124.80038,11.54115],[124.8008,11.54113],[124.80129,11.54076],[124.80147,11.54036],[124.80153,11.53946],[124.80165,11.53912],[124.80244,11.53956],[124.80281,11.54002],[124.8031,11.54071],[124.80301,11.54165],[124.80306,11.54202],[124.80345,11.54247],[124.80379,11.54265],[124.80423,11.54328],[124.80389,11.54356],[124.80407,11.54376],[124.80449,11.54329],[124.80511,11.54302],[124.80544,11.54229],[124.80579,11.54207],[124.8063,11.54136],[124.80626,11.54115],[124.80665,11.54105],[124.80709,11.54067],[124.80889,11.54158],[124.8096,11.54175],[124.8101,11.54117],[124.81037,11.54055],[124.81084,11.54049],[124.81045,11.54035],[124.81029,11.54014],[124.80925,11.53934],[124.80889,11.53918],[124.80854,11.53869],[124.80841,11.53802],[124.80863,11.53756],[124.80899,11.5373],[124.81004,11.53697],[124.81049,11.53613],[124.8104,11.53589],[124.81086,11.53561],[124.81138,11.53546],[124.81177,11.5355],[124.812,11.53528],[124.81231,11.53529],[124.81248,11.53508],[124.81295,11.5352],[124.81379,11.53581],[124.8144,11.53686],[124.81463,11.53757],[124.81508,11.53829],[124.81588,11.53854],[124.81602,11.5387],[124.8164,11.5385],[124.81647,11.53879],[124.81705,11.53864],[124.81692,11.53817],[124.81665,11.53803],[124.81686,11.53735],[124.81652,11.53664],[124.81642,11.53614],[124.8161,11.5356],[124.81601,11.53504],[124.81621,11.53433],[124.81671,11.53414],[124.8175,11.53467],[124.81816,11.53454],[124.81868,11.53431],[124.81883,11.53444],[124.81975,11.53424],[124.81986,11.53375],[124.81971,11.53339],[124.81839,11.53288],[124.81791,11.53241],[124.81776,11.53188],[124.81716,11.53166],[124.81699,11.53121],[124.8173,11.53074],[124.81768,11.53049],[124.818,11.53049],[124.81885,11.53068],[124.81923,11.53098],[124.8196,11.53092],[124.82005,11.53058],[124.82017,11.53023],[124.8206,11.5301],[124.82097,11.53028],[124.82137,11.53129],[124.82133,11.53231],[124.82146,11.53253],[124.82208,11.53261],[124.82226,11.53235],[124.82232,11.53186],[124.82215,11.53136],[124.82219,11.53101],[124.82246,11.53047],[124.82293,11.53024],[124.82328,11.53025],[124.82352,11.53],[124.82411,11.53056],[124.82434,11.53095],[124.82445,11.5318],[124.82465,11.53204],[124.82591,11.53227],[124.82624,11.53272],[124.82655,11.53276],[124.82678,11.53305],[124.82783,11.5333],[124.82815,11.53385],[124.8287,11.53415],[124.82911,11.53417],[124.82933,11.53443],[124.82943,11.5351],[124.82898,11.53547],[124.82884,11.53587],[124.82907,11.5365],[124.82969,11.53677],[124.83,11.53681],[124.8304,11.53674],[124.83089,11.53682],[124.83137,11.53667],[124.83111,11.53714],[124.83124,11.5376],[124.83125,11.53811],[124.83166,11.5383],[124.83177,11.53876],[124.83215,11.53904],[124.83222,11.53929],[124.83295,11.53918],[124.83302,11.53979],[124.8336,11.54053],[124.83411,11.54069],[124.83493,11.54115],[124.8349,11.54147],[124.83467,11.54177],[124.8348,11.54227],[124.83579,11.54282],[124.83585,11.54331],[124.83639,11.54386],[124.83698,11.54412],[124.83779,11.54418],[124.83815,11.5441],[124.83824,11.54454],[124.83803,11.54516],[124.8381,11.54545],[124.8385,11.54586],[124.83865,11.54617],[124.8385,11.54677],[124.83871,11.54717],[124.83841,11.54762],[124.83815,11.54822],[124.83818,11.54871],[124.8379,11.54897],[124.83826,11.549],[124.83841,11.54941],[124.83917,11.54947],[124.83925,11.54975],[124.83891,11.55042],[124.83896,11.55086],[124.83862,11.55112],[124.83866,11.55138],[124.83808,11.55217],[124.8374,11.55197],[124.83705,11.55221],[124.83641,11.55177],[124.83614,11.55215],[124.83669,11.55265],[124.83732,11.55295],[124.83707,11.55336],[124.83684,11.5534],[124.83659,11.55269],[124.83598,11.5523],[124.83567,11.55267],[124.83528,11.55281],[124.83506,11.55347],[124.83538,11.55413],[124.83577,11.55443],[124.83577,11.55515],[124.83594,11.55524],[124.83651,11.55517],[124.83686,11.55539],[124.83693,11.55561],[124.83763,11.55561],[124.83739,11.55626],[124.83729,11.55678],[124.83666,11.55678],[124.83615,11.55655],[124.8359,11.55625],[124.83567,11.55648],[124.83567,11.55695],[124.83597,11.55728],[124.83604,11.55777],[124.83538,11.55796],[124.83537,11.5575],[124.83495,11.55698],[124.83455,11.55688],[124.83411,11.55657],[124.83391,11.55661],[124.83353,11.55714],[124.83318,11.5574],[124.8329,11.55817],[124.83324,11.55831],[124.83374,11.55879],[124.83419,11.55877],[124.83455,11.55897],[124.83453,11.55946],[124.83494,11.55974],[124.83492,11.5602],[124.83511,11.56065],[124.83542,11.56087],[124.83534,11.56144],[124.8354,11.56206],[124.83486,11.56245],[124.83468,11.56281],[124.83488,11.56303],[124.83491,11.56453],[124.8357,11.56465],[124.8359,11.56528],[124.83617,11.56543],[124.83683,11.5652],[124.83738,11.56526],[124.83799,11.56582],[124.83773,11.56602],[124.83742,11.56651],[124.83731,11.56722],[124.83678,11.56782],[124.83625,11.56813],[124.8356,11.56813],[124.83503,11.56836],[124.83487,11.56865],[124.83447,11.56877],[124.83424,11.56899],[124.83424,11.57031],[124.83435,11.57101],[124.83476,11.57118],[124.83522,11.57072],[124.83537,11.57085],[124.83534,11.57133],[124.83558,11.57162],[124.83648,11.57181],[124.83761,11.5718],[124.83795,11.57172],[124.83854,11.57134],[124.83914,11.57149],[124.83936,11.57189],[124.8394,11.57258],[124.83893,11.57371],[124.83889,11.57402],[124.83918,11.57424],[124.83938,11.57491],[124.83938,11.57532],[124.8389,11.57575],[124.83847,11.57573],[124.83832,11.57551],[124.83773,11.57566],[124.83753,11.57537],[124.83768,11.57461],[124.83754,11.5744],[124.83682,11.5744],[124.8361,11.57451],[124.83534,11.57502],[124.83497,11.57566],[124.83492,11.5759],[124.83522,11.57623],[124.83496,11.57645],[124.8346,11.57616],[124.83417,11.57636],[124.83369,11.57641],[124.83336,11.57607],[124.83294,11.5758],[124.8326,11.57577],[124.83235,11.57537],[124.83175,11.57507],[124.83157,11.57522],[124.83149,11.57568],[124.83153,11.57602],[124.8308,11.57671],[124.8307,11.57771],[124.83089,11.57841],[124.83082,11.57889],[124.83102,11.5795],[124.83074,11.58022],[124.83088,11.58061],[124.83113,11.58069],[124.83191,11.58061],[124.83238,11.58065],[124.83332,11.58093],[124.83356,11.58067],[124.83403,11.5806],[124.83438,11.58073],[124.83451,11.581],[124.83454,11.58205],[124.83467,11.58282],[124.83493,11.58356],[124.8353,11.58386],[124.83568,11.58382],[124.83618,11.5835],[124.83654,11.58398],[124.83686,11.58461],[124.83698,11.58518],[124.8369,11.58593],[124.83632,11.58578],[124.83623,11.58609],[124.83593,11.58646],[124.83548,11.58615],[124.8349,11.58621],[124.83476,11.58655],[124.83485,11.58761],[124.83508,11.58783],[124.83565,11.58778],[124.8362,11.58757],[124.83655,11.58814],[124.83668,11.58853],[124.837,11.58897],[124.83698,11.58941],[124.8366,11.58954],[124.83649,11.58992],[124.83654,11.59028],[124.83701,11.59063],[124.83716,11.59085],[124.83716,11.59131],[124.83737,11.59199],[124.83792,11.5924],[124.83798,11.59275],[124.83829,11.59263],[124.83867,11.59273],[124.83829,11.59315],[124.83875,11.59375],[124.8392,11.59395],[124.83967,11.59395],[124.84021,11.5938],[124.84039,11.59344],[124.84039,11.59304],[124.84063,11.59296],[124.84075,11.59333],[124.84176,11.59433],[124.84224,11.59401],[124.84263,11.59401],[124.84272,11.59443],[124.84263,11.59483],[124.84266,11.59554],[124.84287,11.59597],[124.84305,11.59608],[124.84358,11.59663],[124.84462,11.59674],[124.84505,11.59672],[124.84555,11.59639],[124.84586,11.59681],[124.8465,11.59711],[124.84718,11.59758],[124.84785,11.59753],[124.84806,11.59784],[124.84899,11.59809],[124.84916,11.59827],[124.84954,11.59831],[124.84981,11.59862],[124.84999,11.59926],[124.85016,11.59945],[124.85016,11.59996],[124.8499,11.60012],[124.84974,11.60056],[124.84931,11.60094],[124.84918,11.60122],[124.84863,11.60172],[124.84738,11.60183],[124.84714,11.602],[124.84664,11.60202],[124.84641,11.60184],[124.84577,11.60179],[124.84556,11.6014],[124.84511,11.60165],[124.84488,11.60152],[124.84476,11.60097],[124.84385,11.60141],[124.84365,11.60159],[124.84337,11.60215],[124.84333,11.60352],[124.84302,11.60414],[124.84276,11.60423],[124.84267,11.60463],[124.84198,11.60515],[124.84168,11.6051],[124.84133,11.60483],[124.8399,11.60486],[124.83885,11.60462],[124.83857,11.60425],[124.83854,11.60402],[124.83815,11.60337],[124.83793,11.60321],[124.83729,11.60334],[124.83712,11.60309],[124.83634,11.60283],[124.83565,11.60281],[124.83547,11.60288],[124.83508,11.60367],[124.83465,11.60391],[124.83447,11.60428],[124.834,11.6043],[124.83393,11.60371],[124.83382,11.60356],[124.83258,11.60315],[124.83269,11.6025],[124.83219,11.60184],[124.83221,11.60092],[124.83216,11.60012],[124.83178,11.60007],[124.83163,11.59959],[124.8312,11.59933],[124.83068,11.59927],[124.82994,11.59891],[124.82958,11.59847],[124.82945,11.59814],[124.82946,11.59754],[124.82931,11.5974],[124.82885,11.59747],[124.82865,11.59782],[124.8278,11.59786],[124.82729,11.59831],[124.82661,11.59895],[124.82679,11.60008],[124.82673,11.60042],[124.8263,11.60088],[124.82564,11.60084],[124.82534,11.60106],[124.82537,11.60142],[124.82558,11.6017],[124.82558,11.60197],[124.82583,11.60221],[124.82641,11.60226],[124.8265,11.60243],[124.82639,11.60299],[124.82668,11.60371],[124.82651,11.60402],[124.82684,11.60499],[124.82679,11.60532],[124.8262,11.60597],[124.82509,11.6061],[124.82465,11.60637],[124.82391,11.60697],[124.82325,11.60732],[124.8228,11.60731],[124.82229,11.60712],[124.82123,11.60629],[124.82066,11.60511],[124.82029,11.60481],[124.81994,11.60476],[124.81982,11.60414],[124.81956,11.60338],[124.81935,11.60305],[124.81881,11.60291],[124.81815,11.60257],[124.81743,11.60245],[124.81706,11.60239],[124.81587,11.60241],[124.81564,11.60233],[124.81407,11.60233],[124.81365,11.60239],[124.81348,11.60271],[124.81396,11.60332],[124.81385,11.60352],[124.81333,11.60311],[124.81309,11.60326],[124.81277,11.60313],[124.81263,11.60332],[124.81302,11.60384],[124.81288,11.60438],[124.81217,11.60434],[124.81146,11.60451],[124.8105,11.60505],[124.80999,11.60567],[124.80975,11.60629],[124.8097,11.60665],[124.81033,11.60775],[124.81048,11.60816],[124.81033,11.60888],[124.80999,11.60912],[124.80884,11.6096],[124.80822,11.60957],[124.80763,11.60926],[124.80679,11.60918],[124.80627,11.60933],[124.80601,11.60974],[124.80558,11.60968],[124.80506,11.60895],[124.80446,11.60874],[124.80371,11.60878],[124.80329,11.60892],[124.80286,11.6092],[124.80216,11.60917],[124.80196,11.60901],[124.80145,11.60901],[124.80005,11.60885],[124.7999,11.60869],[124.79994,11.60831],[124.80029,11.60804],[124.80055,11.60766],[124.80096,11.60748],[124.80134,11.60688],[124.80117,11.60645],[124.80056,11.60623],[124.79978,11.60646],[124.79927,11.60635],[124.79936,11.60606],[124.79966,11.60604],[124.80085,11.60549],[124.80121,11.60506],[124.80134,11.60451],[124.80088,11.60426],[124.80083,11.6039],[124.80098,11.60368],[124.80155,11.60324],[124.80232,11.60315],[124.80318,11.60251],[124.80333,11.6022],[124.80319,11.60105],[124.80307,11.60076],[124.80267,11.60041],[124.80259,11.59973],[124.80235,11.59955],[124.80191,11.59955],[124.80099,11.59935],[124.80082,11.59943],[124.79994,11.59942],[124.79947,11.59936],[124.79926,11.5995],[124.79835,11.59951],[124.79809,11.60012],[124.79774,11.60006],[124.79732,11.60018],[124.79648,11.60007],[124.79604,11.60014],[124.79503,11.60004],[124.79471,11.60038],[124.79476,11.60084],[124.79498,11.60118],[124.79526,11.60192],[124.79526,11.60231],[124.79456,11.60249],[124.79445,11.60282],[124.79445,11.60343],[124.79479,11.60377],[124.7951,11.60437],[124.79563,11.60455],[124.79575,11.60497],[124.7956,11.60522],[124.79557,11.60624],[124.79582,11.60664],[124.79589,11.60699],[124.79613,11.60742],[124.7957,11.60764],[124.79536,11.60801],[124.79397,11.60801],[124.79362,11.60794],[124.79328,11.60815],[124.79233,11.6082],[124.79204,11.60833],[124.79182,11.60858],[124.79125,11.60879],[124.79103,11.60921],[124.79095,11.60991],[124.79168,11.61068],[124.79208,11.61084],[124.79297,11.61132],[124.79327,11.61137],[124.79348,11.61159],[124.79449,11.612],[124.79501,11.61186],[124.79564,11.6118],[124.79557,11.61225],[124.79564,11.613],[124.79541,11.61319],[124.79496,11.61317],[124.79367,11.61353],[124.79325,11.6138],[124.79309,11.61403],[124.79274,11.6142],[124.79218,11.61416],[124.79168,11.61364],[124.79108,11.61353],[124.78956,11.61368],[124.78874,11.61409],[124.78845,11.61407],[124.78804,11.61442],[124.78772,11.61512],[124.78772,11.61558],[124.78786,11.61602],[124.78837,11.61651],[124.78918,11.61662],[124.78876,11.61725],[124.78795,11.61739],[124.78756,11.61809],[124.7875,11.61841],[124.78718,11.61888],[124.78711,11.61933],[124.78739,11.6202],[124.78749,11.62082],[124.78785,11.6212],[124.78823,11.62125],[124.7885,11.62089],[124.78924,11.62109],[124.78957,11.621],[124.79002,11.62128],[124.79055,11.62114],[124.79113,11.62087],[124.79162,11.62123],[124.79234,11.62149],[124.79261,11.62146],[124.79348,11.62097],[124.79355,11.62051],[124.79389,11.62044],[124.7945,11.62112],[124.79521,11.6213],[124.79554,11.62125],[124.79558,11.62157],[124.79587,11.62225],[124.79631,11.62247],[124.79613,11.62265],[124.79609,11.62309],[124.79559,11.6233],[124.79478,11.62339],[124.79425,11.62354],[124.79358,11.62443],[124.79328,11.62529],[124.79322,11.62616],[124.793,11.62648],[124.79286,11.62714],[124.79247,11.62747],[124.79162,11.62837],[124.79145,11.62887],[124.79154,11.63004],[124.7917,11.63046],[124.79197,11.63061],[124.79204,11.63094],[124.79269,11.63086],[124.7929,11.63119],[124.7926,11.63156],[124.79289,11.63179],[124.79395,11.63225],[124.79427,11.63285],[124.79493,11.63351],[124.79536,11.63335],[124.79546,11.63364],[124.79581,11.63473],[124.79631,11.63556],[124.79691,11.63665],[124.79688,11.63707],[124.7971,11.63758],[124.79782,11.63817],[124.79813,11.63837],[124.79913,11.63863],[124.79942,11.6389],[124.79968,11.63963],[124.80007,11.64001],[124.80033,11.64059],[124.80063,11.64086],[124.80037,11.6415],[124.80077,11.64241],[124.8015,11.6432],[124.80199,11.64354],[124.80238,11.64366],[124.80293,11.64361],[124.80423,11.64372],[124.80683,11.64414],[124.8073,11.64439],[124.80744,11.64461],[124.8074,11.64505],[124.807,11.64533],[124.80659,11.64622],[124.8062,11.64642],[124.80526,11.64639],[124.80412,11.64611],[124.80367,11.64618],[124.80279,11.64586],[124.80161,11.64606],[124.80103,11.64637],[124.80053,11.64636],[124.80006,11.64687],[124.80006,11.64736],[124.80041,11.64754],[124.80009,11.64793],[124.79995,11.64842],[124.80006,11.64906],[124.79989,11.64958],[124.79903,11.64949],[124.7982,11.64951],[124.79661,11.64976],[124.79545,11.65028],[124.79499,11.65067],[124.79478,11.6515],[124.79501,11.65268],[124.7948,11.65358],[124.79451,11.65399],[124.79382,11.65447],[124.79347,11.65526],[124.79317,11.65573],[124.79292,11.65569],[124.79202,11.65607],[124.79147,11.65574],[124.7913,11.65531],[124.79137,11.65463],[124.79108,11.65399],[124.79019,11.65386],[124.78935,11.65403],[124.78826,11.65451],[124.78829,11.65366],[124.78804,11.65365],[124.78786,11.6538],[124.78802,11.65426],[124.78777,11.65461],[124.78788,11.65496],[124.78779,11.65603],[124.7878,11.65652],[124.78752,11.65686],[124.78657,11.65697],[124.78607,11.65659],[124.78581,11.65664],[124.78524,11.6572],[124.78449,11.65658],[124.78361,11.65673],[124.78354,11.65698],[124.78315,11.65736],[124.7834,11.65771],[124.7836,11.65771],[124.78406,11.65832],[124.78411,11.6587],[124.78452,11.65904],[124.78476,11.65995],[124.78536,11.66095],[124.78586,11.66137],[124.78645,11.66149],[124.78681,11.66188],[124.78674,11.66214],[124.78694,11.66313],[124.78669,11.66363],[124.78601,11.66384],[124.78553,11.66412],[124.78512,11.66502],[124.78461,11.66539],[124.78419,11.66593],[124.78383,11.66609],[124.78296,11.66631],[124.78241,11.66615],[124.78196,11.66631],[124.78156,11.66633],[124.78117,11.66659],[124.7805,11.66739],[124.78017,11.66787],[124.77989,11.66793],[124.77984,11.66837],[124.77938,11.66911],[124.77914,11.6692],[124.77874,11.66983],[124.77823,11.66997],[124.77802,11.67014],[124.77718,11.67043],[124.77692,11.67038],[124.77617,11.67078],[124.77556,11.67053],[124.77453,11.66976],[124.77434,11.66949],[124.77344,11.66878],[124.77233,11.66889],[124.7718,11.66848],[124.77143,11.6685],[124.77047,11.66809],[124.77007,11.66764],[124.76995,11.66788],[124.76928,11.6668],[124.76869,11.66642],[124.7683,11.66654],[124.76877,11.66649],[124.76901,11.66695],[124.76907,11.66743],[124.76831,11.66761],[124.76767,11.66802],[124.76728,11.66932],[124.76746,11.67024],[124.76777,11.67063],[124.76798,11.67071],[124.76852,11.67117],[124.76917,11.67156],[124.76933,11.67195],[124.76914,11.67235],[124.76899,11.67309],[124.76927,11.67357],[124.76935,11.67421],[124.76949,11.6746],[124.77013,11.67508],[124.77043,11.67501],[124.77104,11.67514],[124.77099,11.67556],[124.77107,11.67625],[124.77082,11.67725],[124.77043,11.6776],[124.77017,11.67797],[124.77023,11.67818],[124.77104,11.67837],[124.77133,11.67813],[124.7717,11.67807],[124.77189,11.6782],[124.77267,11.67779],[124.77303,11.67772],[124.77323,11.67748],[124.77357,11.67751],[124.77412,11.67724],[124.77452,11.67753],[124.77485,11.67757],[124.77508,11.67741],[124.77556,11.67756],[124.77573,11.67776],[124.77644,11.67801],[124.77654,11.67826],[124.77694,11.67854],[124.77755,11.6788],[124.77783,11.67883],[124.77812,11.6793],[124.77859,11.67942],[124.77889,11.67978],[124.77915,11.68027],[124.77902,11.68079],[124.77883,11.68083],[124.77825,11.6816],[124.77851,11.68222],[124.77926,11.68304],[124.78027,11.68319],[124.78097,11.68342],[124.78132,11.68369],[124.7817,11.68381],[124.78199,11.68405],[124.78233,11.68414],[124.78229,11.68439],[124.78277,11.68511],[124.78318,11.68608],[124.78332,11.68623],[124.78376,11.68729],[124.78372,11.68831],[124.78355,11.68947],[124.78279,11.69043],[124.78221,11.69095],[124.78162,11.6913],[124.78074,11.69151],[124.78006,11.69151],[124.77948,11.69137],[124.77893,11.69133],[124.77853,11.69111],[124.77845,11.6909],[124.77795,11.6907],[124.77743,11.69063],[124.77688,11.69031],[124.7761,11.69033],[124.77537,11.69065],[124.77463,11.69119],[124.77418,11.69127],[124.77362,11.69102],[124.77324,11.69098],[124.77291,11.69077],[124.77284,11.69039],[124.77345,11.68974],[124.77356,11.68948],[124.77251,11.68841],[124.77131,11.68785],[124.77055,11.68768],[124.77029,11.68747],[124.77004,11.687],[124.76953,11.68653],[124.76914,11.68581],[124.76833,11.68579],[124.76772,11.68595],[124.76713,11.6864],[124.76675,11.68698],[124.76664,11.68763],[124.76624,11.68788],[124.76599,11.68754],[124.76559,11.68742],[124.76491,11.68706],[124.76453,11.68706],[124.76369,11.6866],[124.7628,11.68648],[124.76246,11.68654],[124.7622,11.68633],[124.76221,11.68597],[124.76243,11.68566],[124.76314,11.68512],[124.76358,11.68502],[124.76391,11.68468],[124.76472,11.68351],[124.7647,11.68285],[124.76395,11.6822],[124.76315,11.68209],[124.76213,11.68178],[124.76157,11.68202],[124.76145,11.68136],[124.76154,11.68114],[124.76269,11.68069],[124.76287,11.68042],[124.76333,11.68006],[124.76324,11.67956],[124.76262,11.67943],[124.76197,11.67906],[124.76156,11.67823],[124.7613,11.67798],[124.76111,11.67725],[124.7604,11.67691],[124.76041,11.67663],[124.76004,11.6765],[124.75941,11.67652],[124.75917,11.6769],[124.75865,11.67748],[124.75795,11.67738],[124.75725,11.67711],[124.75701,11.67675],[124.75701,11.67652],[124.75628,11.67646],[124.75598,11.67582],[124.7555,11.67588],[124.75481,11.67658],[124.7544,11.67669]]],[[[124.78104,11.67362],[124.7809,11.67372],[124.78044,11.67316],[124.77971,11.67288],[124.77942,11.67266],[124.77911,11.67263],[124.77895,11.67231],[124.77937,11.6723],[124.78012,11.6718],[124.78033,11.67174],[124.78098,11.67116],[124.78164,11.67079],[124.78271,11.67058],[124.78315,11.67062],[124.78335,11.67091],[124.78318,11.67148],[124.78234,11.6725],[124.78196,11.67336],[124.78169,11.67358],[124.78104,11.67362]]],[[[124.71299,11.73714],[124.71335,11.73644],[124.71365,11.73641],[124.71372,11.73614],[124.71359,11.73569],[124.71394,11.73484],[124.7143,11.73439],[124.7142,11.73416],[124.71431,11.73377],[124.71471,11.73365],[124.71533,11.73366],[124.7158,11.73359],[124.71607,11.73332],[124.7161,11.7327],[124.71624,11.73233],[124.71653,11.73221],[124.71702,11.73236],[124.71751,11.7324],[124.71791,11.73206],[124.71799,11.73167],[124.71829,11.73146],[124.71864,11.73156],[124.71805,11.73247],[124.71759,11.73348],[124.71771,11.73418],[124.71767,11.73452],[124.71695,11.7344],[124.71641,11.73448],[124.7159,11.73484],[124.71549,11.73557],[124.71456,11.73632],[124.71389,11.73659],[124.71366,11.73683],[124.71299,11.73714]]],[[[124.77281,11.72043],[124.77423,11.72083],[124.77485,11.72117],[124.77548,11.72168],[124.77604,11.72223],[124.77713,11.72268],[124.7777,11.72317],[124.77812,11.72381],[124.77871,11.72446],[124.77875,11.72522],[124.77892,11.72534],[124.7789,11.72577],[124.77872,11.72602],[124.77814,11.72629],[124.77783,11.72687],[124.77792,11.72713],[124.77744,11.72751],[124.77733,11.72791],[124.77693,11.72808],[124.77664,11.72869],[124.77654,11.72941],[124.77634,11.73008],[124.77615,11.73038],[124.77579,11.73044],[124.77563,11.73023],[124.7751,11.73008],[124.77433,11.72929],[124.77398,11.72904],[124.77394,11.72877],[124.77427,11.72826],[124.77397,11.72767],[124.77332,11.72737],[124.77258,11.72755],[124.77207,11.72731],[124.77112,11.72711],[124.7711,11.72651],[124.77057,11.72632],[124.77019,11.72632],[124.77005,11.72656],[124.76977,11.72652],[124.76964,11.7262],[124.769,11.72641],[124.76865,11.72689],[124.7681,11.72722],[124.76812,11.72757],[124.76795,11.72819],[124.76789,11.72877],[124.76771,11.72909],[124.76728,11.72897],[124.76614,11.72908],[124.76508,11.72903],[124.76475,11.72895],[124.76423,11.7285],[124.76415,11.7283],[124.76332,11.72809],[124.76317,11.72756],[124.76275,11.72709],[124.7621,11.72688],[124.76155,11.72696],[124.76088,11.72658],[124.76025,11.72656],[124.7593,11.72673],[124.75855,11.72623],[124.75822,11.72629],[124.75781,11.72599],[124.75752,11.72606],[124.75742,11.72652],[124.75741,11.72726],[124.75718,11.72764],[124.75687,11.72852],[124.7569,11.72938],[124.7576,11.7295],[124.75807,11.73016],[124.75847,11.73051],[124.75941,11.73071],[124.75968,11.73093],[124.75954,11.7315],[124.75965,11.73193],[124.76031,11.73265],[124.76038,11.73319],[124.76013,11.73333],[124.75989,11.73397],[124.76004,11.73451],[124.76024,11.73472],[124.7595,11.73541],[124.75833,11.73528],[124.75804,11.73532],[124.75765,11.7359],[124.75692,11.73585],[124.75601,11.73603],[124.75542,11.73632],[124.75509,11.7366],[124.75465,11.7373],[124.75457,11.73808],[124.75415,11.73863],[124.75336,11.73892],[124.75319,11.7388],[124.75162,11.7389],[124.75083,11.73857],[124.75051,11.73872],[124.7499,11.73867],[124.74927,11.73871],[124.74891,11.73828],[124.74807,11.73848],[124.74683,11.73834],[124.74613,11.73867],[124.74562,11.73912],[124.74537,11.73898],[124.74563,11.7385],[124.74548,11.73793],[124.74564,11.73783],[124.74588,11.73731],[124.74581,11.73698],[124.7456,11.73687],[124.74566,11.73601],[124.74578,11.73563],[124.74542,11.73554],[124.7454,11.73461],[124.74575,11.73426],[124.74626,11.7342],[124.74651,11.73429],[124.74712,11.73425],[124.7475,11.73404],[124.74824,11.73376],[124.74858,11.73347],[124.74895,11.73277],[124.74944,11.73255],[124.74964,11.73234],[124.75054,11.73216],[124.75094,11.73191],[124.75136,11.73145],[124.75152,11.7311],[124.75191,11.73093],[124.75275,11.73105],[124.7531,11.73127],[124.7535,11.73118],[124.75453,11.7316],[124.75492,11.73149],[124.75522,11.73128],[124.75553,11.73048],[124.75606,11.72961],[124.75612,11.72908],[124.75592,11.72833],[124.7552,11.72792],[124.75547,11.72761],[124.7556,11.72725],[124.75552,11.72688],[124.75586,11.72624],[124.75545,11.72597],[124.75486,11.72617],[124.75418,11.72654],[124.75345,11.72656],[124.75281,11.72647],[124.75203,11.72665],[124.7518,11.72687],[124.75103,11.7264],[124.74992,11.72645],[124.75006,11.72584],[124.75041,11.72577],[124.75054,11.72537],[124.75031,11.72488],[124.75005,11.72469],[124.74971,11.72392],[124.74988,11.72355],[124.74944,11.72321],[124.75001,11.72276],[124.75046,11.72259],[124.75074,11.72284],[124.75159,11.72319],[124.7519,11.72311],[124.75135,11.72216],[124.75134,11.72154],[124.75115,11.72143],[124.75084,11.72084],[124.75032,11.72058],[124.75008,11.71993],[124.75015,11.7195],[124.74993,11.7192],[124.75009,11.71899],[124.74976,11.71857],[124.74922,11.71851],[124.74905,11.71832],[124.74939,11.71797],[124.74968,11.71744],[124.7504,11.71704],[124.75095,11.71647],[124.7512,11.71566],[124.75145,11.7153],[124.75147,11.71429],[124.75179,11.71393],[124.7518,11.71324],[124.75194,11.71277],[124.75227,11.71236],[124.7525,11.71226],[124.75303,11.7115],[124.75293,11.71121],[124.75239,11.71101],[124.7523,11.71115],[124.75154,11.71132],[124.75116,11.7115],[124.75036,11.71165],[124.74973,11.71183],[124.74913,11.71239],[124.74896,11.71284],[124.74877,11.71301],[124.74824,11.71437],[124.74829,11.71501],[124.74807,11.71562],[124.74748,11.71601],[124.74694,11.7157],[124.747,11.71518],[124.74717,11.71503],[124.74703,11.71456],[124.74732,11.71414],[124.74763,11.71393],[124.74792,11.71316],[124.74761,11.71248],[124.74701,11.71223],[124.74719,11.7119],[124.74741,11.71119],[124.74761,11.71106],[124.74828,11.71096],[124.74851,11.71073],[124.74893,11.71061],[124.74936,11.71029],[124.74943,11.70936],[124.74924,11.70892],[124.74877,11.70861],[124.74835,11.70802],[124.74829,11.70778],[124.74895,11.70695],[124.74928,11.70676],[124.7495,11.70637],[124.74964,11.70572],[124.7496,11.70546],[124.74992,11.70529],[124.75059,11.70537],[124.75089,11.70525],[124.7513,11.70466],[124.75161,11.70389],[124.75154,11.7035],[124.75158,11.70284],[124.75169,11.70251],[124.75203,11.70234],[124.75232,11.70167],[124.75257,11.70148],[124.75337,11.7016],[124.7541,11.7012],[124.7544,11.70128],[124.75472,11.70175],[124.75463,11.7022],[124.75413,11.70262],[124.75418,11.70301],[124.7548,11.7035],[124.75492,11.70397],[124.75524,11.70422],[124.75559,11.7041],[124.7565,11.70363],[124.75704,11.70319],[124.75701,11.70272],[124.75713,11.70227],[124.75735,11.70198],[124.75809,11.70185],[124.75835,11.70168],[124.75837,11.70081],[124.75857,11.70019],[124.7588,11.69997],[124.75984,11.7001],[124.76112,11.7],[124.76135,11.69981],[124.76147,11.69916],[124.76124,11.69871],[124.76131,11.69848],[124.7623,11.69852],[124.76285,11.69889],[124.76407,11.69905],[124.76459,11.69872],[124.7648,11.69818],[124.76506,11.6981],[124.76558,11.69762],[124.7663,11.69773],[124.76652,11.69796],[124.76632,11.69825],[124.76569,11.6985],[124.76547,11.69912],[124.7653,11.7],[124.76579,11.70075],[124.76669,11.7011],[124.76713,11.70105],[124.76733,11.70143],[124.76767,11.70175],[124.76827,11.70191],[124.76864,11.70179],[124.76938,11.70233],[124.7699,11.70247],[124.77029,11.70276],[124.77091,11.70271],[124.77122,11.7023],[124.77126,11.70181],[124.77173,11.70154],[124.77199,11.70162],[124.77232,11.70211],[124.77263,11.70234],[124.77339,11.70229],[124.77377,11.70241],[124.77445,11.70287],[124.77419,11.70319],[124.77408,11.70389],[124.77408,11.70442],[124.77418,11.70468],[124.77414,11.70546],[124.77473,11.70608],[124.77443,11.70662],[124.7744,11.7073],[124.77461,11.70771],[124.77507,11.70805],[124.7753,11.70855],[124.7757,11.70906],[124.77629,11.70949],[124.77644,11.70985],[124.77635,11.71014],[124.77587,11.71029],[124.77539,11.71055],[124.77518,11.71046],[124.77468,11.71056],[124.77363,11.71041],[124.7735,11.71047],[124.77252,11.71006],[124.77187,11.71],[124.77174,11.70979],[124.77175,11.70995],[124.77136,11.71049],[124.77103,11.7111],[124.77076,11.7122],[124.77077,11.71248],[124.77102,11.71301],[124.77131,11.71331],[124.7716,11.71387],[124.77227,11.71549],[124.77222,11.71589],[124.77225,11.71713],[124.77238,11.71752],[124.77212,11.71766],[124.77195,11.71806],[124.77195,11.719],[124.77218,11.71973],[124.77249,11.72018],[124.77281,11.72043]]],[[[124.78702,11.55005],[124.78685,11.55032],[124.78614,11.55005],[124.78566,11.55006],[124.78477,11.55034],[124.78348,11.55015],[124.78303,11.5494],[124.78286,11.54851],[124.78325,11.54833],[124.78367,11.54832],[124.78444,11.54842],[124.78558,11.549],[124.78627,11.54908],[124.78673,11.54942],[124.78702,11.55005]]],[[[124.78826,11.55166],[124.78805,11.55154],[124.78817,11.5511],[124.78874,11.55145],[124.78826,11.55166]]],[[[124.79529,11.52717],[124.7951,11.52693],[124.79516,11.52652],[124.79557,11.52613],[124.79588,11.52542],[124.79594,11.52498],[124.79675,11.52433],[124.79778,11.52403],[124.79815,11.52403],[124.79902,11.52449],[124.80005,11.5259],[124.80025,11.52595],[124.7993,11.52671],[124.79841,11.52669],[124.79773,11.52654],[124.79692,11.52655],[124.79614,11.52687],[124.796,11.52704],[124.79529,11.52717]]],[[[124.81175,11.52761],[124.81107,11.52738],[124.8105,11.52667],[124.80926,11.52649],[124.80892,11.52632],[124.80843,11.52583],[124.80787,11.52494],[124.80731,11.52442],[124.80635,11.52437],[124.80576,11.52423],[124.80543,11.52386],[124.80506,11.52321],[124.80429,11.52246],[124.80362,11.52215],[124.80342,11.52216],[124.80247,11.52156],[124.80179,11.52079],[124.80184,11.52048],[124.80213,11.52045],[124.80264,11.5207],[124.80294,11.52057],[124.80405,11.52079],[124.80421,11.52067],[124.80513,11.52063],[124.80542,11.52032],[124.80607,11.52016],[124.80655,11.51977],[124.80721,11.51894],[124.80751,11.51882],[124.80772,11.51907],[124.80773,11.51942],[124.80739,11.51975],[124.80717,11.52036],[124.80705,11.52096],[124.8072,11.52146],[124.80769,11.522],[124.80804,11.52221],[124.80868,11.52236],[124.80909,11.5226],[124.80945,11.52298],[124.8098,11.52299],[124.81036,11.5233],[124.81119,11.52329],[124.81196,11.52345],[124.81237,11.52371],[124.81373,11.52393],[124.81459,11.52389],[124.81466,11.52417],[124.81555,11.52524],[124.81596,11.52548],[124.81615,11.52583],[124.81518,11.52572],[124.81391,11.5271],[124.81356,11.52709],[124.81281,11.52734],[124.8118,11.52746],[124.81175,11.52761]]],[[[124.7566,11.61069],[124.75623,11.61026],[124.75634,11.60989],[124.75622,11.60955],[124.75647,11.60939],[124.7562,11.60902],[124.75642,11.60855],[124.75692,11.60832],[124.75735,11.60635],[124.75768,11.60609],[124.7577,11.60579],[124.75813,11.60553],[124.75881,11.60545],[124.75948,11.60561],[124.76002,11.60621],[124.75993,11.60716],[124.75947,11.60776],[124.75911,11.60861],[124.7589,11.6089],[124.75817,11.60934],[124.75753,11.6101],[124.75694,11.61063],[124.7566,11.61069]]],[[[124.84987,11.56251],[124.84959,11.56192],[124.84973,11.56133],[124.84905,11.56095],[124.84928,11.56074],[124.8499,11.56041],[124.85049,11.56038],[124.85109,11.56021],[124.85149,11.55997],[124.85232,11.55987],[124.85256,11.56035],[124.85197,11.56117],[124.85192,11.56184],[124.85172,11.56217],[124.85098,11.56225],[124.85074,11.56238],[124.84987,11.56251]]],[[[124.85359,11.56637],[124.85333,11.56644],[124.85294,11.56629],[124.8524,11.56547],[124.85215,11.56533],[124.85209,11.56486],[124.85225,11.56453],[124.85202,11.56422],[124.85225,11.56407],[124.85249,11.56345],[124.85283,11.56296],[124.85305,11.56244],[124.85348,11.56251],[124.85352,11.56282],[124.85375,11.56324],[124.8537,11.56382],[124.85353,11.56411],[124.85353,11.56458],[124.85394,11.56505],[124.85393,11.56569],[124.85359,11.56637]]]]}},{"type":"Feature","properties":{"code":"0802606000","name":"Dolores","kind":"Municipality","provinceCode":"0802600000","province":"Eastern Samar","areaKm2":310,"labelPoint":[125.29091,12.07279]},"geometry":{"type":"MultiPolygon","coordinates":[[[[125.40467,12.02438],[125.41445,12.02694],[125.42755,12.0259],[125.43558,12.02452],[125.4446,12.0232],[125.4471,12.02664],[125.44906,12.02926],[125.45015,12.02708],[125.45186,12.02525],[125.45341,12.02406],[125.45521,12.02324],[125.45641,12.02276],[125.45655,12.0228],[125.46235,12.02203],[125.46392,12.02132],[125.46552,12.02068],[125.4681,12.02165],[125.46957,12.0235],[125.47073,12.02536],[125.4741,12.02763],[125.47383,12.0296],[125.4741,12.03026],[125.47724,12.03228],[125.47917,12.03248],[125.48,12.03238],[125.48002,12.03496],[125.48033,12.03502],[125.48083,12.03494],[125.48166,12.03448],[125.48245,12.03451],[125.4829,12.0347],[125.48342,12.03478],[125.48381,12.03487],[125.48451,12.03524],[125.48522,12.03548],[125.48605,12.03547],[125.48651,12.03546],[125.48749,12.03526],[125.48831,12.03473],[125.48853,12.03452],[125.48891,12.03345],[125.48975,12.0331],[125.4908,12.03301],[125.49165,12.03334],[125.49195,12.03364],[125.49205,12.03407],[125.49197,12.03485],[125.49207,12.03535],[125.49201,12.03616],[125.49175,12.03757],[125.49172,12.03843],[125.49172,12.0396],[125.49183,12.04021],[125.49192,12.04083],[125.49216,12.04143],[125.49288,12.04288],[125.4938,12.04424],[125.49452,12.04525],[125.49541,12.04622],[125.49629,12.04706],[125.49688,12.04752],[125.49754,12.04786],[125.49763,12.04817],[125.49819,12.04806],[125.49889,12.04845],[125.49904,12.04892],[125.49934,12.04953],[125.49996,12.05007],[125.5008,12.05096],[125.50171,12.05177],[125.50206,12.05202],[125.50298,12.05251],[125.50358,12.0529],[125.50403,12.05328],[125.5045,12.05338],[125.5057,12.05345],[125.5061,12.05342],[125.5065,12.05364],[125.50695,12.05369],[125.50758,12.05406],[125.50848,12.05425],[125.50893,12.05448],[125.50904,12.05478],[125.50882,12.05518],[125.50838,12.05536],[125.50878,12.05566],[125.50911,12.05566],[125.50914,12.05603],[125.50998,12.0559],[125.51074,12.05565],[125.51125,12.05574],[125.51161,12.05603],[125.51196,12.05607],[125.51229,12.05653],[125.5127,12.05668],[125.51321,12.05724],[125.51374,12.05731],[125.51415,12.05771],[125.51464,12.05838],[125.51508,12.05864],[125.51531,12.05896],[125.5153,12.05925],[125.5156,12.05961],[125.51569,12.06036],[125.51539,12.06112],[125.51515,12.06128],[125.51516,12.06165],[125.51483,12.06215],[125.51438,12.06237],[125.5141,12.06278],[125.51352,12.063],[125.51336,12.06322],[125.51296,12.06341],[125.51252,12.06331],[125.5122,12.06288],[125.51173,12.06269],[125.5114,12.06224],[125.51061,12.06221],[125.51055,12.06189],[125.51023,12.06159],[125.51014,12.06215],[125.51031,12.06284],[125.5096,12.06322],[125.50958,12.0628],[125.50922,12.06228],[125.509,12.06281],[125.50961,12.06379],[125.50918,12.06423],[125.50844,12.06447],[125.50789,12.06451],[125.50695,12.06424],[125.50636,12.06401],[125.50609,12.06404],[125.50538,12.0639],[125.50453,12.06335],[125.50429,12.06333],[125.50384,12.06292],[125.50337,12.06281],[125.50315,12.06255],[125.50338,12.06213],[125.50232,12.06157],[125.50206,12.06085],[125.50166,12.06006],[125.50141,12.05926],[125.50121,12.05963],[125.50055,12.05964],[125.5004,12.05952],[125.49968,12.05977],[125.49846,12.06037],[125.49762,12.06117],[125.49661,12.06215],[125.49591,12.06305],[125.4955,12.06375],[125.49523,12.0647],[125.49481,12.06502],[125.49452,12.06502],[125.49447,12.06457],[125.49378,12.06369],[125.49374,12.06333],[125.4942,12.0632],[125.49406,12.06293],[125.49329,12.06311],[125.49284,12.06299],[125.49254,12.0624],[125.49211,12.06196],[125.49172,12.06239],[125.49102,12.06276],[125.49016,12.0629],[125.49043,12.06345],[125.4904,12.06364],[125.48949,12.06418],[125.48853,12.06467],[125.4887,12.06503],[125.48898,12.06546],[125.48983,12.06526],[125.49088,12.06547],[125.49144,12.06507],[125.49165,12.06516],[125.49228,12.06444],[125.49264,12.06427],[125.49311,12.06433],[125.49327,12.06511],[125.49348,12.0654],[125.49317,12.0659],[125.49334,12.06615],[125.49374,12.06633],[125.49426,12.06639],[125.49502,12.0667],[125.49521,12.06714],[125.49549,12.06836],[125.49522,12.06864],[125.49529,12.06895],[125.49602,12.06926],[125.49647,12.06924],[125.49649,12.06901],[125.49688,12.06895],[125.49713,12.06909],[125.49732,12.06992],[125.49719,12.07015],[125.49681,12.0704],[125.49659,12.07119],[125.49637,12.0714],[125.49508,12.07182],[125.49476,12.07177],[125.49426,12.07226],[125.49408,12.07231],[125.49372,12.07287],[125.49313,12.07338],[125.49276,12.07341],[125.49281,12.07369],[125.4926,12.07459],[125.49224,12.07486],[125.49196,12.07551],[125.49125,12.07574],[125.49066,12.07485],[125.49023,12.07468],[125.49003,12.07432],[125.48976,12.0745],[125.48994,12.07475],[125.48977,12.07529],[125.48918,12.07545],[125.48867,12.07593],[125.48903,12.07632],[125.4892,12.07674],[125.48912,12.07714],[125.4888,12.07757],[125.48854,12.07826],[125.48823,12.07832],[125.48802,12.07857],[125.48786,12.07918],[125.48755,12.07969],[125.48705,12.08016],[125.48657,12.08043],[125.48627,12.08047],[125.48571,12.08015],[125.48577,12.07925],[125.48561,12.07852],[125.48589,12.07766],[125.48562,12.07666],[125.4851,12.0756],[125.48452,12.07533],[125.48407,12.07522],[125.48403,12.07582],[125.48419,12.07646],[125.48378,12.07721],[125.48305,12.07759],[125.48279,12.07788],[125.48272,12.07828],[125.48285,12.07866],[125.48241,12.07863],[125.482,12.07822],[125.48126,12.07808],[125.48071,12.07811],[125.47999,12.07803],[125.4795,12.07809],[125.47947,12.07854],[125.47927,12.07906],[125.47954,12.07958],[125.48007,12.07955],[125.48036,12.07968],[125.48039,12.08007],[125.48021,12.08034],[125.48074,12.08055],[125.48074,12.08142],[125.48099,12.08166],[125.48148,12.08264],[125.48191,12.083],[125.48193,12.08318],[125.47096,12.08187],[125.46281,12.07665],[125.45434,12.07521],[125.44621,12.07283],[125.42805,12.06827],[125.38729,12.08171],[125.39132,12.10173],[125.37639,12.10608],[125.36294,12.11067],[125.33261,12.13203],[125.31662,12.15459],[125.30998,12.15218],[125.29845,12.14801],[125.27448,12.13872],[125.25716,12.13778],[125.24852,12.13168],[125.24513,12.12691],[125.22272,12.09806],[125.22279,12.04793],[125.22279,12.02467],[125.22279,12.00064],[125.28016,11.99625],[125.29521,12.00185],[125.31402,12.00885],[125.33627,12.018],[125.35427,12.02207],[125.37723,12.01738],[125.40467,12.02438]]],[[[125.56274,12.06833],[125.56213,12.06822],[125.56151,12.0682],[125.56043,12.06772],[125.56039,12.06695],[125.56046,12.06652],[125.56114,12.06479],[125.56128,12.06309],[125.56161,12.06207],[125.56188,12.06144],[125.56241,12.06],[125.56254,12.05954],[125.56277,12.05817],[125.56264,12.05733],[125.56253,12.05522],[125.56249,12.05343],[125.56295,12.05217],[125.56325,12.05035],[125.56364,12.04782],[125.5636,12.04732],[125.56275,12.04544],[125.56222,12.04448],[125.56194,12.04416],[125.5616,12.04415],[125.56054,12.04264],[125.55944,12.04148],[125.55874,12.04106],[125.55768,12.03972],[125.558,12.03917],[125.55762,12.03854],[125.55735,12.0376],[125.55739,12.03717],[125.55759,12.03671],[125.55735,12.03661],[125.55752,12.03588],[125.55829,12.03486],[125.55862,12.03454],[125.5591,12.03456],[125.5598,12.03498],[125.56019,12.03542],[125.56084,12.03595],[125.56126,12.03689],[125.56191,12.03717],[125.56211,12.03738],[125.56207,12.03769],[125.56181,12.03794],[125.56194,12.03961],[125.56218,12.04052],[125.5626,12.04138],[125.56348,12.04281],[125.56378,12.04309],[125.56504,12.04362],[125.56556,12.04402],[125.56642,12.04424],[125.56663,12.04451],[125.56702,12.0462],[125.56699,12.04754],[125.56705,12.04827],[125.56733,12.04988],[125.56759,12.05],[125.56856,12.05006],[125.56886,12.05014],[125.56879,12.05098],[125.56887,12.05189],[125.56873,12.05226],[125.56869,12.05355],[125.56879,12.05394],[125.56847,12.05473],[125.56837,12.05578],[125.56823,12.05671],[125.56812,12.05688],[125.56774,12.05866],[125.56767,12.05922],[125.56752,12.05967],[125.56725,12.0601],[125.56679,12.06116],[125.56645,12.06159],[125.56569,12.0629],[125.56532,12.06395],[125.56452,12.0647],[125.56441,12.06497],[125.56451,12.06536],[125.56442,12.06575],[125.56448,12.06622],[125.56418,12.06686],[125.56274,12.06833]]],[[[125.5705,12.06698],[125.57023,12.06725],[125.56995,12.06728],[125.56957,12.06771],[125.56972,12.06815],[125.56946,12.06874],[125.56907,12.06898],[125.56893,12.06944],[125.56847,12.06996],[125.56834,12.07037],[125.56798,12.07067],[125.56776,12.07056],[125.56747,12.07008],[125.56739,12.06962],[125.56716,12.06949],[125.56699,12.06848],[125.56697,12.06756],[125.56743,12.06673],[125.56722,12.06604],[125.56748,12.06548],[125.56798,12.06503],[125.56796,12.06475],[125.56866,12.06299],[125.56907,12.06209],[125.56965,12.06143],[125.5702,12.06126],[125.57067,12.06077],[125.57092,12.06071],[125.57152,12.0603],[125.57202,12.05978],[125.57269,12.05971],[125.57274,12.06002],[125.57252,12.06021],[125.57272,12.06065],[125.57246,12.06226],[125.57226,12.06275],[125.57225,12.06303],[125.57203,12.06342],[125.57212,12.06359],[125.57163,12.06433],[125.57154,12.06475],[125.57173,12.06481],[125.57143,12.06568],[125.57118,12.06565],[125.57103,12.06592],[125.57114,12.06617],[125.5706,12.06668],[125.5705,12.06698]]],[[[125.48671,12.02934],[125.48685,12.02972],[125.48698,12.03045],[125.48754,12.03161],[125.48782,12.0325],[125.48744,12.03273],[125.48621,12.03244],[125.48557,12.03237],[125.48511,12.03215],[125.48491,12.03192],[125.48427,12.0317],[125.48401,12.03127],[125.48371,12.03116],[125.48317,12.03069],[125.48654,12.02954],[125.48671,12.02934]]],[[[125.55644,12.00644],[125.55659,12.00671],[125.55671,12.0074],[125.55708,12.00768],[125.55815,12.00815],[125.55883,12.00867],[125.55945,12.00991],[125.55977,12.01015],[125.55992,12.01056],[125.5598,12.01121],[125.55949,12.0116],[125.55852,12.01248],[125.55803,12.01393],[125.55779,12.01476],[125.55712,12.01543],[125.55658,12.0154],[125.55599,12.01457],[125.55581,12.01375],[125.55515,12.0127],[125.5551,12.01238],[125.55532,12.01193],[125.55567,12.01079],[125.55604,12.00976],[125.55624,12.00861],[125.55621,12.00775],[125.55586,12.00759],[125.55558,12.00726],[125.55563,12.00689],[125.55618,12.00639],[125.55644,12.00644]]],[[[125.55923,12.01545],[125.55957,12.0158],[125.55972,12.01612],[125.56069,12.01659],[125.56084,12.01697],[125.56072,12.01762],[125.56032,12.019],[125.55982,12.01969],[125.55927,12.01988],[125.55885,12.02026],[125.55848,12.0204],[125.55772,12.02047],[125.55769,12.02087],[125.55805,12.021],[125.55869,12.02104],[125.55872,12.02143],[125.55763,12.02188],[125.55714,12.02193],[125.55654,12.0216],[125.55689,12.02093],[125.55736,12.02089],[125.55734,12.02049],[125.55684,12.02041],[125.55643,12.02015],[125.55638,12.01946],[125.55648,12.01783],[125.55721,12.01619],[125.55755,12.01575],[125.55809,12.01538],[125.55868,12.01527],[125.55923,12.01545]]],[[[125.56064,12.02343],[125.5604,12.02416],[125.56039,12.02461],[125.56019,12.02535],[125.5602,12.02585],[125.56046,12.02641],[125.56017,12.02694],[125.55955,12.0274],[125.55906,12.02755],[125.55796,12.02772],[125.55711,12.02725],[125.55696,12.02669],[125.55657,12.02592],[125.55619,12.0257],[125.55612,12.02504],[125.55632,12.0239],[125.55649,12.02345],[125.55698,12.0232],[125.55741,12.02316],[125.55771,12.02329],[125.55843,12.02278],[125.5597,12.02267],[125.56043,12.02291],[125.56064,12.02343]]]]}},{"type":"Feature","properties":{"code":"0804807000","name":"Gamay","kind":"Municipality","provinceCode":"0804800000","province":"Northern Samar","areaKm2":85,"labelPoint":[125.23917,12.37774]},"geometry":{"type":"Polygon","coordinates":[[[125.27277,12.4317],[125.27633,12.41937],[125.26571,12.40886],[125.25725,12.40048],[125.25646,12.40198],[125.25563,12.40387],[125.25458,12.40518],[125.25305,12.40619],[125.25152,12.40684],[125.24956,12.4079],[125.24824,12.40838],[125.24702,12.40839],[125.2462,12.40853],[125.24562,12.40912],[125.24499,12.41013],[125.24437,12.41152],[125.24413,12.41265],[125.24379,12.41318],[125.24333,12.4134],[125.2418,12.41315],[125.23973,12.41248],[125.23862,12.41182],[125.23797,12.41103],[125.23676,12.40989],[125.23579,12.40949],[125.23373,12.40958],[125.23293,12.40968],[125.23208,12.4092],[125.23139,12.40837],[125.23011,12.4078],[125.22921,12.40761],[125.22801,12.40713],[125.22788,12.40708],[125.22774,12.40569],[125.22748,12.40486],[125.22628,12.40409],[125.2247,12.4042],[125.223,12.40434],[125.22274,12.4043],[125.2218,12.40394],[125.22128,12.40332],[125.22052,12.40325],[125.22005,12.40346],[125.21776,12.40344],[125.21695,12.40349],[125.21534,12.40368],[125.21483,12.40389],[125.21372,12.40307],[125.21316,12.40274],[125.21239,12.40279],[125.2121,12.40313],[125.21146,12.40335],[125.21099,12.40331],[125.21076,12.40265],[125.19655,12.39656],[125.20735,12.38513],[125.21007,12.37945],[125.20552,12.37565],[125.1908,12.37231],[125.19917,12.36225],[125.21125,12.34784],[125.22333,12.34958],[125.22757,12.34916],[125.23644,12.34855],[125.24189,12.34833],[125.25294,12.34879],[125.26436,12.34932],[125.2698,12.34956],[125.28635,12.35029],[125.28684,12.35034],[125.28677,12.35142],[125.28699,12.35169],[125.28674,12.35254],[125.28648,12.35296],[125.28576,12.35377],[125.28548,12.35369],[125.28537,12.35397],[125.28533,12.35467],[125.28548,12.35533],[125.28564,12.35559],[125.28633,12.35632],[125.28747,12.35697],[125.28829,12.35757],[125.28938,12.35805],[125.28974,12.35859],[125.2909,12.35969],[125.29129,12.36],[125.29229,12.36062],[125.29339,12.36109],[125.29374,12.36088],[125.29381,12.36058],[125.29419,12.36038],[125.29441,12.36007],[125.29477,12.36013],[125.29481,12.35989],[125.29524,12.3599],[125.29579,12.35962],[125.29596,12.3598],[125.29644,12.35977],[125.29664,12.35962],[125.29711,12.35957],[125.29787,12.36003],[125.29791,12.36027],[125.2987,12.36051],[125.2989,12.36049],[125.2993,12.3608],[125.29991,12.36083],[125.30033,12.36097],[125.30074,12.36132],[125.30141,12.36099],[125.30178,12.36108],[125.30229,12.36105],[125.3033,12.36113],[125.30365,12.36162],[125.30405,12.36201],[125.30412,12.36249],[125.30462,12.36311],[125.305,12.36327],[125.30541,12.36395],[125.30539,12.36496],[125.305,12.3658],[125.30444,12.36627],[125.30417,12.3663],[125.30373,12.36599],[125.30329,12.36591],[125.30305,12.36569],[125.30157,12.36536],[125.30105,12.3654],[125.29953,12.36629],[125.29891,12.36642],[125.29816,12.36694],[125.29773,12.36761],[125.29741,12.36845],[125.29725,12.3698],[125.29726,12.37034],[125.29745,12.37157],[125.29816,12.37421],[125.29838,12.37492],[125.29881,12.37592],[125.29934,12.37692],[125.2997,12.3774],[125.3004,12.37814],[125.30118,12.37871],[125.30179,12.37948],[125.30216,12.3801],[125.30268,12.38055],[125.30415,12.38138],[125.3059,12.38261],[125.30593,12.38289],[125.30558,12.38293],[125.30478,12.3824],[125.30427,12.38238],[125.3037,12.38221],[125.30279,12.38222],[125.30246,12.38213],[125.30081,12.38281],[125.30013,12.38297],[125.29997,12.3831],[125.29908,12.38341],[125.29801,12.3837],[125.29809,12.38445],[125.29887,12.38439],[125.2993,12.38455],[125.29953,12.38439],[125.30001,12.38458],[125.30041,12.38417],[125.30091,12.3841],[125.30152,12.38386],[125.30209,12.38412],[125.30244,12.38387],[125.30268,12.38359],[125.30299,12.38357],[125.30377,12.38448],[125.30455,12.38515],[125.30523,12.38593],[125.30567,12.3863],[125.30662,12.38692],[125.30734,12.3872],[125.30809,12.38728],[125.30862,12.38716],[125.30888,12.38692],[125.30872,12.38631],[125.3091,12.38594],[125.30956,12.38581],[125.31023,12.38573],[125.31054,12.38555],[125.31089,12.38555],[125.31137,12.38574],[125.31173,12.38566],[125.31238,12.38579],[125.3128,12.38579],[125.31311,12.38554],[125.31367,12.3857],[125.31427,12.38576],[125.31461,12.38605],[125.31475,12.38646],[125.31525,12.38573],[125.31586,12.38612],[125.31582,12.38695],[125.31507,12.38685],[125.31521,12.38742],[125.3146,12.38777],[125.31457,12.38842],[125.31431,12.38853],[125.31445,12.38893],[125.31357,12.38889],[125.31254,12.38878],[125.31209,12.38893],[125.3095,12.38928],[125.3098,12.3901],[125.31002,12.39029],[125.31006,12.39058],[125.30966,12.39062],[125.30974,12.39019],[125.30947,12.38964],[125.30879,12.38981],[125.30778,12.38815],[125.30745,12.38847],[125.30699,12.38859],[125.30635,12.38898],[125.30562,12.38908],[125.3054,12.38894],[125.30497,12.38972],[125.30466,12.38968],[125.30425,12.38918],[125.30403,12.38937],[125.30454,12.38972],[125.30464,12.38993],[125.3042,12.3908],[125.3039,12.39104],[125.3035,12.3918],[125.30337,12.39266],[125.30309,12.39283],[125.30266,12.39284],[125.3024,12.39319],[125.3022,12.39325],[125.30162,12.39408],[125.30154,12.3943],[125.30108,12.39455],[125.30076,12.39392],[125.30056,12.39411],[125.30067,12.39436],[125.30017,12.39474],[125.29984,12.39514],[125.29924,12.39544],[125.2991,12.39587],[125.2986,12.39621],[125.29865,12.39683],[125.29892,12.39743],[125.29921,12.39751],[125.29943,12.39797],[125.29977,12.39843],[125.29989,12.39901],[125.29972,12.39921],[125.29984,12.39947],[125.30078,12.39907],[125.30109,12.39911],[125.30193,12.39877],[125.30219,12.39891],[125.30198,12.39923],[125.30192,12.39964],[125.30221,12.39941],[125.30262,12.39963],[125.30255,12.40005],[125.30323,12.40012],[125.30345,12.40049],[125.30337,12.40075],[125.30383,12.40099],[125.30389,12.40146],[125.30441,12.40143],[125.30444,12.40176],[125.30483,12.40179],[125.30514,12.40196],[125.30516,12.4023],[125.30559,12.40239],[125.30596,12.40207],[125.306,12.40178],[125.3056,12.40148],[125.30538,12.401],[125.30566,12.40058],[125.30611,12.40084],[125.30609,12.40035],[125.30624,12.4001],[125.30645,12.39897],[125.30688,12.39846],[125.30726,12.3983],[125.30754,12.39801],[125.30756,12.39777],[125.30791,12.3975],[125.30841,12.3977],[125.30834,12.39798],[125.30862,12.39855],[125.30853,12.39915],[125.30858,12.39978],[125.30895,12.39978],[125.30929,12.39994],[125.30961,12.39977],[125.30954,12.39925],[125.31002,12.39896],[125.31042,12.39807],[125.31062,12.39798],[125.31096,12.39747],[125.31123,12.39761],[125.31175,12.39752],[125.3118,12.39774],[125.31258,12.39815],[125.31301,12.39824],[125.31364,12.39814],[125.31375,12.39793],[125.31573,12.39821],[125.31603,12.39838],[125.31637,12.39828],[125.31697,12.39849],[125.31715,12.39837],[125.31785,12.39832],[125.31843,12.39857],[125.31895,12.3987],[125.31954,12.39922],[125.31963,12.39942],[125.32005,12.39967],[125.32009,12.40024],[125.32047,12.40034],[125.32092,12.40094],[125.32097,12.40119],[125.32082,12.40176],[125.32198,12.40111],[125.32285,12.40121],[125.32302,12.4011],[125.32347,12.40126],[125.32404,12.40101],[125.32455,12.40012],[125.32525,12.39956],[125.32559,12.39908],[125.32591,12.39883],[125.32616,12.39842],[125.32679,12.39812],[125.32723,12.3978],[125.32796,12.39742],[125.32811,12.39742],[125.32894,12.3969],[125.32932,12.39678],[125.3304,12.39664],[125.33082,12.39667],[125.33165,12.39645],[125.33215,12.39643],[125.33216,12.39712],[125.33187,12.39757],[125.33123,12.39783],[125.33156,12.39825],[125.33233,12.39889],[125.33253,12.39916],[125.33229,12.3994],[125.33239,12.3997],[125.33217,12.40009],[125.33212,12.40084],[125.33251,12.40098],[125.33296,12.40157],[125.33333,12.40231],[125.3333,12.40294],[125.3335,12.40338],[125.33403,12.40323],[125.3344,12.40361],[125.33438,12.40403],[125.3354,12.40416],[125.33618,12.40484],[125.33648,12.40547],[125.33705,12.40549],[125.33753,12.4058],[125.3383,12.40604],[125.33853,12.406],[125.33848,12.40557],[125.33945,12.40518],[125.33994,12.40547],[125.33937,12.40577],[125.33905,12.40581],[125.33869,12.40611],[125.33873,12.40658],[125.33894,12.40677],[125.33801,12.40709],[125.3382,12.40653],[125.33763,12.40648],[125.33757,12.40677],[125.33766,12.40728],[125.33701,12.40754],[125.33685,12.40713],[125.33602,12.40706],[125.33578,12.40746],[125.33548,12.40764],[125.3357,12.40828],[125.33521,12.40843],[125.33519,12.40819],[125.33451,12.40807],[125.33348,12.40819],[125.33315,12.40833],[125.3312,12.40868],[125.33036,12.40896],[125.32884,12.40977],[125.3285,12.41017],[125.32865,12.41047],[125.32857,12.41126],[125.32824,12.41144],[125.32789,12.41145],[125.32751,12.41123],[125.32735,12.4115],[125.32668,12.41205],[125.32639,12.41126],[125.32593,12.41111],[125.32539,12.41117],[125.3248,12.41138],[125.3238,12.41184],[125.32273,12.41223],[125.32193,12.41246],[125.3213,12.41269],[125.32135,12.41311],[125.32129,12.41377],[125.32102,12.41339],[125.32016,12.41331],[125.31956,12.41364],[125.31953,12.4139],[125.31997,12.41407],[125.31996,12.41429],[125.3192,12.41462],[125.31866,12.41436],[125.31842,12.4141],[125.31851,12.41357],[125.31813,12.41329],[125.31716,12.41329],[125.31638,12.41312],[125.31576,12.41282],[125.31519,12.41241],[125.31483,12.412],[125.31423,12.41165],[125.31293,12.4119],[125.31261,12.412],[125.31209,12.41193],[125.31058,12.41254],[125.30985,12.41314],[125.30956,12.41321],[125.30886,12.41359],[125.30847,12.41406],[125.30772,12.41454],[125.30744,12.41487],[125.30652,12.41566],[125.30587,12.41639],[125.30521,12.41697],[125.30501,12.41716],[125.30391,12.4184],[125.30341,12.41886],[125.30318,12.4192],[125.30253,12.4199],[125.30145,12.42087],[125.30094,12.42142],[125.30064,12.4219],[125.30023,12.42231],[125.29871,12.42417],[125.29868,12.42432],[125.29806,12.42512],[125.29754,12.42569],[125.29711,12.42644],[125.29669,12.42702],[125.2955,12.4289],[125.29516,12.42969],[125.29509,12.43016],[125.29537,12.4309],[125.29564,12.43103],[125.29569,12.43171],[125.29553,12.43209],[125.29491,12.43243],[125.2945,12.43284],[125.29452,12.43326],[125.29432,12.43369],[125.29405,12.43458],[125.29369,12.43514],[125.29359,12.43559],[125.29304,12.43627],[125.29276,12.43718],[125.29257,12.43846],[125.29246,12.43885],[125.29191,12.43979],[125.29138,12.44031],[125.2906,12.44076],[125.29011,12.44124],[125.28966,12.44198],[125.28939,12.44264],[125.28916,12.44361],[125.28895,12.44497],[125.28902,12.44587],[125.28898,12.44659],[125.28911,12.44792],[125.28955,12.44978],[125.28955,12.45065],[125.28962,12.45135],[125.28988,12.45222],[125.29028,12.45316],[125.2915,12.45446],[125.29226,12.45549],[125.29315,12.45655],[125.29353,12.45716],[125.29352,12.45764],[125.29307,12.45825],[125.29274,12.45906],[125.29244,12.45954],[125.2928,12.45976],[125.29316,12.46024],[125.29329,12.4613],[125.29298,12.46179],[125.29237,12.46205],[125.29268,12.4629],[125.2927,12.46324],[125.29251,12.46352],[125.2926,12.46413],[125.29243,12.46454],[125.29219,12.46471],[125.29214,12.46516],[125.2924,12.46546],[125.29203,12.46559],[125.29201,12.46594],[125.29176,12.466],[125.29137,12.46577],[125.29105,12.46604],[125.29067,12.46572],[125.28775,12.46265],[125.27277,12.4317]]]}},{"type":"Feature","properties":{"code":"0806007000","name":"Gandara","kind":"Municipality","provinceCode":"0806000000","province":"Samar Province","areaKm2":305,"labelPoint":[124.81436,12.09248]},"geometry":{"type":"MultiPolygon","coordinates":[[[[124.74862,12.13036],[124.74568,12.12202],[124.74607,12.12039],[124.74835,12.11064],[124.75079,12.10021],[124.75203,12.09461],[124.75361,12.08729],[124.75307,12.06463],[124.75257,12.05207],[124.75209,12.04064],[124.75053,12.01649],[124.7501,12.01058],[124.74914,11.99207],[124.74879,11.99188],[124.74873,11.99127],[124.74828,11.99079],[124.74717,11.99079],[124.74688,11.99068],[124.74658,11.99028],[124.74588,11.99023],[124.74536,11.99039],[124.7445,11.9904],[124.74415,11.99066],[124.74399,11.991],[124.74359,11.99112],[124.74318,11.9911],[124.74284,11.99091],[124.74253,11.99117],[124.74243,11.99151],[124.74205,11.99179],[124.74162,11.99166],[124.74133,11.99143],[124.74092,11.99002],[124.74055,11.98991],[124.74013,11.98995],[124.73985,11.98972],[124.73936,11.98963],[124.73884,11.98966],[124.73772,11.99003],[124.73655,11.99054],[124.73621,11.99094],[124.7363,11.99145],[124.73655,11.99196],[124.73634,11.99236],[124.73589,11.99259],[124.73476,11.99337],[124.734,11.99339],[124.73338,11.9933],[124.73295,11.99342],[124.73275,11.99456],[124.73173,11.99456],[124.73058,11.99523],[124.72977,11.99521],[124.72888,11.99505],[124.72786,11.99502],[124.72694,11.99517],[124.7261,11.99553],[124.72565,11.99581],[124.72574,11.99638],[124.72614,11.99668],[124.72759,11.99698],[124.72805,11.99742],[124.72818,11.99782],[124.72787,11.99828],[124.72732,11.99866],[124.72637,11.9991],[124.72579,11.99896],[124.72476,11.99884],[124.72398,11.99888],[124.72344,11.99935],[124.72317,12.00006],[124.72309,12.00096],[124.72267,12.00153],[124.72157,12.00193],[124.72008,12.00196],[124.7171,12.00067],[124.71578,11.99986],[124.71548,11.99638],[124.7154,11.99585],[124.7155,11.99538],[124.71577,11.99527],[124.71612,11.99535],[124.71684,11.99609],[124.7173,11.99626],[124.71787,11.99623],[124.71811,11.99596],[124.7181,11.99542],[124.71784,11.99488],[124.71741,11.99448],[124.71725,11.99415],[124.71759,11.99403],[124.71811,11.99404],[124.71872,11.99423],[124.71938,11.99426],[124.71997,11.99415],[124.72029,11.99392],[124.72019,11.99357],[124.71971,11.99343],[124.71923,11.99343],[124.71917,11.99312],[124.71958,11.99251],[124.71958,11.99198],[124.71928,11.99159],[124.71904,11.991],[124.71898,11.99061],[124.71918,11.9902],[124.7192,11.9899],[124.71887,11.98976],[124.71861,11.98993],[124.71837,11.99031],[124.71834,11.99073],[124.71815,11.99112],[124.71786,11.99132],[124.71759,11.99114],[124.71759,11.99067],[124.71781,11.98975],[124.71754,11.98934],[124.71691,11.98869],[124.71683,11.98831],[124.71693,11.98803],[124.71667,11.98773],[124.71621,11.98765],[124.71459,11.98756],[124.71437,11.98765],[124.71447,11.98845],[124.7149,11.98936],[124.71495,11.98972],[124.71479,11.98998],[124.71429,11.99017],[124.71359,11.9902],[124.7126,11.98993],[124.71092,11.99001],[124.71059,11.98985],[124.71057,11.98965],[124.71076,11.98836],[124.71171,11.9877],[124.71201,11.98737],[124.71209,11.98695],[124.71182,11.98661],[124.71092,11.9864],[124.71112,11.98564],[124.71099,11.98522],[124.71067,11.9849],[124.7096,11.98409],[124.70859,11.98355],[124.70829,11.98355],[124.70779,11.98413],[124.70739,11.98425],[124.70616,11.98431],[124.70582,11.98414],[124.70517,11.98453],[124.70474,11.98514],[124.70455,11.98522],[124.70391,11.98503],[124.70319,11.98483],[124.70265,11.98498],[124.70223,11.98476],[124.70191,11.9838],[124.70153,11.98361],[124.7006,11.9838],[124.70027,11.98395],[124.69995,11.9839],[124.69961,11.9829],[124.69867,11.98253],[124.69816,11.98226],[124.69776,11.98187],[124.69763,11.9814],[124.69782,11.98111],[124.69825,11.9811],[124.69952,11.98134],[124.7004,11.98146],[124.70079,11.98145],[124.70079,11.98099],[124.70063,11.98073],[124.69971,11.98049],[124.69908,11.98019],[124.6988,11.98018],[124.6977,11.97991],[124.69704,11.97988],[124.69663,11.97954],[124.69659,11.98],[124.69528,11.98042],[124.69488,11.98045],[124.69481,11.9807],[124.69401,11.98103],[124.69353,11.98116],[124.69356,11.9814],[124.69287,11.98184],[124.69143,11.98133],[124.69101,11.98103],[124.69031,11.98016],[124.69006,11.97952],[124.68946,11.97874],[124.68929,11.97822],[124.68906,11.97831],[124.68874,11.97817],[124.68877,11.97782],[124.68798,11.97758],[124.68721,11.97759],[124.68676,11.97715],[124.68651,11.97653],[124.68682,11.97621],[124.68691,11.97569],[124.68671,11.97498],[124.68704,11.97452],[124.68758,11.97294],[124.6879,11.97161],[124.68798,11.97086],[124.68794,11.97054],[124.68826,11.97012],[124.68805,11.96989],[124.68819,11.96949],[124.68852,11.96918],[124.68838,11.96885],[124.6887,11.96841],[124.68873,11.96803],[124.68903,11.96716],[124.68921,11.967],[124.68922,11.96661],[124.68941,11.96656],[124.68942,11.96622],[124.68966,11.96551],[124.69011,11.96498],[124.6904,11.96423],[124.69058,11.96416],[124.69103,11.96316],[124.69145,11.96247],[124.69185,11.96204],[124.69204,11.9617],[124.69315,11.96029],[124.69338,11.96019],[124.69369,11.95982],[124.69434,11.95926],[124.6946,11.95896],[124.69498,11.95892],[124.696,11.95914],[124.69724,11.9592],[124.69757,11.95913],[124.69775,11.95938],[124.69753,11.95988],[124.69771,11.96003],[124.69804,11.95954],[124.69822,11.9591],[124.69886,11.95894],[124.69966,11.95821],[124.70036,11.95805],[124.70073,11.95805],[124.70024,11.95688],[124.69924,11.95707],[124.69806,11.95754],[124.69692,11.95789],[124.69576,11.95773],[124.69548,11.95754],[124.6955,11.95655],[124.69564,11.9558],[124.6959,11.95536],[124.69606,11.95468],[124.69629,11.95431],[124.69705,11.95378],[124.69722,11.95347],[124.69782,11.95317],[124.69881,11.95298],[124.69898,11.95274],[124.69983,11.95281],[124.70019,11.95312],[124.70084,11.95323],[124.70099,11.95355],[124.70111,11.95452],[124.70136,11.95456],[124.70203,11.95621],[124.70308,11.95671],[124.70331,11.95694],[124.70449,11.95713],[124.70745,11.95827],[124.70791,11.95826],[124.70884,11.95849],[124.71296,11.95914],[124.71289,11.95964],[124.7164,11.9621],[124.7188,11.96517],[124.7198,11.96781],[124.71916,11.97088],[124.71814,11.97235],[124.71842,11.97492],[124.72015,11.97555],[124.72708,11.97272],[124.72916,11.97225],[124.73101,11.97269],[124.73126,11.97456],[124.73081,11.97612],[124.72909,11.97892],[124.7278,11.9829],[124.72914,11.98595],[124.73085,11.98595],[124.73378,11.98437],[124.73518,11.98345],[124.73723,11.98252],[124.74092,11.98145],[124.74321,11.98108],[124.74782,11.98065],[124.7534,11.98225],[124.75622,11.98314],[124.75725,11.98347],[124.75924,11.98438],[124.76012,11.98405],[124.76091,11.98294],[124.76135,11.98241],[124.76282,11.98043],[124.76479,11.97976],[124.76587,11.98015],[124.76622,11.98121],[124.76779,11.98145],[124.76922,11.98246],[124.77201,11.98476],[124.77452,11.98655],[124.7788,11.98832],[124.78316,11.9881],[124.78783,11.98162],[124.79595,11.97037],[124.79475,11.96411],[124.79693,11.96202],[124.80032,11.96445],[124.80815,11.95405],[124.80901,11.9448],[124.81378,11.93913],[124.81679,11.94068],[124.82019,11.94641],[124.8215,11.94856],[124.82236,11.95005],[124.82972,11.96266],[124.83289,11.97128],[124.82822,11.97277],[124.82564,11.97363],[124.82001,11.97559],[124.81513,11.97796],[124.81988,11.98752],[124.81988,11.98753],[124.82126,11.9903],[124.82527,11.99331],[124.82831,11.99464],[124.84383,11.9973],[124.85091,11.99807],[124.84711,12.00335],[124.84453,12.01091],[124.8427,12.01804],[124.83868,12.01862],[124.83765,12.01826],[124.83526,12.01622],[124.83225,12.01421],[124.83083,12.01596],[124.83203,12.01958],[124.83106,12.02196],[124.82935,12.0253],[124.8259,12.02761],[124.82725,12.02833],[124.82948,12.02827],[124.83707,12.02624],[124.84241,12.03664],[124.84476,12.039],[124.84648,12.04042],[124.84892,12.04209],[124.85499,12.04667],[124.87305,12.04905],[124.89648,12.05528],[124.89084,12.07055],[124.9717,12.07721],[124.96641,12.09791],[124.96279,12.11207],[124.94975,12.11182],[124.93011,12.11249],[124.89104,12.11278],[124.88214,12.11422],[124.87213,12.11851],[124.86542,12.12581],[124.85798,12.13755],[124.85168,12.14631],[124.83217,12.17438],[124.81315,12.16945],[124.80068,12.16567],[124.78421,12.1613],[124.77982,12.16003],[124.76931,12.15773],[124.74862,12.13036]]],[[[124.67004,11.98618],[124.6694,11.98618],[124.66822,11.98592],[124.66792,11.98557],[124.66759,11.98537],[124.66742,11.98449],[124.66745,11.9839],[124.66763,11.98319],[124.66764,11.98277],[124.66801,11.98233],[124.6679,11.98215],[124.66815,11.98119],[124.66875,11.98097],[124.66906,11.98114],[124.66926,11.98163],[124.66959,11.98129],[124.67004,11.9814],[124.67046,11.98165],[124.67066,11.98201],[124.67105,11.982],[124.67118,11.98148],[124.6722,11.98126],[124.67305,11.98133],[124.67361,11.98119],[124.67402,11.98182],[124.67399,11.98219],[124.67414,11.98238],[124.6746,11.98366],[124.67411,11.98385],[124.67363,11.98389],[124.67322,11.98431],[124.67281,11.98456],[124.67188,11.98497],[124.67135,11.98538],[124.67094,11.98587],[124.67033,11.98615],[124.67004,11.98618]]]]}},{"type":"Feature","properties":{"code":"0802607000","name":"General MacArthur","kind":"Municipality","provinceCode":"0802600000","province":"Eastern Samar","areaKm2":183,"labelPoint":[125.49681,11.27104]},"geometry":{"type":"Polygon","coordinates":[[[125.55593,11.28966],[125.54626,11.32996],[125.52227,11.33015],[125.50951,11.32629],[125.49426,11.32254],[125.48622,11.32058],[125.46648,11.31578],[125.44752,11.31362],[125.39289,11.3077],[125.35912,11.27619],[125.4018,11.2526],[125.41493,11.24627],[125.44358,11.23044],[125.46204,11.23014],[125.48291,11.22215],[125.48514,11.2182],[125.50407,11.21035],[125.51237,11.20939],[125.51824,11.20933],[125.51896,11.21258],[125.52174,11.21206],[125.52194,11.21218],[125.52247,11.21212],[125.52341,11.21266],[125.52371,11.21271],[125.52396,11.2131],[125.52419,11.21322],[125.52488,11.21309],[125.52552,11.21352],[125.52612,11.21376],[125.52665,11.21387],[125.52682,11.21352],[125.52732,11.21358],[125.52767,11.21324],[125.52818,11.21399],[125.52894,11.21453],[125.52927,11.21452],[125.52979,11.21485],[125.53064,11.21441],[125.53098,11.21392],[125.53187,11.21438],[125.53207,11.21442],[125.53246,11.2142],[125.53275,11.2143],[125.53328,11.21483],[125.53352,11.21539],[125.53357,11.21576],[125.53339,11.21606],[125.53336,11.21644],[125.53357,11.21655],[125.53379,11.21692],[125.53383,11.21728],[125.53413,11.21795],[125.53411,11.2186],[125.53421,11.21913],[125.53408,11.22023],[125.53464,11.22076],[125.53536,11.2208],[125.53579,11.22117],[125.53632,11.22145],[125.53626,11.22161],[125.53658,11.22195],[125.53701,11.2229],[125.53741,11.22328],[125.5374,11.22354],[125.53703,11.22405],[125.53725,11.22472],[125.53704,11.22499],[125.53659,11.22508],[125.53625,11.22542],[125.53598,11.22716],[125.5359,11.22871],[125.53625,11.22981],[125.53678,11.23091],[125.53717,11.23183],[125.53707,11.23203],[125.53729,11.23233],[125.53757,11.23233],[125.53787,11.23254],[125.53769,11.23324],[125.53776,11.2336],[125.53808,11.23397],[125.53835,11.23403],[125.53899,11.23458],[125.53913,11.23484],[125.53972,11.2353],[125.54025,11.23526],[125.54041,11.23498],[125.54154,11.23504],[125.54172,11.23497],[125.5429,11.23573],[125.54336,11.23615],[125.54368,11.23674],[125.54376,11.2373],[125.54356,11.2375],[125.54323,11.23737],[125.54322,11.23816],[125.54291,11.23827],[125.54254,11.23807],[125.54228,11.23837],[125.54252,11.23862],[125.54251,11.23916],[125.5417,11.23927],[125.54129,11.23968],[125.53986,11.23981],[125.53933,11.24003],[125.53884,11.2405],[125.53878,11.24073],[125.53962,11.2416],[125.53977,11.24207],[125.53967,11.24241],[125.53982,11.24272],[125.54027,11.24291],[125.54053,11.24335],[125.54017,11.24369],[125.54014,11.24405],[125.54074,11.24477],[125.54079,11.24506],[125.54081,11.24605],[125.54097,11.24618],[125.54151,11.24598],[125.54168,11.24633],[125.54122,11.24654],[125.54154,11.24709],[125.54193,11.2473],[125.5429,11.24654],[125.54324,11.24687],[125.54303,11.24716],[125.54281,11.24713],[125.54206,11.24767],[125.54221,11.24824],[125.54289,11.24886],[125.54325,11.24893],[125.54341,11.24916],[125.54287,11.24939],[125.54283,11.24961],[125.54317,11.24977],[125.54339,11.25021],[125.54346,11.25083],[125.54345,11.25151],[125.54377,11.25168],[125.54391,11.25206],[125.54438,11.25227],[125.54481,11.25235],[125.54494,11.25294],[125.54484,11.25337],[125.54492,11.25371],[125.54486,11.25417],[125.54492,11.25486],[125.54527,11.25501],[125.54574,11.25554],[125.54601,11.25549],[125.54641,11.25585],[125.54687,11.25585],[125.54692,11.25634],[125.54716,11.25657],[125.54776,11.25672],[125.54786,11.25725],[125.54752,11.25784],[125.5475,11.25812],[125.54723,11.25826],[125.54716,11.25865],[125.54697,11.25872],[125.54692,11.25912],[125.54702,11.25968],[125.5473,11.26001],[125.54779,11.26028],[125.54795,11.26055],[125.54837,11.26067],[125.54903,11.26067],[125.54903,11.26091],[125.55017,11.26133],[125.5511,11.26138],[125.55111,11.26166],[125.55159,11.26207],[125.55164,11.26238],[125.55266,11.26234],[125.55272,11.26261],[125.55312,11.26272],[125.55314,11.26372],[125.55362,11.26367],[125.55413,11.26387],[125.55423,11.26407],[125.55464,11.26416],[125.55498,11.26443],[125.55524,11.26443],[125.55553,11.26473],[125.55579,11.2647],[125.5558,11.26514],[125.55624,11.26508],[125.55627,11.26475],[125.55654,11.26474],[125.55655,11.26588],[125.55692,11.26671],[125.55688,11.26715],[125.55661,11.2672],[125.55623,11.26808],[125.55639,11.2685],[125.55687,11.26855],[125.55723,11.26886],[125.55731,11.2692],[125.55863,11.2692],[125.55862,11.26952],[125.55916,11.26968],[125.55933,11.26994],[125.56009,11.26998],[125.56024,11.26971],[125.56072,11.26948],[125.56075,11.26896],[125.56105,11.26855],[125.56134,11.26854],[125.56152,11.26885],[125.56206,11.26887],[125.56207,11.26914],[125.56259,11.26934],[125.56279,11.2696],[125.56385,11.26965],[125.56388,11.26985],[125.56445,11.26997],[125.56503,11.26993],[125.56519,11.27042],[125.5655,11.27057],[125.56605,11.27062],[125.56651,11.27114],[125.56685,11.27097],[125.5669,11.27133],[125.56746,11.27161],[125.56772,11.27216],[125.56766,11.27245],[125.5675,11.27211],[125.56181,11.28055],[125.55593,11.28966]]]}},{"type":"Feature","properties":{"code":"0802608000","name":"Giporlos","kind":"Municipality","provinceCode":"0802600000","province":"Eastern Samar","areaKm2":93,"labelPoint":[125.45267,11.15466]},"geometry":{"type":"MultiPolygon","coordinates":[[[[125.44975,11.1189],[125.45032,11.11945],[125.45075,11.11969],[125.45132,11.12004],[125.45174,11.12042],[125.45186,11.12068],[125.45166,11.12142],[125.45178,11.12176],[125.45238,11.12209],[125.45235,11.12165],[125.45287,11.12119],[125.45327,11.12104],[125.4535,11.1214],[125.45331,11.12194],[125.45359,11.12208],[125.45389,11.12148],[125.45472,11.12076],[125.45498,11.12066],[125.45567,11.11976],[125.45612,11.11955],[125.45613,11.11928],[125.45685,11.1188],[125.45648,11.11836],[125.45657,11.11808],[125.45694,11.11817],[125.45764,11.11798],[125.45839,11.118],[125.45857,11.11803],[125.45905,11.11846],[125.45926,11.11881],[125.45951,11.11887],[125.45997,11.1201],[125.45985,11.12091],[125.46001,11.12129],[125.45992,11.12182],[125.45998,11.12255],[125.46018,11.12317],[125.46024,11.12368],[125.46069,11.12437],[125.46079,11.12471],[125.46061,11.12489],[125.46061,11.12554],[125.46052,11.1259],[125.4606,11.12623],[125.46099,11.12597],[125.4619,11.12606],[125.46231,11.12544],[125.46241,11.12422],[125.46288,11.1236],[125.46309,11.12321],[125.46337,11.12331],[125.46371,11.1232],[125.46462,11.12338],[125.46507,11.12332],[125.46544,11.12301],[125.46596,11.12296],[125.4667,11.12246],[125.46644,11.12227],[125.46612,11.12244],[125.46569,11.12241],[125.46559,11.12174],[125.46543,11.12133],[125.46555,11.12117],[125.46569,11.12048],[125.46566,11.12016],[125.46599,11.11912],[125.46639,11.11883],[125.46651,11.11815],[125.46685,11.11789],[125.46724,11.11712],[125.46767,11.11695],[125.46807,11.11728],[125.46853,11.11723],[125.46873,11.1175],[125.4691,11.11766],[125.46972,11.11811],[125.46998,11.11819],[125.4705,11.11815],[125.47065,11.11777],[125.47035,11.11773],[125.47018,11.11708],[125.47044,11.11676],[125.47119,11.11708],[125.47144,11.11695],[125.47115,11.11617],[125.47085,11.116],[125.47064,11.11564],[125.47065,11.11535],[125.47108,11.11491],[125.47158,11.11479],[125.47186,11.11495],[125.47219,11.11494],[125.47339,11.11471],[125.47402,11.11424],[125.47494,11.11429],[125.47553,11.11441],[125.47584,11.11465],[125.47572,11.11488],[125.47648,11.11486],[125.47668,11.11439],[125.47717,11.11376],[125.47752,11.11399],[125.47894,11.11427],[125.47943,11.11426],[125.47947,11.11393],[125.47904,11.11353],[125.47894,11.11321],[125.47867,11.11296],[125.47815,11.11265],[125.47788,11.11216],[125.47805,11.11163],[125.47836,11.11146],[125.47849,11.11119],[125.47821,11.11089],[125.47796,11.11038],[125.47675,11.10986],[125.47648,11.10949],[125.47662,11.10909],[125.47641,11.10748],[125.47677,11.10729],[125.47773,11.10738],[125.47829,11.10772],[125.4784,11.10798],[125.47887,11.10781],[125.47942,11.10707],[125.47935,11.10626],[125.47958,11.10549],[125.48009,11.10544],[125.48057,11.1057],[125.48076,11.10553],[125.48053,11.10511],[125.48107,11.10495],[125.48116,11.10479],[125.4819,11.10452],[125.48209,11.10472],[125.48159,11.10507],[125.48156,11.10536],[125.48197,11.10586],[125.48206,11.1062],[125.48305,11.10651],[125.4829,11.10674],[125.48229,11.10676],[125.48181,11.10652],[125.48142,11.10669],[125.4812,11.10695],[125.48203,11.10722],[125.48277,11.10764],[125.48283,11.10781],[125.48361,11.1081],[125.48384,11.10807],[125.48401,11.10767],[125.48375,11.10734],[125.48388,11.1069],[125.48368,11.10658],[125.48419,11.10662],[125.4845,11.1068],[125.48453,11.10718],[125.48477,11.1072],[125.48495,11.10791],[125.48483,11.10824],[125.48459,11.10837],[125.48474,11.10883],[125.48499,11.10877],[125.48529,11.10895],[125.48583,11.10906],[125.48594,11.10877],[125.48641,11.10887],[125.48683,11.10914],[125.48705,11.10961],[125.48798,11.10999],[125.48892,11.11107],[125.48911,11.11088],[125.48925,11.11059],[125.48881,11.11001],[125.4889,11.10949],[125.48874,11.10936],[125.48851,11.10812],[125.48853,11.10747],[125.48864,11.10727],[125.48852,11.10668],[125.48797,11.10661],[125.48756,11.10643],[125.48725,11.10608],[125.48695,11.10545],[125.48715,11.10534],[125.48719,11.10453],[125.48668,11.10425],[125.48661,11.10374],[125.48641,11.10339],[125.48612,11.10324],[125.48538,11.10305],[125.48517,11.10244],[125.48514,11.10194],[125.48461,11.10204],[125.4842,11.1018],[125.48357,11.10186],[125.48312,11.10175],[125.48293,11.10223],[125.48269,11.10212],[125.48228,11.10226],[125.48134,11.10218],[125.48102,11.10176],[125.48132,11.10149],[125.48105,11.10121],[125.48095,11.10076],[125.48138,11.10028],[125.48145,11.09998],[125.48193,11.09981],[125.48192,11.09952],[125.48134,11.09943],[125.48133,11.09912],[125.4817,11.09883],[125.48205,11.09839],[125.48226,11.09847],[125.48252,11.09789],[125.48233,11.09749],[125.482,11.09767],[125.48173,11.09694],[125.4817,11.09658],[125.48202,11.09588],[125.48259,11.09519],[125.48276,11.09473],[125.48295,11.0939],[125.48337,11.09361],[125.48416,11.09439],[125.48443,11.09494],[125.48505,11.09575],[125.48517,11.0958],[125.48572,11.0967],[125.48573,11.09733],[125.48582,11.09777],[125.48622,11.09808],[125.48601,11.09824],[125.48626,11.09853],[125.48624,11.09903],[125.48661,11.09932],[125.48647,11.09988],[125.4869,11.1001],[125.48754,11.10079],[125.48826,11.10095],[125.48866,11.10117],[125.48963,11.10105],[125.49003,11.10164],[125.49018,11.10222],[125.49066,11.1023],[125.49089,11.10173],[125.49079,11.10142],[125.49037,11.10127],[125.4903,11.10108],[125.49065,11.10042],[125.49111,11.10031],[125.49167,11.09989],[125.49216,11.1],[125.49233,11.09975],[125.49222,11.09946],[125.49267,11.09946],[125.49307,11.09926],[125.49338,11.09881],[125.49422,11.09863],[125.49439,11.0984],[125.49496,11.09837],[125.49527,11.09817],[125.49593,11.098],[125.49632,11.09816],[125.49625,11.09759],[125.4966,11.09745],[125.49697,11.09678],[125.49726,11.09576],[125.49772,11.09538],[125.49765,11.09521],[125.49808,11.09489],[125.49874,11.09476],[125.49885,11.0945],[125.49928,11.09418],[125.49967,11.09368],[125.49997,11.09354],[125.50022,11.09369],[125.50081,11.09354],[125.50133,11.09292],[125.50103,11.09086],[125.50078,11.09047],[125.50082,11.08997],[125.50168,11.08943],[125.50132,11.08908],[125.50085,11.08817],[125.501,11.08783],[125.50085,11.08739],[125.50085,11.0867],[125.5013,11.08663],[125.50176,11.08606],[125.5019,11.08547],[125.50249,11.08532],[125.50361,11.08439],[125.50502,11.08383],[125.50613,11.08356],[125.5071,11.08365],[125.50744,11.08346],[125.50745,11.08325],[125.508,11.083],[125.50816,11.08319],[125.50877,11.08289],[125.50872,11.08256],[125.5092,11.08236],[125.50941,11.08243],[125.51044,11.08191],[125.51058,11.08172],[125.51133,11.08145],[125.51185,11.0816],[125.51258,11.08242],[125.51264,11.08312],[125.51233,11.08361],[125.5119,11.08402],[125.51158,11.08466],[125.5115,11.08543],[125.51169,11.08636],[125.51181,11.08748],[125.51244,11.08735],[125.51275,11.08756],[125.51336,11.08767],[125.51399,11.08744],[125.51453,11.08746],[125.51493,11.08736],[125.5151,11.08754],[125.51572,11.08759],[125.51639,11.08784],[125.51689,11.08838],[125.51727,11.08938],[125.51731,11.09006],[125.51701,11.09123],[125.5167,11.09173],[125.51532,11.09258],[125.51479,11.09327],[125.51406,11.09457],[125.51402,11.0948],[125.51418,11.09631],[125.514,11.09644],[125.5142,11.09709],[125.51412,11.09758],[125.51375,11.09838],[125.51353,11.09856],[125.51343,11.09928],[125.51354,11.10012],[125.51351,11.10046],[125.51304,11.10098],[125.51266,11.10105],[125.51264,11.1013],[125.5088,11.11172],[125.49999,11.1223],[125.49803,11.13354],[125.49131,11.14645],[125.4858,11.15592],[125.47168,11.18003],[125.45636,11.1938],[125.44792,11.20155],[125.44413,11.21808],[125.44358,11.23044],[125.41493,11.24627],[125.4018,11.2526],[125.40528,11.20966],[125.41083,11.19391],[125.41438,11.18338],[125.41829,11.16936],[125.42094,11.16021],[125.42226,11.15549],[125.42709,11.13692],[125.43098,11.11699],[125.43142,11.1157],[125.4319,11.11575],[125.43206,11.11556],[125.43254,11.1155],[125.43288,11.11486],[125.43289,11.1145],[125.43345,11.1144],[125.43398,11.11396],[125.43419,11.11304],[125.43466,11.11199],[125.43496,11.11142],[125.43555,11.11095],[125.43585,11.11051],[125.43604,11.1099],[125.43644,11.10919],[125.43683,11.10882],[125.43755,11.10946],[125.43779,11.10993],[125.43855,11.11046],[125.43883,11.11097],[125.43913,11.11108],[125.43946,11.11165],[125.43962,11.11173],[125.43968,11.11126],[125.43936,11.11036],[125.43959,11.10971],[125.44028,11.10914],[125.44015,11.10879],[125.44024,11.10854],[125.43985,11.10823],[125.43969,11.10758],[125.43977,11.10726],[125.44052,11.10648],[125.44045,11.10623],[125.44051,11.10557],[125.44082,11.10497],[125.44114,11.1047],[125.44171,11.10448],[125.44219,11.10419],[125.44237,11.10392],[125.44277,11.10372],[125.44315,11.10324],[125.44341,11.10254],[125.44382,11.10227],[125.4439,11.10178],[125.44439,11.10167],[125.44471,11.10136],[125.44467,11.10089],[125.44511,11.10051],[125.44528,11.10006],[125.4456,11.09994],[125.44619,11.10004],[125.44611,11.09961],[125.44647,11.09929],[125.44703,11.09895],[125.4473,11.0986],[125.44851,11.09852],[125.44895,11.09836],[125.44923,11.09848],[125.44992,11.09928],[125.44982,11.09953],[125.45056,11.1007],[125.45118,11.10004],[125.45155,11.09989],[125.45208,11.09945],[125.4525,11.09945],[125.45293,11.09928],[125.45329,11.09896],[125.45392,11.09864],[125.45458,11.09878],[125.45474,11.09919],[125.45514,11.09948],[125.4555,11.10029],[125.45572,11.10039],[125.45595,11.10118],[125.45654,11.10165],[125.45677,11.10216],[125.4567,11.10259],[125.45686,11.10288],[125.45681,11.10346],[125.45657,11.1036],[125.45638,11.10456],[125.45608,11.10466],[125.45606,11.10496],[125.45551,11.1054],[125.45506,11.10604],[125.45451,11.1066],[125.45373,11.10709],[125.45246,11.10739],[125.45216,11.10732],[125.45109,11.10749],[125.45092,11.10737],[125.45056,11.10747],[125.4502,11.10742],[125.45019,11.1077],[125.44968,11.10795],[125.44974,11.10838],[125.45023,11.10902],[125.45058,11.10905],[125.45096,11.10877],[125.45125,11.10871],[125.45158,11.10888],[125.45187,11.1095],[125.45193,11.10997],[125.45165,11.11078],[125.4514,11.11113],[125.4514,11.11182],[125.45151,11.11234],[125.45123,11.1127],[125.45091,11.1127],[125.45069,11.11241],[125.44986,11.11268],[125.45009,11.11303],[125.45029,11.11307],[125.45059,11.11342],[125.45093,11.11337],[125.4514,11.11353],[125.45149,11.11382],[125.45132,11.1142],[125.45078,11.11451],[125.45079,11.11491],[125.4504,11.11579],[125.44976,11.11583],[125.44962,11.11559],[125.4493,11.1156],[125.44961,11.11632],[125.4493,11.1166],[125.4487,11.11681],[125.44861,11.11734],[125.44877,11.11737],[125.44888,11.11785],[125.44921,11.11831],[125.44975,11.1189]]],[[[125.48248,11.10469],[125.48298,11.10412],[125.48311,11.10448],[125.48248,11.10469]]],[[[125.47651,11.11309],[125.47617,11.11293],[125.47568,11.11221],[125.47622,11.11231],[125.47657,11.11256],[125.47695,11.11299],[125.47651,11.11309]]],[[[125.46962,11.1158],[125.46926,11.1155],[125.46898,11.11546],[125.46854,11.11498],[125.46801,11.11469],[125.46807,11.11409],[125.4679,11.11298],[125.4678,11.11275],[125.46791,11.11239],[125.46883,11.11204],[125.46919,11.11222],[125.46956,11.11277],[125.46965,11.11341],[125.46957,11.11439],[125.46969,11.11479],[125.46994,11.11518],[125.46993,11.11569],[125.46962,11.1158]]]]}},{"type":"Feature","properties":{"code":"0802609000","name":"Guiuan","kind":"Municipality","provinceCode":"0802600000","province":"Eastern Samar","areaKm2":176,"labelPoint":[125.73506,11.04647]},"geometry":{"type":"MultiPolygon","coordinates":[[[[125.70187,11.05937],[125.70203,11.05981],[125.70169,11.05998],[125.70154,11.05957],[125.70187,11.05937]]],[[[125.69658,11.06107],[125.69562,11.06146],[125.69511,11.06127],[125.69445,11.06142],[125.69338,11.06136],[125.69326,11.06112],[125.69421,11.06031],[125.69623,11.0593],[125.69685,11.05925],[125.69754,11.05904],[125.69759,11.05878],[125.69809,11.05837],[125.69851,11.05839],[125.6987,11.05881],[125.6983,11.05948],[125.69817,11.06027],[125.69833,11.06058],[125.69834,11.06097],[125.69804,11.06146],[125.69768,11.0616],[125.69743,11.06206],[125.69658,11.06107]]],[[[125.70432,11.05947],[125.70399,11.05949],[125.70427,11.05881],[125.70453,11.05873],[125.70444,11.05837],[125.70451,11.05785],[125.70478,11.05759],[125.70506,11.0569],[125.70534,11.0564],[125.70555,11.05634],[125.70647,11.0568],[125.70671,11.057],[125.70722,11.05666],[125.70742,11.0562],[125.70804,11.05623],[125.70785,11.05584],[125.70793,11.05536],[125.70785,11.05508],[125.70771,11.05478],[125.70826,11.05475],[125.70795,11.05434],[125.70783,11.05371],[125.70802,11.05322],[125.70848,11.05247],[125.70889,11.05205],[125.70913,11.05204],[125.70985,11.05114],[125.71008,11.05101],[125.71003,11.05032],[125.71044,11.05013],[125.71106,11.04998],[125.71156,11.05006],[125.71195,11.0506],[125.71165,11.05103],[125.71192,11.05129],[125.71213,11.05067],[125.7119,11.05023],[125.71175,11.0499],[125.71238,11.04953],[125.7126,11.04909],[125.7131,11.04857],[125.71356,11.04843],[125.71381,11.0485],[125.71383,11.04905],[125.71424,11.04899],[125.71394,11.0486],[125.71396,11.04823],[125.71365,11.04826],[125.71339,11.04806],[125.71374,11.04749],[125.71376,11.04705],[125.71408,11.047],[125.71456,11.0457],[125.71456,11.04536],[125.7149,11.04524],[125.71463,11.04507],[125.71412,11.04516],[125.71397,11.04459],[125.71349,11.0445],[125.71319,11.04401],[125.71325,11.04374],[125.71302,11.04315],[125.71262,11.04302],[125.71252,11.04222],[125.71259,11.04184],[125.71228,11.04173],[125.71196,11.04138],[125.71182,11.04089],[125.71228,11.04072],[125.71291,11.03905],[125.71221,11.03869],[125.71155,11.03825],[125.71209,11.0382],[125.71325,11.03885],[125.71346,11.03854],[125.71337,11.03798],[125.71361,11.03757],[125.71321,11.03728],[125.71338,11.03706],[125.71308,11.03641],[125.7138,11.03683],[125.7141,11.03711],[125.71479,11.03707],[125.71518,11.03662],[125.71496,11.03642],[125.71379,11.0358],[125.71454,11.0358],[125.71526,11.03636],[125.71623,11.03611],[125.71637,11.03589],[125.7168,11.03591],[125.71702,11.03642],[125.71698,11.03617],[125.71744,11.03601],[125.71769,11.03546],[125.71807,11.03523],[125.71787,11.03508],[125.7181,11.03478],[125.71827,11.0349],[125.71864,11.03452],[125.71857,11.03428],[125.71896,11.03393],[125.71847,11.03349],[125.71852,11.03317],[125.71877,11.03317],[125.71926,11.0336],[125.71956,11.03347],[125.71961,11.03323],[125.72011,11.03261],[125.7207,11.03238],[125.72063,11.03196],[125.72112,11.03156],[125.72151,11.03159],[125.72165,11.03123],[125.72108,11.03085],[125.72163,11.03081],[125.72177,11.02993],[125.72104,11.02964],[125.72078,11.02978],[125.71965,11.02961],[125.71884,11.02922],[125.71826,11.02914],[125.71813,11.02881],[125.7191,11.02899],[125.71939,11.02877],[125.71958,11.02898],[125.72089,11.02909],[125.72119,11.02926],[125.72146,11.02917],[125.72264,11.02794],[125.72289,11.02801],[125.72298,11.02849],[125.72345,11.02895],[125.72382,11.02925],[125.72409,11.02883],[125.72444,11.02881],[125.72444,11.02849],[125.72493,11.02813],[125.72526,11.02824],[125.7252,11.02805],[125.72599,11.02744],[125.7263,11.02706],[125.72643,11.02694],[125.72649,11.02692],[125.72636,11.02658],[125.72606,11.02641],[125.72519,11.02553],[125.72487,11.02532],[125.72478,11.02506],[125.72405,11.02457],[125.72369,11.02423],[125.72385,11.02388],[125.72459,11.02428],[125.72508,11.02495],[125.72611,11.02586],[125.72666,11.02643],[125.7269,11.02655],[125.72755,11.02606],[125.72755,11.02587],[125.72809,11.02575],[125.72805,11.02556],[125.72853,11.02548],[125.72878,11.02514],[125.72888,11.02473],[125.72914,11.02429],[125.72931,11.02448],[125.72996,11.02414],[125.73031,11.02362],[125.73051,11.02356],[125.7309,11.02308],[125.73087,11.02278],[125.73131,11.02264],[125.73152,11.02192],[125.73191,11.02139],[125.73275,11.02102],[125.7334,11.02035],[125.73338,11.0199],[125.73382,11.01941],[125.73384,11.01899],[125.73422,11.01892],[125.73442,11.01846],[125.73476,11.01841],[125.73484,11.01817],[125.73565,11.01799],[125.73627,11.01793],[125.73654,11.01801],[125.73688,11.01849],[125.73674,11.01864],[125.73699,11.01894],[125.73711,11.01878],[125.73759,11.01866],[125.7374,11.01815],[125.73752,11.01776],[125.73723,11.01732],[125.73726,11.01667],[125.73765,11.0163],[125.73807,11.01605],[125.73852,11.0162],[125.73889,11.01563],[125.73921,11.01625],[125.73957,11.01631],[125.74001,11.01656],[125.74026,11.01653],[125.7405,11.01608],[125.74098,11.01606],[125.74144,11.01655],[125.74184,11.01639],[125.74253,11.01589],[125.74291,11.01575],[125.74319,11.01589],[125.74354,11.01577],[125.74389,11.01583],[125.74469,11.01628],[125.7452,11.01643],[125.74551,11.01682],[125.74531,11.017],[125.7449,11.017],[125.74491,11.01723],[125.74561,11.01718],[125.7463,11.01736],[125.74657,11.01771],[125.74668,11.01715],[125.74694,11.0168],[125.74737,11.01684],[125.74742,11.01722],[125.74779,11.0174],[125.7481,11.01725],[125.74822,11.01678],[125.74851,11.01663],[125.74852,11.01582],[125.74922,11.01554],[125.74982,11.01574],[125.7502,11.01618],[125.75046,11.01605],[125.75048,11.01577],[125.75085,11.01561],[125.75093,11.01542],[125.75144,11.01522],[125.75256,11.01647],[125.7528,11.0165],[125.75295,11.01608],[125.75256,11.01571],[125.75249,11.01526],[125.75212,11.01474],[125.7522,11.01453],[125.75289,11.01444],[125.75306,11.01396],[125.75272,11.01393],[125.75241,11.01426],[125.75199,11.01423],[125.75133,11.01448],[125.75098,11.01445],[125.75069,11.01474],[125.75018,11.01472],[125.74966,11.01428],[125.74974,11.01411],[125.75017,11.01414],[125.75065,11.0139],[125.75067,11.01361],[125.75088,11.01337],[125.75128,11.01324],[125.75191,11.01318],[125.75215,11.01298],[125.75199,11.01259],[125.75248,11.01244],[125.75233,11.01211],[125.75143,11.01216],[125.75115,11.01237],[125.75063,11.0125],[125.75027,11.01247],[125.74976,11.01267],[125.74903,11.0127],[125.74795,11.01306],[125.74561,11.01347],[125.74571,11.01293],[125.74607,11.01266],[125.74747,11.01245],[125.7477,11.01213],[125.74827,11.01208],[125.74874,11.01189],[125.74945,11.01189],[125.74986,11.01154],[125.75077,11.01127],[125.75151,11.01118],[125.75194,11.01146],[125.75222,11.01125],[125.75311,11.01096],[125.75378,11.01107],[125.75429,11.01093],[125.75452,11.01102],[125.75532,11.01073],[125.75592,11.0108],[125.75631,11.01138],[125.75499,11.01162],[125.75479,11.01214],[125.75528,11.0128],[125.75553,11.01263],[125.75592,11.01305],[125.75532,11.01326],[125.75512,11.01355],[125.75546,11.01366],[125.75571,11.0141],[125.75593,11.01487],[125.75582,11.01511],[125.75553,11.01514],[125.75498,11.01454],[125.75444,11.01471],[125.75424,11.01445],[125.75383,11.01443],[125.75339,11.0147],[125.75367,11.01491],[125.7536,11.01521],[125.75403,11.01586],[125.75428,11.01585],[125.7548,11.01607],[125.75525,11.01598],[125.75571,11.01618],[125.75646,11.01619],[125.75689,11.01639],[125.75724,11.01617],[125.75752,11.0163],[125.7578,11.0168],[125.75817,11.01696],[125.75859,11.01734],[125.75881,11.01756],[125.75911,11.01834],[125.75937,11.01867],[125.75984,11.0197],[125.75997,11.02024],[125.76023,11.01971],[125.76098,11.02031],[125.76133,11.02109],[125.76132,11.02158],[125.76101,11.02196],[125.76055,11.0219],[125.7606,11.02288],[125.76076,11.0231],[125.76069,11.02339],[125.76086,11.0236],[125.76091,11.02398],[125.76083,11.02483],[125.76093,11.02565],[125.76092,11.02628],[125.76111,11.027],[125.76103,11.02787],[125.76108,11.02855],[125.76096,11.02914],[125.7608,11.02946],[125.76085,11.02993],[125.76094,11.03037],[125.76085,11.03097],[125.76095,11.03128],[125.76075,11.03213],[125.76048,11.03218],[125.76035,11.03256],[125.76075,11.03321],[125.7615,11.03372],[125.76172,11.03399],[125.7611,11.03448],[125.76133,11.0346],[125.76152,11.03497],[125.76145,11.03535],[125.7611,11.03578],[125.76103,11.03616],[125.76061,11.03685],[125.76043,11.03778],[125.7605,11.03816],[125.76038,11.03877],[125.76008,11.03912],[125.75991,11.03958],[125.76007,11.04004],[125.76015,11.04084],[125.76029,11.04129],[125.76036,11.04224],[125.76025,11.04462],[125.76014,11.04517],[125.75987,11.04582],[125.75945,11.04644],[125.75887,11.04782],[125.75832,11.04869],[125.75746,11.04978],[125.75673,11.0511],[125.7557,11.05226],[125.75539,11.0527],[125.7553,11.05324],[125.75503,11.05364],[125.75432,11.05447],[125.75368,11.05504],[125.75304,11.05572],[125.75285,11.0561],[125.75207,11.05708],[125.75151,11.05802],[125.75125,11.05827],[125.75099,11.05871],[125.75026,11.05973],[125.75011,11.06005],[125.75026,11.06103],[125.74967,11.06214],[125.74985,11.0626],[125.75038,11.06307],[125.75051,11.06401],[125.75032,11.06439],[125.75032,11.06514],[125.75006,11.06568],[125.74937,11.06667],[125.74838,11.06788],[125.7483,11.06819],[125.74775,11.06888],[125.74725,11.0698],[125.74691,11.07018],[125.74659,11.07073],[125.74601,11.07143],[125.74544,11.07203],[125.74439,11.07327],[125.74315,11.07488],[125.74257,11.07542],[125.74137,11.0767],[125.74082,11.07715],[125.74054,11.07752],[125.73993,11.0781],[125.73899,11.0793],[125.73817,11.0805],[125.73772,11.08148],[125.73704,11.0828],[125.73616,11.08419],[125.73499,11.08579],[125.72155,11.07908],[125.71108,11.07274],[125.70211,11.06735],[125.70246,11.06688],[125.70266,11.0664],[125.70267,11.06611],[125.70293,11.06573],[125.70296,11.06543],[125.70357,11.06478],[125.7038,11.06436],[125.70371,11.06398],[125.70334,11.06347],[125.70313,11.06342],[125.70327,11.06262],[125.7035,11.06248],[125.70334,11.06155],[125.70353,11.06028],[125.70432,11.05947]]],[[[125.65035,10.97995],[125.651,10.97988],[125.65104,10.98015],[125.65147,10.98006],[125.65158,10.98042],[125.65199,10.98062],[125.6522,10.98111],[125.65269,10.981],[125.65286,10.98111],[125.6534,10.98224],[125.65369,10.98344],[125.65411,10.98403],[125.65388,10.98467],[125.65406,10.98505],[125.65398,10.98535],[125.65421,10.98586],[125.65443,10.98603],[125.65487,10.98682],[125.6557,10.98738],[125.65602,10.9875],[125.65625,10.98812],[125.6561,10.98824],[125.65641,10.9887],[125.65632,10.98881],[125.65641,10.99022],[125.65629,10.99082],[125.656,10.99109],[125.65588,10.99156],[125.656,10.99191],[125.65636,10.99211],[125.65653,10.99249],[125.65658,10.99301],[125.65655,10.99388],[125.65629,10.99563],[125.65601,10.99584],[125.65588,10.99626],[125.65534,10.99682],[125.65511,10.9966],[125.6549,10.99674],[125.65451,10.99746],[125.65438,10.99822],[125.65457,10.99865],[125.65444,10.99909],[125.6544,10.99963],[125.65458,10.99991],[125.65438,11.00005],[125.65425,11.00055],[125.65441,11.00065],[125.65428,11.00112],[125.65396,11.0017],[125.65443,11.00218],[125.6543,11.00242],[125.65349,11.00224],[125.65324,11.00251],[125.65293,11.00313],[125.65235,11.00345],[125.65198,11.00345],[125.652,11.00421],[125.65086,11.00424],[125.65018,11.0043],[125.64958,11.00387],[125.64922,11.00398],[125.64818,11.00389],[125.64704,11.0043],[125.64696,11.00448],[125.64641,11.00474],[125.64609,11.0051],[125.64555,11.00523],[125.64458,11.00508],[125.64311,11.00502],[125.64227,11.00511],[125.64095,11.00487],[125.64092,11.0044],[125.64051,11.00399],[125.64024,11.00389],[125.63955,11.00394],[125.63882,11.00371],[125.63806,11.00388],[125.63747,11.0037],[125.63713,11.00377],[125.63722,11.00408],[125.63707,11.0043],[125.63579,11.00418],[125.63575,11.00387],[125.63546,11.00365],[125.63435,11.00378],[125.63315,11.00426],[125.63262,11.00453],[125.63112,11.0048],[125.63081,11.00517],[125.63012,11.00526],[125.62958,11.00543],[125.62884,11.00577],[125.62837,11.00566],[125.62787,11.00582],[125.62715,11.00581],[125.62701,11.00559],[125.6265,11.0056],[125.62528,11.00544],[125.6242,11.00499],[125.62329,11.00502],[125.62282,11.00479],[125.62265,11.00485],[125.62225,11.00459],[125.62204,11.00462],[125.6215,11.00442],[125.62118,11.0042],[125.62037,11.00385],[125.62016,11.004],[125.61962,11.00398],[125.61913,11.00371],[125.61874,11.00366],[125.61817,11.00314],[125.61787,11.00257],[125.61805,11.0023],[125.61766,11.00205],[125.61713,11.00151],[125.61686,11.00174],[125.61658,11.00137],[125.61644,11.00058],[125.61647,11.00023],[125.61609,11.0001],[125.61646,10.99952],[125.61661,10.99906],[125.61654,10.99859],[125.6166,10.99809],[125.61679,10.99763],[125.61786,10.99741],[125.61845,10.99744],[125.61888,10.99763],[125.61889,10.99711],[125.61912,10.99698],[125.61912,10.99662],[125.61885,10.99657],[125.61879,10.99628],[125.61941,10.99556],[125.61922,10.9951],[125.61895,10.99539],[125.61829,10.99515],[125.61825,10.99479],[125.61807,10.99448],[125.6174,10.99422],[125.61715,10.99421],[125.61693,10.99388],[125.6172,10.99366],[125.61703,10.99286],[125.61655,10.99252],[125.61657,10.99233],[125.61617,10.99209],[125.61594,10.99169],[125.6161,10.99135],[125.6161,10.99076],[125.61649,10.99011],[125.61695,10.98981],[125.61756,10.98973],[125.61777,10.98959],[125.61782,10.98922],[125.61774,10.98872],[125.61778,10.98832],[125.61766,10.98806],[125.61786,10.98789],[125.61799,10.98747],[125.61827,10.98739],[125.61852,10.98705],[125.61959,10.98658],[125.61994,10.9866],[125.6216,10.98617],[125.62132,10.98587],[125.62144,10.98528],[125.6219,10.98459],[125.62228,10.98424],[125.62235,10.98386],[125.62262,10.9836],[125.62263,10.98308],[125.62294,10.98313],[125.62309,10.9827],[125.6235,10.98243],[125.6238,10.98207],[125.62404,10.98215],[125.6243,10.9819],[125.62465,10.98207],[125.62501,10.98159],[125.62559,10.98162],[125.6254,10.98134],[125.62586,10.9813],[125.62641,10.98097],[125.62676,10.98067],[125.62724,10.98074],[125.62737,10.98036],[125.62777,10.98044],[125.62793,10.98002],[125.6285,10.98012],[125.62902,10.97978],[125.62939,10.97987],[125.62982,10.97978],[125.62981,10.97957],[125.63042,10.97928],[125.63064,10.97944],[125.63098,10.97934],[125.63106,10.97897],[125.63155,10.97888],[125.63224,10.97853],[125.63228,10.9781],[125.63259,10.97773],[125.63319,10.97761],[125.63394,10.97693],[125.6345,10.97663],[125.6348,10.976],[125.63523,10.9758],[125.63558,10.97546],[125.63704,10.97492],[125.63764,10.97479],[125.63802,10.9748],[125.63823,10.975],[125.63864,10.97496],[125.63924,10.97521],[125.6397,10.97517],[125.63988,10.97494],[125.64063,10.97479],[125.64102,10.97497],[125.64171,10.97544],[125.64177,10.97492],[125.64213,10.97514],[125.64221,10.97546],[125.64331,10.97604],[125.64377,10.97609],[125.64362,10.97707],[125.64386,10.97722],[125.64417,10.97638],[125.64442,10.97645],[125.64481,10.97696],[125.64489,10.9776],[125.64547,10.97771],[125.64547,10.97798],[125.64575,10.97829],[125.64625,10.9791],[125.64656,10.97902],[125.64682,10.9795],[125.64735,10.97934],[125.64775,10.97954],[125.64797,10.97981],[125.64848,10.98009],[125.64828,10.98051],[125.64855,10.98066],[125.64867,10.9802],[125.64905,10.98001],[125.65023,10.97989],[125.65035,10.97995]]],[[[125.78047,11.00019],[125.78098,10.9997],[125.78176,10.9994],[125.78211,10.99944],[125.78224,10.99918],[125.78272,10.99882],[125.78281,10.99863],[125.78335,10.99829],[125.78383,10.99825],[125.78397,10.99804],[125.78445,10.99775],[125.78476,10.99771],[125.78518,10.99789],[125.78534,10.99758],[125.78526,10.99732],[125.78559,10.99684],[125.78595,10.99668],[125.78609,10.99645],[125.78671,10.99609],[125.78711,10.99623],[125.78708,10.99533],[125.78653,10.99528],[125.78639,10.99486],[125.78674,10.99437],[125.78809,10.99307],[125.78876,10.99276],[125.78874,10.99298],[125.78916,10.99317],[125.78903,10.99344],[125.78865,10.99365],[125.78894,10.99392],[125.78944,10.9935],[125.78995,10.9939],[125.79032,10.99435],[125.79055,10.99399],[125.79095,10.99417],[125.79121,10.99396],[125.79122,10.99355],[125.79176,10.99295],[125.79152,10.99251],[125.79168,10.99221],[125.79207,10.99198],[125.79232,10.9913],[125.79305,10.99059],[125.79327,10.98999],[125.7937,10.98978],[125.79401,10.98911],[125.79375,10.98876],[125.79442,10.98848],[125.7945,10.988],[125.79516,10.98763],[125.79553,10.98718],[125.79552,10.9865],[125.7958,10.98626],[125.79648,10.98542],[125.7969,10.98551],[125.79741,10.98494],[125.79728,10.98468],[125.79749,10.9845],[125.79789,10.98441],[125.79841,10.98377],[125.79826,10.98336],[125.79871,10.98351],[125.79928,10.98297],[125.79959,10.98243],[125.79989,10.98232],[125.80017,10.98195],[125.80005,10.98163],[125.79966,10.98152],[125.79979,10.98108],[125.79971,10.98077],[125.80002,10.98064],[125.80015,10.98012],[125.80036,10.97988],[125.80076,10.97968],[125.80129,10.97913],[125.8013,10.97883],[125.80212,10.97812],[125.80278,10.97728],[125.80295,10.97656],[125.80318,10.97639],[125.80374,10.97562],[125.80389,10.97492],[125.80434,10.97451],[125.80477,10.97377],[125.80563,10.97291],[125.806,10.97237],[125.80599,10.97195],[125.80655,10.9716],[125.80739,10.97135],[125.80915,10.97064],[125.80963,10.97033],[125.80983,10.96967],[125.81062,10.96891],[125.81121,10.96848],[125.81165,10.96791],[125.81185,10.96726],[125.81212,10.96713],[125.81266,10.96665],[125.81287,10.96617],[125.81273,10.96598],[125.81275,10.96548],[125.8134,10.96477],[125.81347,10.96453],[125.81393,10.96415],[125.8143,10.96364],[125.81447,10.96302],[125.81444,10.96268],[125.81461,10.9622],[125.81487,10.96195],[125.81511,10.96143],[125.81509,10.96091],[125.81574,10.96024],[125.81628,10.95933],[125.81667,10.9591],[125.81712,10.95812],[125.81713,10.95782],[125.81732,10.95753],[125.81789,10.957],[125.81834,10.95641],[125.81876,10.95564],[125.81892,10.95552],[125.81951,10.95326],[125.81969,10.95244],[125.8198,10.95158],[125.82019,10.95077],[125.82037,10.95006],[125.82076,10.94907],[125.82085,10.94856],[125.82065,10.94806],[125.82091,10.94787],[125.8211,10.94732],[125.82105,10.94695],[125.82042,10.94682],[125.82014,10.94688],[125.82006,10.94655],[125.82045,10.94662],[125.82152,10.94529],[125.82159,10.94489],[125.82199,10.9441],[125.82235,10.9438],[125.82282,10.9431],[125.82344,10.94251],[125.82376,10.94203],[125.82381,10.94175],[125.82414,10.94099],[125.82427,10.93975],[125.82441,10.93921],[125.82473,10.93865],[125.82505,10.9385],[125.82578,10.93876],[125.82663,10.93959],[125.82753,10.93961],[125.82853,10.94011],[125.829,10.94012],[125.83069,10.94047],[125.83135,10.94053],[125.83176,10.94027],[125.83248,10.94012],[125.83339,10.93982],[125.83402,10.93919],[125.83482,10.93874],[125.83542,10.93848],[125.83578,10.93854],[125.83674,10.93928],[125.83703,10.93959],[125.83779,10.94016],[125.83825,10.94024],[125.83839,10.94052],[125.83826,10.94121],[125.83772,10.94305],[125.83665,10.94567],[125.83571,10.94827],[125.83499,10.94987],[125.83447,10.95168],[125.8341,10.95279],[125.83334,10.95469],[125.83265,10.95602],[125.83188,10.95725],[125.83163,10.95788],[125.83152,10.95883],[125.83158,10.95919],[125.83136,10.96049],[125.8311,10.96087],[125.83105,10.96137],[125.83052,10.96208],[125.82993,10.96268],[125.82966,10.96345],[125.8289,10.96471],[125.8289,10.96537],[125.82874,10.9658],[125.82856,10.96588],[125.82826,10.96668],[125.82805,10.96675],[125.827,10.96793],[125.82687,10.96837],[125.82647,10.96842],[125.82588,10.96894],[125.826,10.96998],[125.82532,10.96997],[125.82528,10.97013],[125.82356,10.97074],[125.82309,10.97087],[125.82242,10.97134],[125.82173,10.97153],[125.82116,10.97203],[125.82027,10.97262],[125.81986,10.97278],[125.8193,10.97316],[125.8189,10.97325],[125.81836,10.97389],[125.81783,10.97437],[125.817,10.97488],[125.81645,10.97476],[125.81626,10.97508],[125.81575,10.97555],[125.81527,10.9761],[125.81435,10.97731],[125.81338,10.9781],[125.81253,10.97888],[125.81149,10.97977],[125.81075,10.98032],[125.80995,10.98122],[125.80931,10.98184],[125.80867,10.98261],[125.80822,10.98328],[125.80757,10.98412],[125.80638,10.9858],[125.80521,10.98737],[125.80449,10.98822],[125.80423,10.98846],[125.80416,10.98899],[125.80396,10.98943],[125.80327,10.99051],[125.80301,10.99084],[125.80262,10.99165],[125.80308,10.99196],[125.80305,10.99257],[125.8028,10.99286],[125.8027,10.99368],[125.80259,10.99403],[125.80258,10.99455],[125.80213,10.99487],[125.80207,10.99546],[125.80152,10.9959],[125.80092,10.99673],[125.80052,10.99698],[125.80018,10.99781],[125.80019,10.99828],[125.8,10.99853],[125.7994,10.99871],[125.79935,10.99955],[125.79891,10.99997],[125.7986,11.0004],[125.7987,11.00079],[125.79848,11.00127],[125.79855,11.0016],[125.79878,11.00181],[125.79838,11.0023],[125.79811,11.00233],[125.79757,11.00308],[125.79722,11.00316],[125.79686,11.00352],[125.79686,11.00394],[125.79636,11.00418],[125.7961,11.00494],[125.79584,11.00513],[125.79595,11.00573],[125.79554,11.00597],[125.79505,11.00602],[125.79476,11.00617],[125.79467,11.00652],[125.79437,11.00678],[125.79339,11.00741],[125.79304,11.00751],[125.79238,11.00753],[125.79178,11.00766],[125.7915,11.00795],[125.79152,11.00887],[125.79178,11.00925],[125.79171,11.00959],[125.79135,11.00957],[125.79114,11.00957],[125.79091,11.00988],[125.79107,11.01011],[125.79107,11.01066],[125.79095,11.01078],[125.79046,11.01063],[125.79019,11.01109],[125.79016,11.01165],[125.78958,11.0119],[125.78939,11.0118],[125.78918,11.01227],[125.78865,11.01191],[125.78788,11.01201],[125.78752,11.01232],[125.78767,11.01288],[125.78731,11.01284],[125.78706,11.01336],[125.78744,11.01378],[125.78774,11.01429],[125.78723,11.0146],[125.78728,11.01484],[125.7871,11.01596],[125.78689,11.01612],[125.78635,11.01625],[125.78589,11.01704],[125.7859,11.01726],[125.78553,11.01745],[125.78517,11.01876],[125.78502,11.01903],[125.78456,11.01942],[125.7845,11.01992],[125.78413,11.02053],[125.78372,11.0207],[125.78295,11.02133],[125.78285,11.02175],[125.78128,11.02328],[125.7812,11.02346],[125.78031,11.02409],[125.77994,11.0245],[125.77993,11.02475],[125.77968,11.02495],[125.77862,11.02532],[125.77848,11.02528],[125.77748,11.02544],[125.77716,11.02567],[125.77735,11.0259],[125.77669,11.02663],[125.77604,11.02744],[125.77559,11.02759],[125.77572,11.02783],[125.77554,11.0281],[125.77511,11.0284],[125.77479,11.02873],[125.77477,11.02915],[125.77433,11.02921],[125.77381,11.02999],[125.77409,11.03043],[125.77373,11.03083],[125.77355,11.03149],[125.77299,11.03206],[125.77298,11.03163],[125.77255,11.03161],[125.77214,11.03203],[125.77173,11.03183],[125.77154,11.03226],[125.76948,11.03245],[125.76908,11.03257],[125.76872,11.0324],[125.76776,11.03247],[125.76719,11.03243],[125.76637,11.03223],[125.76628,11.03178],[125.76591,11.03139],[125.76549,11.0313],[125.76497,11.03097],[125.76443,11.0313],[125.76419,11.03131],[125.7642,11.03079],[125.76431,11.03063],[125.76388,11.03022],[125.7636,11.03008],[125.76324,11.02921],[125.76298,11.02796],[125.76301,11.02682],[125.76315,11.02655],[125.76318,11.0258],[125.76343,11.02545],[125.76337,11.02505],[125.76354,11.0243],[125.76326,11.02405],[125.76267,11.02301],[125.76245,11.02177],[125.76233,11.02146],[125.76228,11.0208],[125.76207,11.01997],[125.76203,11.01951],[125.76231,11.01956],[125.76243,11.02027],[125.76273,11.02014],[125.76277,11.01964],[125.76268,11.01907],[125.76267,11.01732],[125.76274,11.01679],[125.76309,11.01618],[125.76323,11.01569],[125.76326,11.01517],[125.7631,11.01455],[125.7632,11.01427],[125.76402,11.0136],[125.76415,11.01319],[125.76423,11.01301],[125.76476,11.01255],[125.76509,11.01239],[125.7656,11.01198],[125.76653,11.01146],[125.76711,11.01102],[125.76727,11.01079],[125.76807,11.01045],[125.76852,11.01003],[125.76863,11.00982],[125.76852,11.00939],[125.76892,11.00952],[125.76922,11.00902],[125.76966,11.00903],[125.76988,11.0087],[125.77061,11.00825],[125.77116,11.0081],[125.77137,11.00757],[125.77166,11.00774],[125.77216,11.00764],[125.77256,11.00696],[125.77164,11.00712],[125.77139,11.00699],[125.77162,11.00631],[125.77196,11.00592],[125.77191,11.00556],[125.77229,11.00538],[125.77297,11.00556],[125.77295,11.00495],[125.77327,11.00466],[125.77377,11.00508],[125.77409,11.00507],[125.77338,11.00426],[125.77329,11.0039],[125.77351,11.0036],[125.77407,11.00326],[125.77454,11.00332],[125.77525,11.00291],[125.77545,11.00295],[125.7759,11.00272],[125.7769,11.00264],[125.77698,11.00222],[125.77732,11.00225],[125.7779,11.00201],[125.77783,11.00167],[125.7782,11.00121],[125.77872,11.00101],[125.77977,11.00006],[125.78005,10.99998],[125.78047,11.00019]]],[[[125.71551,10.77947],[125.71602,10.78025],[125.71686,10.78121],[125.7174,10.78173],[125.71807,10.7821],[125.71909,10.78227],[125.72007,10.78262],[125.72044,10.78293],[125.72085,10.78309],[125.7212,10.78354],[125.72197,10.78408],[125.72248,10.78459],[125.7228,10.78506],[125.72349,10.78699],[125.7244,10.78891],[125.72436,10.78982],[125.72454,10.79095],[125.7245,10.79183],[125.72479,10.79275],[125.72491,10.79349],[125.72544,10.79453],[125.72577,10.79489],[125.72596,10.79555],[125.72664,10.79639],[125.72657,10.7966],[125.72695,10.79709],[125.72722,10.79725],[125.72721,10.79753],[125.72763,10.79759],[125.72753,10.79805],[125.72731,10.79818],[125.72699,10.79875],[125.72659,10.79876],[125.72619,10.79999],[125.72588,10.80057],[125.72586,10.80084],[125.72546,10.80156],[125.7254,10.80256],[125.72553,10.80297],[125.72525,10.80331],[125.72475,10.8036],[125.72453,10.80425],[125.72487,10.80505],[125.72429,10.8055],[125.724,10.80549],[125.72364,10.80608],[125.72332,10.80622],[125.72254,10.80691],[125.72216,10.80735],[125.72196,10.80736],[125.7216,10.80773],[125.72038,10.80857],[125.7197,10.80935],[125.71909,10.80973],[125.71864,10.81021],[125.71756,10.8109],[125.71694,10.81151],[125.71611,10.81215],[125.71529,10.81267],[125.71385,10.81348],[125.71351,10.81351],[125.71233,10.81395],[125.7118,10.81455],[125.71011,10.81522],[125.70894,10.81593],[125.70784,10.81673],[125.70708,10.81744],[125.70609,10.81791],[125.70531,10.81843],[125.70475,10.81887],[125.70353,10.81992],[125.70302,10.8203],[125.70173,10.82112],[125.70126,10.82112],[125.70068,10.82134],[125.69978,10.82189],[125.69863,10.82242],[125.69806,10.82254],[125.69746,10.82256],[125.69698,10.8227],[125.69632,10.82305],[125.69533,10.82333],[125.69461,10.82343],[125.69438,10.82356],[125.6939,10.82346],[125.69332,10.82351],[125.69302,10.82363],[125.69253,10.82362],[125.69214,10.82332],[125.69203,10.82263],[125.69155,10.82238],[125.69097,10.82235],[125.69061,10.82189],[125.69025,10.82165],[125.68981,10.82163],[125.68912,10.82141],[125.68913,10.82112],[125.68953,10.8207],[125.68946,10.8204],[125.68962,10.8202],[125.68942,10.81997],[125.68912,10.82002],[125.68902,10.82071],[125.68885,10.82079],[125.68878,10.82015],[125.68844,10.82041],[125.68821,10.82037],[125.68792,10.8196],[125.68737,10.81918],[125.68723,10.81887],[125.68698,10.8187],[125.68684,10.81827],[125.6865,10.81799],[125.686,10.8179],[125.68577,10.81745],[125.6854,10.81711],[125.68441,10.81664],[125.68389,10.81604],[125.68345,10.81583],[125.68335,10.8156],[125.6829,10.81532],[125.68168,10.81477],[125.68137,10.81436],[125.68102,10.81434],[125.6806,10.81403],[125.67988,10.81388],[125.67966,10.81348],[125.67912,10.81316],[125.679,10.81265],[125.67871,10.81267],[125.6784,10.81247],[125.67809,10.81183],[125.67707,10.81123],[125.67644,10.8102],[125.67613,10.81015],[125.67584,10.80971],[125.67604,10.80939],[125.67597,10.80877],[125.67564,10.80871],[125.67537,10.80827],[125.67528,10.80783],[125.675,10.80782],[125.6747,10.80715],[125.67457,10.80665],[125.67407,10.8064],[125.67371,10.80599],[125.67365,10.80516],[125.67327,10.8052],[125.67329,10.80453],[125.6729,10.8043],[125.67285,10.80401],[125.67255,10.80385],[125.67239,10.80345],[125.67196,10.80351],[125.67179,10.80309],[125.67052,10.80208],[125.67,10.801],[125.66931,10.80029],[125.66913,10.79991],[125.66849,10.79937],[125.66834,10.79896],[125.66789,10.7986],[125.66728,10.79827],[125.66662,10.79774],[125.66642,10.79689],[125.66523,10.79586],[125.66519,10.79547],[125.6647,10.79545],[125.66425,10.795],[125.66383,10.79475],[125.66357,10.7943],[125.66271,10.79395],[125.66246,10.7935],[125.6611,10.79212],[125.66091,10.7915],[125.66058,10.79111],[125.66038,10.79056],[125.66052,10.7904],[125.66035,10.78978],[125.66057,10.7891],[125.66044,10.78894],[125.66045,10.78833],[125.65996,10.78696],[125.66001,10.78651],[125.65935,10.786],[125.65907,10.78556],[125.65907,10.78501],[125.65891,10.78459],[125.65891,10.784],[125.65902,10.78378],[125.6587,10.78299],[125.65861,10.78247],[125.65878,10.78219],[125.65862,10.78164],[125.65897,10.7811],[125.65883,10.78083],[125.65886,10.78015],[125.65913,10.77948],[125.65937,10.77919],[125.65946,10.7785],[125.65977,10.77777],[125.66023,10.77738],[125.65994,10.77694],[125.65995,10.77636],[125.66013,10.77601],[125.66058,10.77576],[125.66113,10.77575],[125.66154,10.77547],[125.66146,10.77523],[125.66192,10.77497],[125.66246,10.77512],[125.66293,10.77552],[125.66326,10.77568],[125.66379,10.7756],[125.6637,10.77528],[125.66308,10.77537],[125.66276,10.77433],[125.66243,10.77375],[125.66247,10.77327],[125.66228,10.77307],[125.66222,10.77261],[125.66205,10.77229],[125.66172,10.77093],[125.66125,10.76978],[125.66081,10.76936],[125.66069,10.76906],[125.6602,10.76851],[125.65993,10.76808],[125.65972,10.76746],[125.65929,10.76697],[125.65943,10.76677],[125.65944,10.76486],[125.65918,10.76439],[125.65954,10.7633],[125.65959,10.76273],[125.65951,10.76204],[125.65954,10.76155],[125.66001,10.76016],[125.66083,10.75941],[125.6619,10.75852],[125.66375,10.75682],[125.66415,10.75615],[125.66452,10.75578],[125.66474,10.75515],[125.66521,10.75457],[125.66555,10.75355],[125.66537,10.75305],[125.6655,10.75273],[125.66581,10.75275],[125.66608,10.75238],[125.66607,10.75207],[125.66659,10.75188],[125.66673,10.7515],[125.66724,10.751],[125.66742,10.75058],[125.66817,10.74964],[125.6683,10.74932],[125.66921,10.74806],[125.67041,10.74608],[125.6704,10.74546],[125.67023,10.74492],[125.67019,10.7444],[125.67082,10.74392],[125.67087,10.74412],[125.67148,10.74401],[125.67302,10.74347],[125.67399,10.74318],[125.67408,10.74305],[125.6748,10.74311],[125.67526,10.74271],[125.67659,10.7425],[125.67705,10.74206],[125.67744,10.74236],[125.67779,10.74247],[125.67809,10.74238],[125.67897,10.74261],[125.67927,10.74251],[125.67985,10.7424],[125.68057,10.74217],[125.6812,10.74187],[125.68139,10.74159],[125.68219,10.74092],[125.68303,10.73964],[125.68332,10.73941],[125.68332,10.73916],[125.68383,10.73893],[125.68436,10.73854],[125.68485,10.73836],[125.68536,10.73795],[125.68618,10.73782],[125.68685,10.73735],[125.68743,10.73735],[125.68786,10.73723],[125.68807,10.73734],[125.68919,10.73696],[125.69023,10.73675],[125.69083,10.73695],[125.69135,10.73702],[125.6927,10.73678],[125.69317,10.7369],[125.6938,10.7366],[125.69423,10.73663],[125.69505,10.73644],[125.6953,10.73628],[125.69614,10.7361],[125.69663,10.73628],[125.69668,10.73603],[125.69706,10.73566],[125.69773,10.73565],[125.69804,10.73613],[125.69857,10.73619],[125.69896,10.73634],[125.69924,10.73607],[125.69995,10.73616],[125.70085,10.73588],[125.70117,10.73604],[125.70158,10.73593],[125.70241,10.73613],[125.70255,10.73527],[125.70225,10.73487],[125.70214,10.73422],[125.70137,10.73359],[125.70016,10.73314],[125.69982,10.73308],[125.69955,10.73331],[125.69913,10.73289],[125.69896,10.73298],[125.69846,10.73252],[125.69829,10.73208],[125.69801,10.73171],[125.69707,10.7315],[125.69684,10.73127],[125.69635,10.73111],[125.69574,10.73046],[125.69538,10.7296],[125.69524,10.72878],[125.69536,10.7286],[125.69528,10.72823],[125.69541,10.72796],[125.69585,10.72758],[125.69579,10.72722],[125.69611,10.72688],[125.69606,10.72637],[125.69632,10.72605],[125.69662,10.72606],[125.69709,10.72565],[125.6975,10.7249],[125.69827,10.7245],[125.69857,10.72426],[125.69893,10.7243],[125.69889,10.72459],[125.70021,10.72433],[125.70071,10.72391],[125.70087,10.72325],[125.7011,10.72346],[125.7016,10.72326],[125.7021,10.72334],[125.70229,10.72359],[125.70291,10.72377],[125.70407,10.72392],[125.70517,10.72359],[125.70615,10.72337],[125.70694,10.72325],[125.70773,10.72291],[125.70814,10.72286],[125.70854,10.7226],[125.70878,10.72266],[125.7092,10.72285],[125.70968,10.72288],[125.71078,10.72246],[125.71172,10.72227],[125.71206,10.72206],[125.71386,10.72127],[125.71578,10.72004],[125.71597,10.7191],[125.71648,10.71871],[125.71674,10.71873],[125.71718,10.71824],[125.71735,10.71817],[125.71767,10.71867],[125.71803,10.71897],[125.71853,10.71887],[125.71875,10.71909],[125.71966,10.71901],[125.71994,10.71914],[125.72188,10.71911],[125.72218,10.71892],[125.72278,10.71879],[125.72301,10.71865],[125.72305,10.71814],[125.7235,10.71833],[125.7246,10.71805],[125.72518,10.71773],[125.72583,10.71693],[125.72674,10.71512],[125.7275,10.71383],[125.72836,10.7126],[125.72917,10.71155],[125.7312,10.70933],[125.73271,10.70788],[125.73359,10.70715],[125.73446,10.70635],[125.73473,10.706],[125.73574,10.70513],[125.73687,10.70458],[125.73782,10.7034],[125.73781,10.70286],[125.73815,10.70187],[125.73892,10.70063],[125.73895,10.70047],[125.74033,10.69884],[125.74074,10.69856],[125.74154,10.69767],[125.742,10.69703],[125.74217,10.69658],[125.74257,10.69586],[125.74299,10.6953],[125.74377,10.69412],[125.74406,10.69377],[125.74483,10.69326],[125.7453,10.69308],[125.74701,10.69258],[125.74798,10.69181],[125.74836,10.69123],[125.74907,10.69095],[125.74965,10.69059],[125.74995,10.69026],[125.75077,10.68995],[125.75101,10.6897],[125.7514,10.68961],[125.75212,10.68919],[125.75299,10.68914],[125.75412,10.689],[125.75464,10.68876],[125.75515,10.68843],[125.75569,10.68849],[125.75711,10.68879],[125.75773,10.68876],[125.75826,10.68826],[125.75856,10.68811],[125.75936,10.68828],[125.75964,10.68819],[125.76073,10.68815],[125.76128,10.68781],[125.76214,10.68797],[125.76252,10.68791],[125.76319,10.68802],[125.76436,10.68853],[125.7654,10.6886],[125.76584,10.68849],[125.7665,10.68878],[125.7667,10.68913],[125.76727,10.68948],[125.76754,10.6895],[125.76788,10.68977],[125.76873,10.68996],[125.7689,10.69014],[125.76963,10.69021],[125.77053,10.69042],[125.77071,10.69084],[125.77093,10.69103],[125.77125,10.69101],[125.77201,10.69122],[125.7724,10.69155],[125.77299,10.69191],[125.7736,10.69212],[125.77439,10.69226],[125.77555,10.69264],[125.77582,10.6926],[125.7763,10.69292],[125.77705,10.69291],[125.77838,10.69308],[125.77883,10.69302],[125.77971,10.69296],[125.78026,10.69314],[125.78124,10.6932],[125.78209,10.69306],[125.78243,10.69281],[125.78325,10.69256],[125.78349,10.69229],[125.78467,10.69228],[125.78598,10.69267],[125.7869,10.6925],[125.78723,10.69211],[125.78757,10.69216],[125.78841,10.69178],[125.78909,10.69201],[125.78972,10.69168],[125.78988,10.69189],[125.79051,10.69179],[125.79129,10.69211],[125.79197,10.6921],[125.79207,10.69227],[125.7925,10.69216],[125.79297,10.69179],[125.79344,10.69158],[125.7934,10.69131],[125.79382,10.6912],[125.79426,10.69148],[125.79505,10.69142],[125.79533,10.69114],[125.7958,10.69098],[125.79636,10.69092],[125.79672,10.6906],[125.7966,10.69022],[125.79717,10.69015],[125.79727,10.69052],[125.79771,10.69055],[125.79808,10.6904],[125.79818,10.69083],[125.79896,10.69117],[125.79923,10.69114],[125.79976,10.69141],[125.80016,10.69131],[125.80053,10.69101],[125.80074,10.69127],[125.80155,10.69154],[125.80187,10.69176],[125.80228,10.69177],[125.80213,10.69209],[125.80263,10.69252],[125.80346,10.69302],[125.80395,10.69322],[125.8046,10.69367],[125.80588,10.69442],[125.80734,10.69499],[125.80776,10.69522],[125.80828,10.69537],[125.80851,10.69522],[125.80921,10.6956],[125.80975,10.69596],[125.80988,10.69623],[125.81036,10.69665],[125.81079,10.69665],[125.81128,10.6974],[125.81104,10.69748],[125.81088,10.69781],[125.81068,10.69785],[125.81057,10.69832],[125.81065,10.69868],[125.81063,10.69924],[125.81084,10.69997],[125.81101,10.70114],[125.81095,10.70189],[125.811,10.70234],[125.8112,10.70292],[125.81224,10.70443],[125.81287,10.70551],[125.81312,10.70603],[125.81349,10.7065],[125.81411,10.70743],[125.81489,10.70851],[125.81504,10.70885],[125.8156,10.70952],[125.81617,10.71039],[125.81677,10.7111],[125.81717,10.71147],[125.81773,10.71236],[125.81841,10.71368],[125.81897,10.71546],[125.81953,10.71645],[125.81986,10.71727],[125.81997,10.71794],[125.81982,10.71871],[125.81942,10.71948],[125.81917,10.72013],[125.81893,10.72044],[125.81817,10.72175],[125.81784,10.72223],[125.8173,10.72327],[125.81642,10.72421],[125.81572,10.7252],[125.81513,10.72612],[125.81438,10.72752],[125.81408,10.72822],[125.8131,10.72947],[125.81286,10.72971],[125.81195,10.73037],[125.81126,10.73078],[125.81007,10.73129],[125.80907,10.73143],[125.80759,10.73185],[125.80678,10.73221],[125.80577,10.73237],[125.80495,10.73268],[125.80412,10.73309],[125.80355,10.73347],[125.80235,10.73411],[125.80175,10.73412],[125.80089,10.73453],[125.79957,10.73498],[125.79881,10.73534],[125.79842,10.73545],[125.79776,10.7354],[125.79695,10.73574],[125.79664,10.73571],[125.79564,10.73602],[125.79544,10.7362],[125.79492,10.73604],[125.79442,10.73603],[125.79289,10.73646],[125.79199,10.7368],[125.79139,10.73684],[125.79091,10.73697],[125.78978,10.73709],[125.78919,10.73728],[125.78874,10.73753],[125.78732,10.738],[125.78685,10.73796],[125.78645,10.73778],[125.78505,10.73814],[125.7843,10.7384],[125.78327,10.73866],[125.78282,10.73913],[125.78255,10.73893],[125.78194,10.73892],[125.78159,10.73874],[125.78074,10.73883],[125.77995,10.73868],[125.77892,10.7388],[125.77868,10.73862],[125.77772,10.73854],[125.77752,10.73884],[125.77725,10.73894],[125.7769,10.73878],[125.77576,10.7389],[125.77518,10.73882],[125.77423,10.73896],[125.77286,10.73888],[125.77206,10.73892],[125.7717,10.73886],[125.77084,10.73887],[125.76968,10.73856],[125.7692,10.73855],[125.76858,10.73835],[125.76805,10.73834],[125.76762,10.73845],[125.76725,10.73869],[125.76661,10.73849],[125.76618,10.73826],[125.76585,10.73827],[125.7641,10.73753],[125.76372,10.73726],[125.76296,10.73719],[125.76096,10.73736],[125.76027,10.73731],[125.75933,10.7374],[125.75785,10.73778],[125.7574,10.73796],[125.75664,10.73839],[125.7565,10.73861],[125.75578,10.73873],[125.75542,10.73864],[125.75358,10.73961],[125.75337,10.73987],[125.75285,10.7401],[125.75239,10.74004],[125.75197,10.74016],[125.75111,10.73991],[125.74996,10.73966],[125.74964,10.73951],[125.74907,10.73963],[125.74889,10.73941],[125.74793,10.73914],[125.7469,10.73898],[125.74587,10.739],[125.74372,10.73924],[125.74286,10.73923],[125.74202,10.7391],[125.74132,10.73914],[125.74028,10.73934],[125.73947,10.73942],[125.73884,10.73925],[125.73821,10.73927],[125.73717,10.73946],[125.73607,10.73974],[125.73505,10.73967],[125.73382,10.73986],[125.73303,10.74028],[125.73189,10.74078],[125.73115,10.74115],[125.7305,10.74163],[125.72943,10.74227],[125.72901,10.74212],[125.72835,10.74245],[125.72721,10.74286],[125.72605,10.74345],[125.72529,10.74362],[125.72445,10.74358],[125.72332,10.74384],[125.7218,10.74371],[125.72071,10.74433],[125.72023,10.74481],[125.71992,10.74489],[125.71971,10.74514],[125.71926,10.74538],[125.71856,10.74604],[125.71811,10.74708],[125.71804,10.7485],[125.71856,10.74975],[125.71894,10.75028],[125.71934,10.75136],[125.7194,10.75189],[125.71989,10.75223],[125.71995,10.75256],[125.71972,10.75309],[125.71919,10.75362],[125.71821,10.75392],[125.718,10.75376],[125.7176,10.75377],[125.71703,10.75408],[125.71651,10.75458],[125.71705,10.7548],[125.71602,10.75555],[125.71553,10.75565],[125.71461,10.75687],[125.7142,10.7573],[125.71415,10.75773],[125.71376,10.75785],[125.71376,10.75821],[125.71346,10.75828],[125.71301,10.75871],[125.7118,10.75952],[125.71152,10.76007],[125.71077,10.76078],[125.71049,10.76151],[125.71056,10.7621],[125.71101,10.76274],[125.71181,10.76332],[125.71198,10.76389],[125.71131,10.76404],[125.71185,10.7643],[125.71237,10.76467],[125.71312,10.76536],[125.71331,10.76583],[125.71333,10.76691],[125.71369,10.76741],[125.71399,10.76804],[125.71399,10.76909],[125.7141,10.76936],[125.71406,10.7702],[125.71436,10.77206],[125.71409,10.7739],[125.71381,10.77492],[125.71361,10.77591],[125.71362,10.77728],[125.7138,10.77779],[125.71441,10.77819],[125.71551,10.77947]]],[[[125.74686,11.01648],[125.74661,11.01637],[125.74658,11.01603],[125.74614,11.01621],[125.7457,11.0158],[125.74536,11.01442],[125.74589,11.01411],[125.74728,11.01403],[125.74758,11.01425],[125.74785,11.01409],[125.74915,11.01429],[125.74906,11.01482],[125.74854,11.01495],[125.74813,11.01523],[125.74756,11.01527],[125.74782,11.01583],[125.74761,11.01633],[125.74686,11.01648]]],[[[125.70761,11.05602],[125.70719,11.05597],[125.70733,11.05524],[125.70764,11.0551],[125.70777,11.05581],[125.70761,11.05602]]],[[[125.64425,11.00822],[125.64365,11.00843],[125.64296,11.00845],[125.64226,11.0086],[125.64238,11.00831],[125.64318,11.00808],[125.64423,11.0074],[125.64445,11.0076],[125.64504,11.00753],[125.64525,11.00777],[125.64505,11.008],[125.6446,11.008],[125.64425,11.00822]]],[[[125.69384,11.02891],[125.69351,11.02919],[125.69301,11.02892],[125.69252,11.02878],[125.69178,11.02875],[125.69127,11.02882],[125.69009,11.02855],[125.68943,11.02852],[125.6888,11.02815],[125.68876,11.02771],[125.68893,11.02707],[125.68884,11.02658],[125.68899,11.02612],[125.68947,11.02564],[125.68981,11.02515],[125.69021,11.02479],[125.69054,11.02431],[125.69101,11.02383],[125.6915,11.02353],[125.69175,11.02322],[125.69227,11.02306],[125.69336,11.02315],[125.69382,11.02332],[125.69456,11.02377],[125.69515,11.02389],[125.69551,11.02433],[125.69582,11.02452],[125.69586,11.02481],[125.69614,11.02514],[125.69658,11.02511],[125.69643,11.02549],[125.69668,11.02598],[125.69673,11.02647],[125.6965,11.02651],[125.69618,11.02686],[125.69638,11.02731],[125.69658,11.02745],[125.69629,11.02779],[125.69591,11.02799],[125.69552,11.0277],[125.69465,11.02821],[125.69415,11.02872],[125.69384,11.02891]]],[[[125.70073,11.03765],[125.70086,11.0376],[125.70159,11.03835],[125.70169,11.0387],[125.70143,11.03891],[125.70081,11.03914],[125.70028,11.03919],[125.70062,11.03951],[125.70109,11.0395],[125.70173,11.03934],[125.70196,11.03987],[125.70168,11.04041],[125.70163,11.04072],[125.70184,11.04137],[125.7024,11.0415],[125.70238,11.04121],[125.70209,11.04093],[125.70229,11.04044],[125.70278,11.04],[125.70347,11.0398],[125.70384,11.03991],[125.70396,11.04016],[125.70454,11.04031],[125.70532,11.04065],[125.70572,11.0406],[125.70659,11.04099],[125.70714,11.04201],[125.7074,11.04283],[125.70781,11.04259],[125.70836,11.04263],[125.70886,11.04242],[125.70905,11.04283],[125.70869,11.04341],[125.70929,11.04347],[125.70958,11.04292],[125.70933,11.04273],[125.70949,11.04244],[125.70989,11.04247],[125.71008,11.04277],[125.70998,11.04314],[125.71054,11.04371],[125.71076,11.04373],[125.71113,11.04401],[125.71129,11.04447],[125.71189,11.04448],[125.71184,11.04482],[125.71225,11.04543],[125.71234,11.04581],[125.71196,11.04602],[125.71162,11.0465],[125.71107,11.04679],[125.71093,11.04671],[125.71051,11.04711],[125.71015,11.04715],[125.70855,11.04824],[125.70803,11.04853],[125.70731,11.04856],[125.70648,11.04844],[125.70613,11.04855],[125.70575,11.04836],[125.70566,11.04868],[125.70522,11.04885],[125.70459,11.04875],[125.70443,11.04934],[125.70387,11.04984],[125.70386,11.04997],[125.70287,11.05071],[125.70257,11.05106],[125.70214,11.05116],[125.70144,11.0506],[125.70129,11.0509],[125.7003,11.05119],[125.70057,11.05158],[125.7002,11.05215],[125.70011,11.05251],[125.69971,11.05234],[125.69968,11.05297],[125.69932,11.05344],[125.69895,11.05369],[125.69823,11.05401],[125.69764,11.05444],[125.69729,11.05444],[125.69682,11.05414],[125.69626,11.05413],[125.69586,11.05366],[125.69525,11.05394],[125.69497,11.05415],[125.69453,11.05392],[125.6941,11.05404],[125.69376,11.05377],[125.69362,11.05405],[125.69336,11.05393],[125.69285,11.05421],[125.69197,11.05376],[125.69196,11.05402],[125.69219,11.05421],[125.69211,11.05453],[125.69243,11.05473],[125.69248,11.05522],[125.69197,11.05544],[125.69163,11.05541],[125.69122,11.05583],[125.69097,11.05593],[125.69066,11.05628],[125.68948,11.05695],[125.68898,11.05716],[125.68837,11.05757],[125.68804,11.05757],[125.68735,11.05739],[125.68691,11.05687],[125.68669,11.05692],[125.68634,11.05668],[125.68577,11.05605],[125.68517,11.0564],[125.6849,11.05686],[125.68461,11.0567],[125.68429,11.05709],[125.68416,11.05749],[125.68326,11.05837],[125.68312,11.05867],[125.68233,11.05956],[125.68198,11.05973],[125.68138,11.05983],[125.68035,11.05977],[125.67943,11.05951],[125.67929,11.05906],[125.67897,11.05907],[125.67853,11.05773],[125.67802,11.05734],[125.67806,11.05697],[125.67791,11.05641],[125.67766,11.05587],[125.67745,11.05584],[125.67737,11.05548],[125.67708,11.05513],[125.67699,11.05449],[125.67672,11.05428],[125.67652,11.05364],[125.6764,11.05268],[125.67652,11.05237],[125.67645,11.05205],[125.67669,11.05155],[125.67671,11.05124],[125.67704,11.05069],[125.6774,11.05055],[125.67772,11.05002],[125.67787,11.04992],[125.6784,11.04881],[125.67884,11.04828],[125.6795,11.04807],[125.68014,11.04805],[125.68098,11.04791],[125.68177,11.04796],[125.68233,11.04788],[125.68268,11.04792],[125.68293,11.04758],[125.68357,11.0476],[125.68399,11.04718],[125.68418,11.04616],[125.68372,11.04531],[125.68354,11.04512],[125.6835,11.0446],[125.68395,11.04439],[125.68424,11.04411],[125.68466,11.04318],[125.68492,11.0428],[125.68489,11.04248],[125.68505,11.04208],[125.68499,11.04175],[125.68528,11.04159],[125.68527,11.04134],[125.68557,11.04117],[125.68549,11.04085],[125.68575,11.04056],[125.6857,11.04001],[125.68589,11.03987],[125.68573,11.03947],[125.68624,11.03883],[125.68611,11.03847],[125.68675,11.03809],[125.68694,11.03758],[125.68728,11.03735],[125.68731,11.03702],[125.68769,11.03636],[125.68762,11.03599],[125.68771,11.03554],[125.68786,11.03409],[125.68817,11.03366],[125.68866,11.03353],[125.68882,11.03326],[125.68948,11.03292],[125.69004,11.03272],[125.69116,11.03258],[125.6919,11.03267],[125.69231,11.03289],[125.69264,11.03287],[125.69294,11.03319],[125.6934,11.03319],[125.69351,11.033],[125.69463,11.0332],[125.69532,11.03363],[125.69613,11.03402],[125.69666,11.03486],[125.69691,11.035],[125.69755,11.03512],[125.69798,11.03542],[125.69804,11.03576],[125.69764,11.03593],[125.69741,11.03627],[125.69784,11.03676],[125.69833,11.03629],[125.6988,11.03651],[125.69961,11.0371],[125.70061,11.03744],[125.70073,11.03765]]],[[[125.65179,10.7855],[125.6509,10.78559],[125.65062,10.78543],[125.65024,10.78543],[125.64953,10.78526],[125.64831,10.78463],[125.64778,10.78479],[125.64739,10.78446],[125.64754,10.78411],[125.64738,10.7835],[125.64606,10.78223],[125.64524,10.78098],[125.64491,10.78082],[125.64467,10.78034],[125.64433,10.78],[125.64406,10.77947],[125.64342,10.77902],[125.64374,10.77886],[125.6437,10.77843],[125.64382,10.77786],[125.64453,10.7775],[125.6453,10.77732],[125.6458,10.77743],[125.6464,10.77777],[125.64663,10.77819],[125.64681,10.77821],[125.64681,10.77915],[125.64704,10.77977],[125.64706,10.78014],[125.64831,10.78238],[125.6489,10.78324],[125.64934,10.7836],[125.64977,10.78383],[125.64987,10.78405],[125.65033,10.78441],[125.65137,10.78491],[125.65181,10.78537],[125.65179,10.7855]]],[[[125.70111,11.05626],[125.70033,11.05717],[125.70015,11.05723],[125.70008,11.05659],[125.70015,11.05625],[125.70064,11.05545],[125.70096,11.05538],[125.70146,11.05555],[125.70142,11.05582],[125.70111,11.05626]]],[[[125.69551,11.05846],[125.69513,11.05823],[125.69503,11.05738],[125.69513,11.0569],[125.69506,11.05647],[125.69529,11.05634],[125.69592,11.05662],[125.6963,11.05688],[125.69627,11.05757],[125.69612,11.05796],[125.6958,11.05838],[125.69551,11.05846]]],[[[125.83845,10.93134],[125.83809,10.93154],[125.83778,10.93128],[125.83771,10.93099],[125.83804,10.93076],[125.83845,10.93134]]],[[[125.83484,10.9317],[125.83403,10.93165],[125.83311,10.93133],[125.83287,10.93094],[125.83254,10.93077],[125.83213,10.93027],[125.83166,10.92995],[125.8309,10.93003],[125.83067,10.92994],[125.82979,10.92998],[125.82959,10.9298],[125.82957,10.92942],[125.83011,10.92898],[125.83073,10.9282],[125.83127,10.92778],[125.83156,10.92741],[125.83375,10.92505],[125.83541,10.92304],[125.83631,10.92201],[125.83672,10.92167],[125.83714,10.92113],[125.8372,10.92082],[125.83707,10.92037],[125.83688,10.92013],[125.83708,10.91949],[125.83757,10.91882],[125.83758,10.91862],[125.83726,10.9181],[125.8374,10.91733],[125.83694,10.91637],[125.8369,10.91606],[125.83715,10.91526],[125.8376,10.91488],[125.83765,10.91457],[125.83738,10.91436],[125.83797,10.91388],[125.83922,10.91422],[125.83979,10.91456],[125.8398,10.91508],[125.83969,10.91531],[125.83974,10.91631],[125.8399,10.91666],[125.84015,10.91802],[125.83974,10.91877],[125.83957,10.91996],[125.83971,10.92054],[125.83986,10.92067],[125.83994,10.92143],[125.84009,10.92171],[125.83922,10.92345],[125.83885,10.92448],[125.83833,10.92635],[125.83807,10.9279],[125.83794,10.92997],[125.83738,10.93019],[125.83702,10.93084],[125.83667,10.93111],[125.83508,10.93147],[125.83484,10.9317]]],[[[125.83135,10.93956],[125.83008,10.93955],[125.82935,10.9394],[125.82855,10.93916],[125.82799,10.93873],[125.82793,10.93845],[125.82761,10.93835],[125.82774,10.93798],[125.82685,10.93798],[125.82635,10.93778],[125.82624,10.93788],[125.82542,10.93777],[125.82525,10.93704],[125.8256,10.93652],[125.82585,10.93588],[125.82574,10.93577],[125.82593,10.93518],[125.82618,10.93496],[125.82617,10.93467],[125.82663,10.93414],[125.82701,10.93417],[125.82773,10.93457],[125.82817,10.93453],[125.82883,10.93459],[125.82932,10.93436],[125.82951,10.9344],[125.83022,10.934],[125.83055,10.93391],[125.83153,10.93386],[125.83229,10.93376],[125.83291,10.93361],[125.83367,10.93362],[125.83437,10.93352],[125.8349,10.93375],[125.83547,10.93443],[125.83554,10.93468],[125.83516,10.93565],[125.83476,10.93694],[125.83494,10.93741],[125.83432,10.93814],[125.83376,10.93828],[125.83336,10.93827],[125.83293,10.93849],[125.8318,10.9395],[125.83135,10.93956]]],[[[125.93719,10.77361],[125.93644,10.77343],[125.9364,10.77325],[125.93585,10.77271],[125.93587,10.77209],[125.93614,10.77125],[125.93647,10.77111],[125.93693,10.77039],[125.93775,10.77081],[125.93812,10.77141],[125.93824,10.77205],[125.93788,10.77193],[125.93806,10.77259],[125.938,10.77326],[125.93719,10.77361]]],[[[125.95745,10.7759],[125.95693,10.77559],[125.95664,10.77569],[125.95619,10.7754],[125.95582,10.77481],[125.95555,10.77457],[125.95534,10.77467],[125.95462,10.77442],[125.95418,10.77368],[125.95341,10.77346],[125.95305,10.77313],[125.95286,10.77332],[125.95258,10.77315],[125.9511,10.77321],[125.9487,10.77272],[125.94765,10.77262],[125.94633,10.7724],[125.94545,10.77207],[125.94437,10.77181],[125.94346,10.77176],[125.94228,10.77149],[125.9415,10.77142],[125.94116,10.77154],[125.94072,10.77123],[125.94043,10.77137],[125.93997,10.77137],[125.93985,10.77089],[125.93934,10.7705],[125.93891,10.77056],[125.93812,10.77023],[125.93771,10.76964],[125.9377,10.76936],[125.93799,10.76863],[125.938,10.76832],[125.9383,10.76829],[125.93885,10.76861],[125.93957,10.76877],[125.94037,10.76853],[125.94102,10.76866],[125.94131,10.76853],[125.94232,10.76827],[125.94258,10.76842],[125.94296,10.7683],[125.94411,10.76754],[125.94476,10.76689],[125.94509,10.7667],[125.94579,10.76652],[125.94716,10.76567],[125.94823,10.76485],[125.94899,10.76402],[125.9493,10.76349],[125.94935,10.7631],[125.9496,10.76261],[125.94992,10.76143],[125.94983,10.76001],[125.94996,10.75908],[125.94993,10.75821],[125.95008,10.75733],[125.95025,10.75699],[125.95075,10.75641],[125.95114,10.75609],[125.95387,10.75477],[125.95545,10.75433],[125.95665,10.75415],[125.9576,10.75412],[125.958,10.75394],[125.95836,10.75393],[125.95887,10.75374],[125.95904,10.75315],[125.95957,10.75299],[125.95981,10.75272],[125.9598,10.75229],[125.96014,10.75186],[125.9608,10.75179],[125.96142,10.7514],[125.96135,10.75047],[125.96201,10.75016],[125.96225,10.74985],[125.96216,10.74966],[125.96292,10.74917],[125.9634,10.74911],[125.96388,10.74851],[125.96464,10.74865],[125.96553,10.74861],[125.96593,10.74819],[125.9659,10.74789],[125.966,10.74712],[125.9664,10.74711],[125.96686,10.74682],[125.96696,10.74744],[125.96683,10.74779],[125.96705,10.74831],[125.96745,10.74857],[125.96767,10.74901],[125.96762,10.74966],[125.96777,10.74998],[125.96834,10.75029],[125.96823,10.75055],[125.96868,10.7507],[125.96893,10.75064],[125.96906,10.75096],[125.96881,10.75128],[125.96866,10.75201],[125.96893,10.75275],[125.96915,10.75313],[125.96918,10.75372],[125.96893,10.75449],[125.96841,10.75503],[125.96807,10.75601],[125.96822,10.75621],[125.96794,10.75736],[125.96798,10.75762],[125.96744,10.75786],[125.96754,10.7583],[125.96717,10.75844],[125.96698,10.75888],[125.96658,10.75902],[125.9667,10.75941],[125.96642,10.75954],[125.96626,10.7599],[125.96602,10.76002],[125.96575,10.76045],[125.9657,10.76087],[125.96584,10.76108],[125.96556,10.76128],[125.9654,10.76161],[125.96505,10.76284],[125.96504,10.76343],[125.9646,10.76353],[125.96426,10.76459],[125.96355,10.76548],[125.96349,10.76607],[125.96357,10.76659],[125.96338,10.76705],[125.96345,10.76743],[125.96325,10.76767],[125.96248,10.76765],[125.96282,10.76838],[125.96245,10.76893],[125.96169,10.76935],[125.96129,10.77015],[125.96116,10.7708],[125.96083,10.77102],[125.96041,10.77204],[125.96049,10.77215],[125.96034,10.77275],[125.96011,10.77262],[125.95957,10.77364],[125.95954,10.77401],[125.95929,10.7743],[125.95909,10.77477],[125.95921,10.77499],[125.95913,10.77581],[125.95835,10.77569],[125.9581,10.77542],[125.95745,10.7759]]],[[[125.95267,10.77626],[125.95198,10.77604],[125.95154,10.7756],[125.95154,10.77539],[125.95094,10.77492],[125.95131,10.77459],[125.95153,10.77457],[125.95204,10.7749],[125.95224,10.77527],[125.95235,10.77587],[125.95267,10.77626]]],[[[125.95264,10.77749],[125.95257,10.77725],[125.9529,10.77666],[125.95324,10.77667],[125.95369,10.77692],[125.95367,10.77719],[125.95334,10.77723],[125.95264,10.77749]]],[[[125.76272,11.03314],[125.76179,11.0339],[125.76133,11.03346],[125.76178,11.03293],[125.7614,11.03181],[125.76156,11.03159],[125.76154,11.03117],[125.76167,11.03065],[125.76189,11.03055],[125.76242,11.03093],[125.76253,11.03132],[125.76289,11.03183],[125.76324,11.03211],[125.7634,11.03258],[125.76272,11.03314]]],[[[125.76183,11.03848],[125.76172,11.03879],[125.76123,11.03882],[125.76123,11.0383],[125.76153,11.03818],[125.76183,11.03848]]],[[[125.62796,11.04712],[125.62754,11.04722],[125.6271,11.04715],[125.62712,11.04677],[125.62768,11.04663],[125.62803,11.04666],[125.62849,11.04649],[125.62871,11.0462],[125.62923,11.04588],[125.62919,11.04566],[125.62962,11.04541],[125.63004,11.04558],[125.63014,11.04605],[125.6304,11.04629],[125.6301,11.04674],[125.62988,11.04661],[125.62888,11.04677],[125.62831,11.04692],[125.62796,11.04712]]]]}},{"type":"Feature","properties":{"code":"0802610000","name":"Hernani","kind":"Municipality","provinceCode":"0802600000","province":"Eastern Samar","areaKm2":49,"labelPoint":[125.58413,11.31727]},"geometry":{"type":"Polygon","coordinates":[[[125.60962,11.30671],[125.60924,11.30696],[125.60916,11.30735],[125.60945,11.30827],[125.60971,11.30836],[125.60942,11.30882],[125.60987,11.30882],[125.61042,11.30917],[125.6103,11.3095],[125.61059,11.31003],[125.61057,11.31024],[125.61075,11.31104],[125.6109,11.31221],[125.61078,11.31266],[125.61109,11.31304],[125.61158,11.31328],[125.61219,11.31392],[125.61248,11.31433],[125.61261,11.31481],[125.61251,11.31551],[125.61269,11.31592],[125.61326,11.3159],[125.6137,11.31609],[125.61392,11.31633],[125.6144,11.31659],[125.61474,11.31693],[125.61482,11.31715],[125.61522,11.31745],[125.61549,11.31781],[125.61552,11.31807],[125.61622,11.31854],[125.61686,11.31945],[125.61704,11.31978],[125.61731,11.31988],[125.61758,11.3202],[125.6177,11.32061],[125.61769,11.32151],[125.61741,11.32189],[125.61806,11.32231],[125.61799,11.32249],[125.61843,11.32292],[125.61877,11.32296],[125.61966,11.32269],[125.62002,11.32268],[125.62029,11.32287],[125.62058,11.32333],[125.62084,11.3235],[125.62155,11.32437],[125.622,11.32472],[125.62274,11.32441],[125.62315,11.32408],[125.62348,11.32406],[125.62395,11.32363],[125.62419,11.32359],[125.62446,11.32392],[125.62485,11.32386],[125.62557,11.32417],[125.62584,11.32485],[125.62604,11.3249],[125.62632,11.3254],[125.62637,11.32625],[125.6265,11.3271],[125.62668,11.32736],[125.62645,11.32756],[125.62661,11.32807],[125.62642,11.32815],[125.6258,11.32792],[125.62581,11.32824],[125.62492,11.32833],[125.6245,11.3282],[125.62322,11.3281],[125.6227,11.32854],[125.62264,11.32903],[125.62324,11.32942],[125.62318,11.32955],[125.62261,11.33021],[125.62211,11.3309],[125.62233,11.33116],[125.62245,11.33139],[125.62216,11.33163],[125.62204,11.33225],[125.6222,11.33277],[125.62221,11.3334],[125.62187,11.33395],[125.62225,11.33402],[125.62233,11.33442],[125.62305,11.33492],[125.62387,11.33559],[125.62432,11.33557],[125.62464,11.33515],[125.62532,11.33512],[125.62586,11.33495],[125.62593,11.33568],[125.62585,11.33631],[125.62591,11.33685],[125.62563,11.33707],[125.62591,11.33758],[125.62662,11.33781],[125.62783,11.33787],[125.62826,11.33751],[125.62877,11.33736],[125.6298,11.33753],[125.63047,11.33743],[125.63108,11.33639],[125.63126,11.33619],[125.6314,11.33568],[125.63175,11.33564],[125.63184,11.33603],[125.63244,11.33701],[125.63279,11.33722],[125.63241,11.33762],[125.6326,11.33774],[125.63269,11.33865],[125.63242,11.34002],[125.63261,11.3403],[125.63255,11.34062],[125.6327,11.34103],[125.63239,11.34195],[125.63269,11.34223],[125.63277,11.34324],[125.63272,11.34368],[125.63282,11.34436],[125.63279,11.34539],[125.63291,11.34565],[125.63282,11.34628],[125.63302,11.34661],[125.63287,11.34692],[125.63292,11.34734],[125.63263,11.34749],[125.63285,11.34795],[125.6329,11.3487],[125.63276,11.34898],[125.63284,11.34928],[125.63271,11.34969],[125.63288,11.35011],[125.63263,11.35053],[125.63297,11.3509],[125.63294,11.35137],[125.6323,11.35144],[125.63185,11.35188],[125.63179,11.3522],[125.63144,11.3522],[125.63153,11.35254],[125.63142,11.35286],[125.63049,11.3529],[125.63013,11.3532],[125.63007,11.35392],[125.63037,11.35442],[125.63111,11.35465],[125.63132,11.35503],[125.63181,11.3552],[125.63227,11.35511],[125.63259,11.35524],[125.63242,11.35555],[125.63249,11.35589],[125.63237,11.35621],[125.63211,11.35643],[125.63216,11.35705],[125.63196,11.35729],[125.63185,11.35788],[125.6315,11.35838],[125.63127,11.35851],[125.63088,11.35908],[125.63049,11.35938],[125.63005,11.35998],[125.62892,11.36114],[125.62825,11.36224],[125.62806,11.36232],[125.62628,11.36379],[125.62606,11.36417],[125.62534,11.36464],[125.62472,11.36555],[125.62401,11.36633],[125.6235,11.36724],[125.6232,11.36763],[125.62265,11.36812],[125.62214,11.36831],[125.62161,11.36838],[125.62125,11.36869],[125.62093,11.36875],[125.62059,11.36863],[125.62009,11.3687],[125.61979,11.36832],[125.61958,11.36834],[125.61982,11.36826],[125.61301,11.3635],[125.61132,11.3616],[125.6009,11.35136],[125.57835,11.34302],[125.54626,11.32996],[125.55593,11.28966],[125.56181,11.28055],[125.5675,11.27211],[125.56766,11.27245],[125.56765,11.27331],[125.56779,11.27437],[125.56817,11.27453],[125.568,11.27509],[125.56801,11.27607],[125.56824,11.27643],[125.56824,11.27734],[125.56805,11.27755],[125.56818,11.27781],[125.56853,11.27743],[125.56895,11.27743],[125.56925,11.27778],[125.56945,11.27873],[125.56982,11.27988],[125.57023,11.2804],[125.57042,11.28105],[125.57038,11.28138],[125.5709,11.28228],[125.5711,11.28298],[125.57136,11.28321],[125.5723,11.2849],[125.57263,11.28563],[125.57311,11.28598],[125.5738,11.28596],[125.57393,11.28628],[125.57391,11.28691],[125.57426,11.28645],[125.57485,11.28631],[125.57519,11.28632],[125.57558,11.28649],[125.57603,11.28686],[125.57656,11.28707],[125.57751,11.28758],[125.57814,11.28783],[125.57864,11.28776],[125.57979,11.28787],[125.57995,11.28777],[125.58074,11.28766],[125.58152,11.28784],[125.58259,11.28828],[125.58301,11.28858],[125.58342,11.28911],[125.58401,11.2897],[125.5848,11.29027],[125.58481,11.29044],[125.58562,11.29084],[125.58581,11.29081],[125.58712,11.29113],[125.58769,11.29146],[125.58789,11.29112],[125.58822,11.29106],[125.58854,11.29123],[125.5891,11.29128],[125.58998,11.29166],[125.59096,11.29164],[125.59147,11.2912],[125.59169,11.29117],[125.59189,11.29155],[125.59185,11.29184],[125.59206,11.29223],[125.59235,11.29231],[125.59266,11.29218],[125.59314,11.29257],[125.59313,11.29286],[125.59358,11.29299],[125.59377,11.29276],[125.59485,11.29299],[125.5953,11.29319],[125.59667,11.29393],[125.59707,11.29425],[125.59773,11.29457],[125.59821,11.29491],[125.59898,11.29549],[125.59974,11.2958],[125.60018,11.29618],[125.60112,11.29679],[125.60136,11.29726],[125.60238,11.29816],[125.60312,11.29913],[125.60353,11.2994],[125.60409,11.30008],[125.6044,11.29998],[125.60459,11.30038],[125.60441,11.30093],[125.60485,11.3012],[125.60523,11.30107],[125.60555,11.30123],[125.60606,11.3017],[125.60655,11.30202],[125.60753,11.30217],[125.6079,11.3021],[125.60797,11.30181],[125.60858,11.30171],[125.60973,11.30193],[125.61008,11.30186],[125.61038,11.30197],[125.61071,11.30188],[125.61138,11.30233],[125.61151,11.30322],[125.61185,11.3036],[125.61147,11.30421],[125.61117,11.30518],[125.61025,11.30643],[125.60962,11.30671]]]}},{"type":"Feature","properties":{"code":"0806008000","name":"Hinabangan","kind":"Municipality","provinceCode":"0806000000","province":"Samar Province","areaKm2":400,"labelPoint":[125.19924,11.71446]},"geometry":{"type":"Polygon","coordinates":[[[125.21298,11.83278],[125.17601,11.79414],[125.12552,11.75782],[125.11472,11.75143],[125.07834,11.72991],[125.06627,11.73054],[125.05879,11.71395],[125.05749,11.70309],[125.05675,11.69773],[125.04298,11.66669],[125.05819,11.65071],[125.06246,11.64845],[125.08043,11.64289],[125.10359,11.62927],[125.18023,11.63843],[125.21764,11.62707],[125.23009,11.63976],[125.25419,11.6579],[125.28288,11.67566],[125.279,11.71447],[125.27126,11.75347],[125.2705,11.75731],[125.27021,11.76944],[125.26973,11.78929],[125.26881,11.82775],[125.25418,11.86961],[125.2422,11.85784],[125.22824,11.84587],[125.21298,11.83278]]]}},{"type":"Feature","properties":{"code":"0806009000","name":"Jiabong","kind":"Municipality","provinceCode":"0806000000","province":"Samar Province","areaKm2":122,"labelPoint":[124.99548,11.89249]},"geometry":{"type":"Polygon","coordinates":[[[124.92756,11.78306],[124.92146,11.77387],[124.91798,11.7731],[124.91448,11.76297],[124.91271,11.75982],[124.91456,11.76018],[124.91626,11.76],[124.91726,11.759],[124.91897,11.75904],[124.92158,11.75852],[124.92314,11.75704],[124.92525,11.74732],[124.92602,11.74834],[124.92839,11.7492],[124.93054,11.7489],[124.93246,11.75013],[124.93483,11.75033],[124.93449,11.75252],[124.9358,11.75458],[124.93774,11.75404],[124.93916,11.75427],[124.94007,11.7551],[124.94454,11.75742],[124.94663,11.75975],[124.9473,11.75889],[124.94979,11.75913],[124.95069,11.7599],[124.95129,11.76119],[124.95177,11.76121],[124.95224,11.76119],[124.9543,11.76095],[124.95675,11.76027],[124.95775,11.76305],[124.95748,11.76397],[124.95894,11.7656],[124.95998,11.76773],[124.95994,11.76781],[124.96116,11.77013],[124.96256,11.77379],[124.96379,11.77532],[124.96426,11.7757],[124.96579,11.7772],[124.97,11.78071],[124.9764,11.80129],[124.98199,11.80711],[124.99195,11.82043],[124.98663,11.82341],[124.988,11.82652],[124.99015,11.83205],[124.99266,11.83611],[124.9962,11.84487],[125.00001,11.85034],[125.00319,11.85783],[125.00512,11.86133],[125.00933,11.86365],[125.01493,11.86136],[125.02412,11.85732],[125.02762,11.86531],[125.02285,11.86969],[125.02676,11.8859],[125.02789,11.89151],[125.03077,11.90553],[125.0318,11.90853],[125.03192,11.91256],[125.02048,11.91654],[125.00408,11.92408],[124.99542,11.93043],[124.99615,11.93959],[124.9934,11.94918],[124.99027,11.95647],[124.9811,11.95735],[124.96921,11.91425],[124.95902,11.88509],[124.95577,11.87951],[124.95439,11.87647],[124.94929,11.86502],[124.94575,11.85732],[124.94324,11.85066],[124.9361,11.83189],[124.93456,11.83029],[124.93256,11.8251],[124.93016,11.8198],[124.92575,11.8113],[124.92658,11.80693],[124.92606,11.80331],[124.92705,11.79278],[124.92756,11.78306]]]}},{"type":"Feature","properties":{"code":"0802611000","name":"Jipapad","kind":"Municipality","provinceCode":"0802600000","province":"Eastern Samar","areaKm2":116,"labelPoint":[125.22463,12.29237]},"geometry":{"type":"Polygon","coordinates":[[[125.19149,12.31692],[125.18769,12.3122],[125.17903,12.3014],[125.16829,12.2829],[125.15555,12.20628],[125.20562,12.22395],[125.22779,12.22844],[125.242,12.25398],[125.25693,12.26516],[125.27427,12.27324],[125.27484,12.29001],[125.26955,12.29792],[125.26589,12.3034],[125.26253,12.30915],[125.25197,12.3268],[125.2443,12.32887],[125.22974,12.34332],[125.21125,12.34784],[125.20595,12.33806],[125.20077,12.32851],[125.19926,12.32909],[125.19149,12.31692]]]}},{"type":"Feature","properties":{"code":"0804808000","name":"Laoang","kind":"Municipality","provinceCode":"0804800000","province":"Northern Samar","areaKm2":206,"labelPoint":[125.00032,12.50483]},"geometry":{"type":"MultiPolygon","coordinates":[[[[125.05793,12.45974],[125.08547,12.46095],[125.08533,12.46165],[125.08478,12.46142],[125.08448,12.46154],[125.08451,12.46204],[125.08506,12.46204],[125.08545,12.46194],[125.08575,12.4622],[125.08572,12.46259],[125.08554,12.46289],[125.08513,12.46317],[125.08513,12.46345],[125.08571,12.46379],[125.0846,12.46423],[125.08406,12.46431],[125.08389,12.46447],[125.08421,12.46478],[125.08425,12.46506],[125.08364,12.46532],[125.08352,12.46578],[125.084,12.46606],[125.08406,12.46629],[125.08354,12.46644],[125.0833,12.46676],[125.0834,12.46718],[125.08331,12.46742],[125.08286,12.46717],[125.08235,12.46733],[125.0821,12.46766],[125.08119,12.46815],[125.08063,12.46903],[125.08072,12.46969],[125.08093,12.4704],[125.08125,12.47099],[125.08071,12.47139],[125.08024,12.47144],[125.07986,12.47214],[125.07986,12.47243],[125.07957,12.47292],[125.07938,12.47303],[125.07763,12.47295],[125.07695,12.47241],[125.07668,12.47242],[125.07626,12.4731],[125.07582,12.47355],[125.08598,12.47422],[125.08494,12.48211],[125.08304,12.49662],[125.08279,12.49855],[125.08288,12.49879],[125.08274,12.4998],[125.0828,12.50005],[125.08412,12.50145],[125.08425,12.50183],[125.08403,12.50235],[125.0837,12.50253],[125.08299,12.50248],[125.08229,12.50206],[125.08074,12.51326],[125.0802,12.51654],[125.07924,12.52245],[125.07682,12.53733],[125.07553,12.53654],[125.07534,12.53628],[125.07463,12.53601],[125.07392,12.53562],[125.07325,12.53564],[125.07252,12.53558],[125.07216,12.53571],[125.07178,12.53548],[125.07161,12.53574],[125.0709,12.53612],[125.07066,12.53654],[125.07036,12.5367],[125.06992,12.53618],[125.06963,12.53629],[125.06969,12.53674],[125.06948,12.53695],[125.06919,12.53754],[125.06924,12.53787],[125.06859,12.53819],[125.06832,12.53846],[125.06745,12.5388],[125.06685,12.53888],[125.06668,12.53864],[125.06621,12.5384],[125.06586,12.53852],[125.06571,12.53827],[125.06504,12.53772],[125.06417,12.53773],[125.06374,12.53785],[125.06344,12.53808],[125.0631,12.53798],[125.06277,12.53817],[125.0624,12.53805],[125.06171,12.53812],[125.06145,12.53844],[125.06085,12.53841],[125.06056,12.53885],[125.06047,12.5394],[125.06047,12.54004],[125.05981,12.54056],[125.05878,12.54094],[125.05783,12.54113],[125.05727,12.54064],[125.05709,12.5398],[125.05659,12.53982],[125.05655,12.5401],[125.05628,12.54049],[125.0552,12.54118],[125.05443,12.5414],[125.05408,12.54141],[125.05343,12.54172],[125.05233,12.54192],[125.05233,12.54235],[125.05332,12.5425],[125.05475,12.54249],[125.05552,12.54272],[125.0557,12.54309],[125.05598,12.54286],[125.05711,12.54329],[125.05816,12.54336],[125.05841,12.54351],[125.05888,12.54356],[125.05957,12.54376],[125.05971,12.54391],[125.06071,12.54397],[125.06192,12.5447],[125.06191,12.54512],[125.06228,12.54549],[125.06277,12.54562],[125.06352,12.54662],[125.06384,12.54649],[125.06406,12.54689],[125.06276,12.54689],[125.06201,12.54666],[125.06076,12.5467],[125.05947,12.54626],[125.05887,12.54615],[125.05678,12.54548],[125.05671,12.5454],[125.05529,12.54496],[125.05485,12.54473],[125.05493,12.54439],[125.05442,12.54455],[125.05373,12.54435],[125.05354,12.5444],[125.05238,12.54386],[125.05205,12.544],[125.05186,12.54387],[125.05063,12.54361],[125.0502,12.54345],[125.04921,12.5429],[125.04894,12.54268],[125.04912,12.54215],[125.04845,12.54259],[125.04782,12.542],[125.04653,12.54043],[125.04591,12.53958],[125.04537,12.53898],[125.0451,12.53851],[125.0445,12.53797],[125.04447,12.53774],[125.044,12.53757],[125.04331,12.53685],[125.0425,12.53679],[125.04179,12.53661],[125.04141,12.53641],[125.04089,12.53572],[125.04062,12.53519],[125.04062,12.53473],[125.04105,12.5337],[125.04159,12.533],[125.04221,12.5325],[125.04179,12.53199],[125.04121,12.5313],[125.04083,12.53134],[125.03994,12.53175],[125.03941,12.53223],[125.0388,12.53255],[125.03867,12.53249],[125.03819,12.53291],[125.03769,12.53317],[125.03757,12.53337],[125.03706,12.53368],[125.03622,12.53432],[125.03529,12.53471],[125.03464,12.53482],[125.03375,12.53465],[125.03332,12.53399],[125.03298,12.53364],[125.03277,12.53311],[125.0328,12.53273],[125.03246,12.53265],[125.03201,12.53291],[125.03153,12.53247],[125.03063,12.53122],[125.03001,12.53072],[125.02924,12.53036],[125.02844,12.53024],[125.02704,12.53048],[125.02605,12.53123],[125.02541,12.53211],[125.02515,12.53239],[125.02487,12.53364],[125.02463,12.53453],[125.02432,12.53527],[125.0238,12.53619],[125.02347,12.53618],[125.02333,12.53619],[125.02325,12.53691],[125.02299,12.53776],[125.02284,12.53793],[125.0225,12.53954],[125.02233,12.53993],[125.02223,12.54057],[125.02192,12.54163],[125.02183,12.54243],[125.0216,12.5431],[125.02138,12.54503],[125.02107,12.54698],[125.02109,12.54772],[125.02094,12.54799],[125.02101,12.54829],[125.02066,12.54962],[125.02041,12.55007],[125.01967,12.55027],[125.0193,12.55014],[125.01923,12.55041],[125.01859,12.55097],[125.01806,12.55131],[125.01795,12.55159],[125.01767,12.5517],[125.01732,12.55224],[125.01704,12.55368],[125.01672,12.5545],[125.01613,12.55543],[125.01565,12.55677],[125.01522,12.55771],[125.01517,12.5584],[125.015,12.55882],[125.01465,12.55996],[125.01486,12.56034],[125.01444,12.56058],[125.01438,12.56103],[125.01449,12.5612],[125.01382,12.56251],[125.01339,12.56352],[125.01286,12.56399],[125.01304,12.56461],[125.01274,12.5648],[125.01188,12.56491],[125.01093,12.5648],[125.01058,12.56468],[125.0103,12.56438],[125.01005,12.56385],[125.01002,12.56347],[125.01054,12.56271],[125.01031,12.56259],[125.00983,12.56248],[125.00975,12.56276],[125.00947,12.56307],[125.0091,12.56328],[125.00891,12.56435],[125.00874,12.56477],[125.00895,12.56518],[125.0088,12.56584],[125.00822,12.56613],[125.00732,12.5658],[125.00693,12.56548],[125.00561,12.56383],[125.00464,12.56242],[125.00393,12.5615],[125.00285,12.5604],[125.00237,12.56003],[125.00211,12.5597],[125.00164,12.55933],[124.99983,12.55817],[124.99928,12.55791],[124.99674,12.55652],[124.9963,12.55619],[124.99567,12.55587],[124.99487,12.55538],[124.99369,12.55474],[124.99129,12.55366],[124.99034,12.55327],[124.98924,12.55273],[124.988,12.55221],[124.98673,12.55191],[124.98548,12.55157],[124.98476,12.55143],[124.98245,12.5509],[124.98175,12.5509],[124.98116,12.55106],[124.98071,12.55109],[124.97996,12.55091],[124.97858,12.5508],[124.97732,12.55099],[124.97687,12.55112],[124.9763,12.55145],[124.97593,12.55179],[124.97518,12.55266],[124.97493,12.55324],[124.97475,12.55323],[124.97489,12.55252],[124.97485,12.55187],[124.97516,12.55122],[124.97525,12.55083],[124.97529,12.54951],[124.9742,12.55034],[124.97356,12.55113],[124.97301,12.55142],[124.97214,12.55171],[124.97181,12.55194],[124.97129,12.55249],[124.97086,12.55282],[124.96984,12.55342],[124.96907,12.55382],[124.96798,12.55446],[124.96701,12.55534],[124.96605,12.55613],[124.96475,12.55709],[124.9637,12.55805],[124.96344,12.55811],[124.9625,12.55791],[124.9623,12.55693],[124.96189,12.55588],[124.96191,12.55553],[124.96237,12.55487],[124.96319,12.55312],[124.96375,12.55268],[124.9647,12.55226],[124.96503,12.552],[124.96527,12.55164],[124.96567,12.55057],[124.96633,12.54927],[124.96633,12.54887],[124.96606,12.54875],[124.96527,12.54875],[124.9637,12.54907],[124.96332,12.54903],[124.9629,12.54873],[124.96257,12.5481],[124.96285,12.5476],[124.9633,12.54752],[124.96449,12.54759],[124.96145,12.54225],[124.9611,12.53775],[124.96031,12.52749],[124.96088,12.51727],[124.96244,12.50662],[124.96457,12.49512],[124.96739,12.48662],[124.97096,12.4761],[124.97272,12.47165],[124.97539,12.46491],[124.97668,12.45559],[124.97624,12.44865],[124.97589,12.44167],[124.97562,12.43635],[124.99206,12.43783],[125.01019,12.43946],[125.03945,12.44209],[125.04119,12.44235],[125.04653,12.44315],[125.06329,12.44644],[125.05793,12.45974]],[[125.05469,12.47316],[125.05793,12.45974],[125.03827,12.45841],[125.032,12.458],[125.01206,12.45664],[125.01158,12.46974],[125.02602,12.47036],[125.0308,12.47113],[125.0348,12.47161],[125.05469,12.47316]]],[[[125.02486,12.59176],[125.02534,12.59219],[125.02498,12.59251],[125.02493,12.5929],[125.02445,12.59299],[125.0241,12.59318],[125.02403,12.59355],[125.02356,12.59375],[125.0233,12.59422],[125.02291,12.59443],[125.02265,12.59434],[125.02239,12.59516],[125.02204,12.59544],[125.02162,12.59598],[125.02106,12.59568],[125.02107,12.59546],[125.02059,12.59531],[125.01988,12.59602],[125.01943,12.59569],[125.01911,12.59513],[125.01864,12.59527],[125.01821,12.5959],[125.01855,12.59627],[125.01833,12.59658],[125.0181,12.59606],[125.0177,12.59591],[125.01751,12.59562],[125.01669,12.59544],[125.01651,12.59476],[125.01592,12.59534],[125.01573,12.59547],[125.01603,12.59609],[125.01606,12.59665],[125.0167,12.59709],[125.01647,12.59748],[125.01623,12.59738],[125.01604,12.59821],[125.01668,12.5988],[125.01618,12.59999],[125.01592,12.60001],[125.01529,12.60061],[125.01492,12.60058],[125.01399,12.6002],[125.01377,12.60043],[125.01404,12.6006],[125.01401,12.60113],[125.01363,12.60162],[125.01353,12.60195],[125.01305,12.60196],[125.01299,12.6023],[125.01238,12.60322],[125.01193,12.60372],[125.01241,12.60455],[125.01258,12.60475],[125.01177,12.60509],[125.01125,12.60576],[125.01109,12.60589],[125.01183,12.6066],[125.0123,12.60684],[125.01274,12.60691],[125.01312,12.60734],[125.0136,12.60741],[125.01367,12.60787],[125.01333,12.60813],[125.01385,12.60891],[125.01357,12.60967],[125.01295,12.60975],[125.01231,12.61047],[125.01268,12.61082],[125.01287,12.61065],[125.01322,12.61095],[125.01367,12.61113],[125.0137,12.61138],[125.01407,12.61143],[125.01426,12.61175],[125.01478,12.61209],[125.01538,12.612],[125.01556,12.61222],[125.016,12.6121],[125.01629,12.61244],[125.01612,12.613],[125.01596,12.61322],[125.01605,12.61386],[125.01588,12.61477],[125.01551,12.61484],[125.01544,12.61507],[125.01502,12.61541],[125.01485,12.6159],[125.01398,12.61703],[125.01314,12.6176],[125.01368,12.61767],[125.01379,12.61807],[125.01334,12.61858],[125.01344,12.61868],[125.01278,12.6204],[125.01283,12.62089],[125.01251,12.62114],[125.01228,12.62188],[125.01169,12.62133],[125.01125,12.62228],[125.01127,12.62312],[125.01116,12.62331],[125.01123,12.62384],[125.01102,12.62514],[125.01064,12.62526],[125.01039,12.62562],[125.01004,12.6259],[125.00924,12.62624],[125.00865,12.62604],[125.0085,12.62615],[125.0079,12.62643],[125.00794,12.62694],[125.00754,12.62723],[125.00717,12.62776],[125.00678,12.62805],[125.00669,12.62846],[125.00594,12.629],[125.00516,12.62986],[125.00516,12.63037],[125.00446,12.63096],[125.0045,12.63119],[125.0041,12.63161],[125.00418,12.63194],[125.00399,12.63238],[125.00341,12.63286],[125.00328,12.63382],[125.00339,12.63437],[125.00324,12.63457],[125.00283,12.6346],[125.00264,12.63532],[125.00222,12.63552],[125.00172,12.63606],[125.0018,12.63632],[125.00161,12.6367],[125.00143,12.63798],[125.00084,12.63885],[125.00051,12.63912],[124.99959,12.63969],[124.99905,12.63982],[124.99877,12.64004],[124.99813,12.64017],[124.99803,12.64049],[124.9976,12.64069],[124.99739,12.64104],[124.997,12.6414],[124.99644,12.64149],[124.99597,12.6408],[124.9958,12.64083],[124.99631,12.64166],[124.99613,12.64197],[124.99476,12.64237],[124.99407,12.64242],[124.99357,12.64259],[124.99328,12.64245],[124.99261,12.64237],[124.99236,12.64251],[124.99133,12.64231],[124.9911,12.64244],[124.98931,12.64226],[124.98899,12.64195],[124.9891,12.64095],[124.98896,12.63924],[124.98904,12.63861],[124.98888,12.63837],[124.98902,12.63784],[124.98893,12.63756],[124.98917,12.63698],[124.98932,12.6369],[124.98944,12.6363],[124.99,12.63543],[124.99011,12.63483],[124.99036,12.63443],[124.99043,12.63382],[124.99032,12.63283],[124.98974,12.63203],[124.98963,12.63156],[124.98977,12.63109],[124.98954,12.63102],[124.98977,12.63057],[124.9897,12.63035],[124.98996,12.63002],[124.98997,12.62957],[124.99072,12.62845],[124.99094,12.62789],[124.9912,12.62768],[124.9916,12.62733],[124.99169,12.62702],[124.99204,12.62691],[124.99223,12.62649],[124.99265,12.62591],[124.99313,12.62552],[124.99383,12.62518],[124.99392,12.62505],[124.99531,12.62527],[124.99578,12.62554],[124.99596,12.62523],[124.99477,12.62507],[124.99436,12.62485],[124.99413,12.62401],[124.99392,12.62298],[124.99371,12.62263],[124.994,12.62209],[124.99426,12.62203],[124.99475,12.62142],[124.99427,12.62114],[124.9942,12.62054],[124.99332,12.62034],[124.99275,12.62004],[124.99279,12.61951],[124.99251,12.61934],[124.9921,12.61882],[124.99165,12.61893],[124.99127,12.61877],[124.99072,12.61885],[124.99022,12.61848],[124.99021,12.61811],[124.99085,12.61771],[124.9911,12.6173],[124.99067,12.61711],[124.99061,12.61585],[124.9908,12.6155],[124.99074,12.61529],[124.99093,12.61473],[124.99085,12.61444],[124.99135,12.61426],[124.99175,12.61433],[124.99182,12.61413],[124.99164,12.61386],[124.99207,12.61307],[124.99182,12.61275],[124.99196,12.61242],[124.99239,12.61226],[124.99205,12.6119],[124.99187,12.61133],[124.99252,12.61144],[124.99338,12.61117],[124.99341,12.61085],[124.99373,12.61078],[124.99414,12.61047],[124.99412,12.61017],[124.99449,12.60961],[124.99491,12.60971],[124.99533,12.6095],[124.99522,12.60905],[124.99539,12.60866],[124.99607,12.60841],[124.99702,12.60795],[124.99731,12.60813],[124.9976,12.60805],[124.99808,12.60857],[124.99807,12.60884],[124.99849,12.60897],[124.99783,12.60802],[124.99826,12.60772],[124.99822,12.60753],[124.99863,12.60707],[124.99957,12.60676],[125.00038,12.60633],[125.00066,12.60644],[125.00099,12.60603],[125.00097,12.60554],[125.00077,12.60474],[125.00086,12.60432],[125.00036,12.60365],[125.00075,12.603],[125.0009,12.6025],[125.00075,12.60209],[125.00108,12.60158],[125.00151,12.60115],[125.00148,12.60058],[125.00166,12.6005],[125.0017,12.59957],[125.00117,12.59927],[125.00145,12.59877],[125.00132,12.59857],[125.00126,12.59786],[125.00094,12.59757],[125.00119,12.5969],[125.00113,12.59637],[125.00051,12.59594],[125.00056,12.59539],[125.00112,12.59523],[125.00158,12.5953],[125.00193,12.59505],[125.00194,12.5944],[125.00219,12.59436],[125.00207,12.59388],[125.00215,12.59351],[125.00183,12.5934],[125.0018,12.59311],[125.0015,12.59295],[125.00139,12.59265],[125.00072,12.59198],[125.0008,12.59151],[125.00067,12.59116],[125.00043,12.59098],[125.00022,12.59035],[124.99988,12.58977],[124.99998,12.58909],[124.99988,12.58774],[124.99999,12.58747],[125.00028,12.58751],[125.00063,12.58726],[125.00114,12.58721],[125.00152,12.58731],[125.00227,12.58708],[125.00244,12.58724],[125.00292,12.58734],[125.00331,12.58692],[125.00359,12.58682],[125.00414,12.58686],[125.00495,12.58656],[125.00538,12.58594],[125.0058,12.58571],[125.00591,12.58512],[125.00614,12.58504],[125.00639,12.5843],[125.0065,12.5832],[125.0065,12.58185],[125.0063,12.58098],[125.00594,12.57999],[125.00578,12.5793],[125.00533,12.57835],[125.00483,12.57783],[125.00386,12.57699],[125.00309,12.57606],[125.0032,12.5757],[125.0038,12.57579],[125.00411,12.57569],[125.00408,12.57555],[125.00348,12.57549],[125.00338,12.57523],[125.00305,12.57506],[125.00313,12.57483],[125.00403,12.57449],[125.00373,12.57387],[125.00378,12.5735],[125.00355,12.57342],[125.00374,12.57294],[125.00385,12.5723],[125.00415,12.57197],[125.00479,12.57204],[125.00485,12.57174],[125.00582,12.5717],[125.00582,12.57144],[125.00624,12.57128],[125.007,12.57148],[125.00706,12.57127],[125.00768,12.57119],[125.00798,12.5714],[125.00844,12.57143],[125.00918,12.57107],[125.00936,12.57118],[125.00974,12.57061],[125.00997,12.5698],[125.0099,12.56959],[125.01048,12.56918],[125.01052,12.56892],[125.0108,12.56871],[125.01135,12.56848],[125.01135,12.56829],[125.01184,12.56824],[125.01192,12.56794],[125.01268,12.56779],[125.01309,12.56753],[125.01357,12.56738],[125.0135,12.56713],[125.01394,12.56699],[125.0148,12.56638],[125.01477,12.56612],[125.01607,12.56537],[125.01642,12.56554],[125.0168,12.56614],[125.01674,12.56647],[125.0165,12.56684],[125.01679,12.56686],[125.01668,12.56753],[125.01683,12.56783],[125.01722,12.56789],[125.01725,12.56753],[125.01748,12.56739],[125.01743,12.56697],[125.01771,12.56686],[125.01787,12.56712],[125.01778,12.56765],[125.01797,12.56772],[125.01796,12.56812],[125.01843,12.56805],[125.01925,12.5682],[125.01939,12.56868],[125.02009,12.5684],[125.02045,12.56816],[125.0209,12.56844],[125.02177,12.56861],[125.02179,12.56835],[125.0212,12.56816],[125.02059,12.5675],[125.02014,12.5668],[125.02026,12.56635],[125.02085,12.56656],[125.0213,12.56659],[125.02188,12.56613],[125.02169,12.56581],[125.02165,12.56479],[125.02148,12.56444],[125.02122,12.56443],[125.02115,12.56411],[125.02091,12.56388],[125.02058,12.56406],[125.02042,12.5638],[125.02007,12.56393],[125.01975,12.56381],[125.01976,12.56326],[125.02019,12.56281],[125.02124,12.56327],[125.02131,12.56268],[125.02128,12.56202],[125.02189,12.5613],[125.02208,12.56125],[125.02252,12.56085],[125.02374,12.55997],[125.02403,12.55959],[125.02459,12.55911],[125.0247,12.55878],[125.02527,12.55783],[125.02562,12.55739],[125.02636,12.55738],[125.02715,12.55758],[125.02828,12.55764],[125.02902,12.55736],[125.02971,12.55687],[125.03006,12.55605],[125.02983,12.55521],[125.02967,12.5545],[125.02929,12.55343],[125.02937,12.5532],[125.02975,12.55285],[125.03065,12.55245],[125.03207,12.55233],[125.03284,12.55257],[125.0332,12.55283],[125.0336,12.55252],[125.03401,12.55241],[125.03417,12.55271],[125.03468,12.55254],[125.03481,12.55264],[125.0359,12.55294],[125.03618,12.55335],[125.03671,12.55369],[125.0376,12.55382],[125.03806,12.55434],[125.0387,12.55456],[125.03923,12.555],[125.03947,12.55506],[125.0399,12.55493],[125.04081,12.55487],[125.04124,12.55529],[125.04173,12.55546],[125.04186,12.55567],[125.04221,12.55574],[125.04242,12.55552],[125.04308,12.55557],[125.04364,12.55573],[125.04399,12.55611],[125.04447,12.55564],[125.04485,12.55572],[125.04512,12.55561],[125.04485,12.55529],[125.04507,12.55464],[125.0462,12.55392],[125.04632,12.55367],[125.04667,12.55318],[125.04687,12.55309],[125.047,12.55273],[125.04686,12.55185],[125.04736,12.55168],[125.04824,12.55161],[125.04901,12.55178],[125.04978,12.55237],[125.05005,12.55242],[125.05135,12.55295],[125.05188,12.55292],[125.05227,12.55316],[125.05264,12.55296],[125.05388,12.553],[125.05449,12.55355],[125.05542,12.55488],[125.05596,12.55537],[125.05615,12.55597],[125.05656,12.55599],[125.05686,12.55629],[125.05728,12.55644],[125.05758,12.55676],[125.0576,12.55721],[125.05848,12.55743],[125.05865,12.55776],[125.059,12.55769],[125.05914,12.55794],[125.05915,12.55856],[125.05961,12.55904],[125.05976,12.55945],[125.05968,12.56046],[125.0595,12.56123],[125.05979,12.56168],[125.06032,12.56177],[125.06047,12.56218],[125.06028,12.56272],[125.05955,12.56301],[125.05927,12.56329],[125.0594,12.56351],[125.05983,12.5636],[125.05986,12.5642],[125.06063,12.56508],[125.06102,12.56537],[125.06122,12.56531],[125.06168,12.56545],[125.06204,12.56577],[125.06226,12.56613],[125.06253,12.56626],[125.06262,12.56658],[125.06296,12.56698],[125.06296,12.56716],[125.06359,12.56737],[125.06435,12.56721],[125.06534,12.56731],[125.06599,12.56768],[125.06654,12.56837],[125.06723,12.56859],[125.06741,12.56846],[125.06797,12.56872],[125.06827,12.56858],[125.06909,12.5691],[125.06897,12.56965],[125.06928,12.56968],[125.0698,12.56998],[125.06999,12.57036],[125.07002,12.57177],[125.07021,12.57254],[125.06983,12.57325],[125.06905,12.57404],[125.06898,12.57435],[125.06866,12.57469],[125.06806,12.57488],[125.06628,12.57501],[125.06543,12.57513],[125.06492,12.57528],[125.06438,12.57562],[125.06335,12.5765],[125.06271,12.57715],[125.06241,12.57775],[125.06229,12.57863],[125.06231,12.5791],[125.0625,12.57946],[125.06286,12.57979],[125.06293,12.58021],[125.06322,12.58085],[125.06324,12.58135],[125.06293,12.58162],[125.06273,12.58226],[125.06219,12.58265],[125.06186,12.58276],[125.06177,12.58301],[125.05976,12.58361],[125.05958,12.58392],[125.06001,12.58449],[125.0597,12.58479],[125.05931,12.58542],[125.05936,12.58581],[125.05927,12.58618],[125.05944,12.58634],[125.0589,12.58667],[125.05865,12.58695],[125.05789,12.58699],[125.05687,12.58655],[125.05617,12.58619],[125.05621,12.58597],[125.05599,12.58549],[125.05555,12.58533],[125.05436,12.5863],[125.05393,12.58652],[125.05357,12.58694],[125.0532,12.58788],[125.05345,12.58826],[125.05333,12.58868],[125.05261,12.58917],[125.05199,12.58935],[125.05132,12.58906],[125.05101,12.58942],[125.05033,12.58901],[125.0504,12.58881],[125.04992,12.58851],[125.04989,12.5883],[125.04947,12.58789],[125.049,12.58774],[125.04892,12.58728],[125.0485,12.58783],[125.04777,12.58775],[125.04717,12.58761],[125.04695,12.58723],[125.04675,12.58715],[125.04619,12.58719],[125.04574,12.58678],[125.04475,12.58694],[125.04419,12.58696],[125.04383,12.58656],[125.04361,12.58508],[125.04371,12.58385],[125.04345,12.58397],[125.04285,12.58459],[125.04187,12.58445],[125.04174,12.58457],[125.04087,12.5847],[125.04031,12.58471],[125.03988,12.58437],[125.03973,12.58351],[125.03933,12.58351],[125.03925,12.58393],[125.03901,12.58442],[125.03945,12.585],[125.03954,12.58533],[125.03913,12.58552],[125.0381,12.58541],[125.03726,12.5858],[125.03694,12.58562],[125.03683,12.58524],[125.03643,12.58529],[125.03599,12.58554],[125.03551,12.58593],[125.03499,12.58582],[125.03479,12.58555],[125.03436,12.58574],[125.03409,12.586],[125.03348,12.58632],[125.0333,12.58678],[125.03335,12.58723],[125.03249,12.58752],[125.03245,12.58765],[125.03173,12.58808],[125.03153,12.58869],[125.03096,12.58899],[125.03061,12.58956],[125.03008,12.59017],[125.02979,12.59017],[125.0293,12.5908],[125.02888,12.59116],[125.02849,12.59125],[125.02801,12.59119],[125.02759,12.59088],[125.02757,12.59071],[125.02709,12.59046],[125.02689,12.59006],[125.02699,12.58945],[125.02555,12.59002],[125.02528,12.59027],[125.02544,12.59084],[125.02501,12.59132],[125.02486,12.59176]]],[[[125.03723,12.66482],[125.03716,12.66452],[125.0365,12.66439],[125.03635,12.66413],[125.03551,12.66327],[125.03528,12.66289],[125.03521,12.66249],[125.03456,12.66204],[125.03432,12.66174],[125.0342,12.6612],[125.03392,12.66072],[125.03345,12.66025],[125.03312,12.66027],[125.03208,12.66009],[125.03183,12.65946],[125.0316,12.65958],[125.03093,12.65939],[125.03035,12.6594],[125.02965,12.65914],[125.02914,12.65884],[125.02843,12.65876],[125.02801,12.65824],[125.02784,12.65752],[125.02797,12.65713],[125.02794,12.65676],[125.0283,12.65659],[125.02819,12.65612],[125.02841,12.65582],[125.02857,12.65513],[125.02845,12.65389],[125.0287,12.65327],[125.02857,12.65267],[125.02856,12.65197],[125.02868,12.65182],[125.02858,12.65055],[125.02867,12.64984],[125.02912,12.64946],[125.03047,12.64919],[125.03107,12.64911],[125.03169,12.64948],[125.03212,12.64959],[125.03251,12.64947],[125.0325,12.64912],[125.03304,12.64917],[125.03312,12.64957],[125.03401,12.6495],[125.03426,12.64941],[125.03517,12.64938],[125.03644,12.64964],[125.03755,12.64942],[125.03805,12.64905],[125.03903,12.64853],[125.03963,12.64837],[125.04023,12.64835],[125.04071,12.64809],[125.04114,12.648],[125.04161,12.64818],[125.04169,12.64797],[125.04207,12.64786],[125.04262,12.64789],[125.04379,12.64743],[125.04404,12.6477],[125.0443,12.64756],[125.04513,12.64755],[125.04565,12.64766],[125.04581,12.64733],[125.0459,12.64669],[125.04657,12.6464],[125.04758,12.64624],[125.04767,12.64603],[125.04728,12.6453],[125.04673,12.64516],[125.04637,12.64468],[125.04649,12.64398],[125.04675,12.64407],[125.04698,12.64368],[125.04763,12.64294],[125.04767,12.64258],[125.04873,12.64205],[125.04945,12.64191],[125.04976,12.64195],[125.05046,12.64233],[125.05083,12.64224],[125.0512,12.64194],[125.05224,12.64172],[125.05253,12.64171],[125.05308,12.64148],[125.05473,12.64102],[125.05516,12.641],[125.05544,12.64082],[125.05607,12.6407],[125.05654,12.64048],[125.05722,12.6403],[125.05783,12.63987],[125.05845,12.63858],[125.05892,12.63784],[125.05939,12.63734],[125.0601,12.63681],[125.05967,12.63668],[125.05887,12.63673],[125.05844,12.63656],[125.05776,12.63603],[125.05762,12.63556],[125.05745,12.63542],[125.05737,12.63452],[125.05715,12.6342],[125.05727,12.63397],[125.05739,12.63315],[125.05729,12.63297],[125.05769,12.63232],[125.05757,12.63193],[125.05691,12.63172],[125.05658,12.6312],[125.05619,12.63087],[125.05582,12.63039],[125.0557,12.62997],[125.05599,12.62966],[125.05586,12.62944],[125.05613,12.62922],[125.05668,12.62945],[125.05735,12.62924],[125.05755,12.62898],[125.05742,12.62877],[125.05667,12.62876],[125.05616,12.6285],[125.0558,12.62714],[125.05581,12.62687],[125.05617,12.62646],[125.05644,12.62636],[125.05706,12.62645],[125.05709,12.62603],[125.05679,12.62601],[125.05639,12.62606],[125.056,12.62585],[125.05532,12.62643],[125.05517,12.62708],[125.05405,12.62687],[125.05375,12.62688],[125.05354,12.62725],[125.05324,12.62743],[125.05267,12.62741],[125.05192,12.62777],[125.05127,12.62739],[125.05076,12.62729],[125.05035,12.62751],[125.04993,12.62727],[125.05044,12.62699],[125.04988,12.62659],[125.0502,12.62642],[125.05072,12.62647],[125.05106,12.626],[125.05121,12.62547],[125.05149,12.62498],[125.05203,12.62474],[125.05231,12.62438],[125.05286,12.62395],[125.0526,12.6236],[125.05299,12.62345],[125.05356,12.62347],[125.05389,12.62359],[125.05438,12.62322],[125.05445,12.62273],[125.05431,12.62265],[125.05399,12.62306],[125.05361,12.62316],[125.0533,12.62266],[125.05306,12.62245],[125.05271,12.62257],[125.05211,12.6225],[125.05177,12.62192],[125.05183,12.62153],[125.0514,12.6217],[125.05046,12.62228],[125.05019,12.62224],[125.04989,12.62277],[125.04918,12.623],[125.04912,12.6227],[125.04939,12.62236],[125.04976,12.62213],[125.05034,12.62164],[125.05064,12.62129],[125.05043,12.62117],[125.04998,12.62121],[125.04883,12.62143],[125.04817,12.62162],[125.04722,12.62211],[125.04501,12.62351],[125.04374,12.62364],[125.04292,12.62388],[125.04233,12.62372],[125.04148,12.62413],[125.0411,12.62418],[125.04019,12.62482],[125.03933,12.62485],[125.03904,12.62468],[125.03876,12.62478],[125.03813,12.62463],[125.03757,12.62472],[125.03718,12.62455],[125.03657,12.62392],[125.03574,12.62345],[125.0356,12.62225],[125.03524,12.62251],[125.03509,12.62185],[125.03467,12.62163],[125.03436,12.62167],[125.03371,12.62122],[125.03343,12.6209],[125.03329,12.6205],[125.03328,12.62005],[125.0338,12.61949],[125.0343,12.61864],[125.03458,12.61897],[125.03501,12.61919],[125.03533,12.61908],[125.03601,12.61855],[125.03608,12.61816],[125.03637,12.61787],[125.03624,12.61744],[125.03658,12.61719],[125.0363,12.61699],[125.03623,12.61661],[125.03667,12.61663],[125.03678,12.61613],[125.0373,12.61639],[125.03795,12.61583],[125.03824,12.61519],[125.03906,12.61458],[125.03919,12.61431],[125.03958,12.61434],[125.03978,12.61414],[125.04014,12.61436],[125.04055,12.61395],[125.04076,12.61431],[125.04156,12.61479],[125.04187,12.61459],[125.04237,12.61444],[125.04278,12.61386],[125.04257,12.61372],[125.04274,12.61278],[125.04329,12.61289],[125.04346,12.61259],[125.04395,12.61245],[125.04452,12.61274],[125.04501,12.61243],[125.04468,12.61228],[125.04499,12.61182],[125.04542,12.61149],[125.04585,12.61152],[125.04623,12.61133],[125.0467,12.61083],[125.04752,12.61066],[125.04775,12.61112],[125.04781,12.61146],[125.04835,12.61159],[125.04944,12.61277],[125.04949,12.61244],[125.04978,12.61242],[125.05007,12.61264],[125.05029,12.61227],[125.05087,12.61236],[125.05096,12.6121],[125.05077,12.61161],[125.05023,12.61116],[125.04988,12.61077],[125.04993,12.61038],[125.05029,12.61021],[125.05045,12.61041],[125.05112,12.61008],[125.05137,12.60981],[125.05142,12.60934],[125.05094,12.60926],[125.05099,12.60893],[125.05152,12.60882],[125.05135,12.60855],[125.05165,12.60829],[125.05234,12.60855],[125.05244,12.60872],[125.05233,12.60916],[125.05262,12.6093],[125.0529,12.60913],[125.0531,12.60935],[125.05359,12.60949],[125.05378,12.60932],[125.05387,12.60888],[125.05407,12.60885],[125.05472,12.60921],[125.05513,12.6093],[125.05538,12.60909],[125.05543,12.60874],[125.05521,12.60795],[125.05493,12.608],[125.05454,12.60787],[125.05394,12.60743],[125.05354,12.60684],[125.05298,12.60683],[125.0533,12.60638],[125.05346,12.60642],[125.05392,12.60581],[125.05443,12.60541],[125.05475,12.60532],[125.05581,12.60459],[125.05623,12.60462],[125.05709,12.60433],[125.05755,12.60429],[125.0581,12.6038],[125.05816,12.60412],[125.05852,12.60427],[125.05876,12.60415],[125.05928,12.60432],[125.06003,12.60435],[125.06049,12.60418],[125.06058,12.60445],[125.06097,12.60441],[125.06141,12.60479],[125.06173,12.60472],[125.06192,12.60507],[125.06212,12.605],[125.06226,12.60551],[125.06187,12.60584],[125.06208,12.60616],[125.06253,12.60608],[125.06302,12.60586],[125.06364,12.60574],[125.06434,12.60601],[125.06481,12.60629],[125.06535,12.60618],[125.06534,12.60598],[125.06588,12.60603],[125.06642,12.60628],[125.06702,12.60614],[125.06754,12.60645],[125.06739,12.60704],[125.06665,12.6072],[125.06669,12.60754],[125.06747,12.60737],[125.06762,12.6076],[125.06799,12.60756],[125.06828,12.60733],[125.0687,12.60735],[125.06885,12.60719],[125.06896,12.60643],[125.06882,12.60606],[125.06906,12.60578],[125.06873,12.60537],[125.06821,12.60516],[125.06846,12.60463],[125.0689,12.60453],[125.06964,12.60505],[125.0701,12.6042],[125.07058,12.60398],[125.07126,12.60402],[125.07148,12.60413],[125.07213,12.60384],[125.07246,12.60395],[125.07259,12.60426],[125.0731,12.60446],[125.07387,12.60445],[125.07449,12.60527],[125.07461,12.60486],[125.07546,12.60497],[125.07571,12.60479],[125.07614,12.60492],[125.07703,12.60439],[125.07714,12.60442],[125.07768,12.60352],[125.07796,12.60331],[125.07843,12.60359],[125.07855,12.60382],[125.07956,12.604],[125.07967,12.60491],[125.08052,12.60442],[125.08,12.6038],[125.08039,12.60368],[125.08067,12.60295],[125.08112,12.60271],[125.08194,12.60262],[125.08241,12.60274],[125.08267,12.60253],[125.08298,12.60249],[125.08349,12.60216],[125.08392,12.60206],[125.08404,12.6019],[125.08495,12.60193],[125.08593,12.60214],[125.08613,12.60227],[125.08713,12.60241],[125.08811,12.60244],[125.08861,12.60238],[125.08927,12.60266],[125.08954,12.60316],[125.08945,12.60377],[125.08983,12.60434],[125.08962,12.60478],[125.08984,12.60511],[125.08997,12.60557],[125.08983,12.60669],[125.08959,12.60711],[125.08907,12.60733],[125.08878,12.60761],[125.08838,12.60754],[125.08827,12.60787],[125.08801,12.6079],[125.08795,12.60848],[125.0876,12.60877],[125.08748,12.60905],[125.08749,12.60946],[125.08688,12.60968],[125.08721,12.60996],[125.08698,12.61037],[125.08744,12.61032],[125.08784,12.6109],[125.08774,12.61109],[125.08858,12.61173],[125.0885,12.612],[125.08856,12.61255],[125.08884,12.61294],[125.08879,12.61322],[125.08848,12.61347],[125.08854,12.61412],[125.08836,12.6142],[125.08875,12.61464],[125.08902,12.61554],[125.08941,12.61589],[125.08968,12.61702],[125.08962,12.61736],[125.08973,12.61815],[125.08919,12.61831],[125.08921,12.61866],[125.08899,12.61941],[125.08876,12.61934],[125.08825,12.61951],[125.08797,12.61928],[125.08756,12.61919],[125.08708,12.61862],[125.0869,12.61822],[125.08644,12.61812],[125.08623,12.61786],[125.08623,12.61741],[125.08577,12.61654],[125.0859,12.61609],[125.08574,12.61557],[125.08511,12.6157],[125.08478,12.61605],[125.08424,12.61608],[125.08373,12.61631],[125.08328,12.61663],[125.08244,12.61637],[125.0821,12.61659],[125.08203,12.61694],[125.0817,12.6175],[125.08088,12.61749],[125.08082,12.61805],[125.08098,12.61816],[125.08162,12.61824],[125.08192,12.61853],[125.08179,12.61875],[125.08188,12.61937],[125.08166,12.61951],[125.08129,12.61944],[125.08115,12.61984],[125.08086,12.62011],[125.08079,12.62063],[125.08015,12.62111],[125.07973,12.62133],[125.07873,12.62121],[125.07833,12.62174],[125.078,12.62162],[125.07769,12.62183],[125.07703,12.62199],[125.07612,12.62166],[125.07593,12.62121],[125.07589,12.62081],[125.07558,12.62029],[125.07558,12.62004],[125.07513,12.61928],[125.07504,12.61963],[125.07536,12.62005],[125.0747,12.62101],[125.07425,12.62142],[125.07431,12.62181],[125.07467,12.62269],[125.075,12.62307],[125.07506,12.62335],[125.07546,12.62355],[125.07627,12.62358],[125.07604,12.62426],[125.0763,12.62455],[125.07648,12.62531],[125.07611,12.62624],[125.07591,12.62627],[125.07556,12.62664],[125.07557,12.62685],[125.07519,12.627],[125.07444,12.62703],[125.07385,12.62694],[125.07356,12.62677],[125.07366,12.62766],[125.07396,12.62822],[125.07413,12.62876],[125.07441,12.62921],[125.07484,12.63038],[125.07462,12.63072],[125.07429,12.63094],[125.07501,12.63189],[125.07543,12.63226],[125.07565,12.63292],[125.07562,12.6336],[125.07574,12.63401],[125.07555,12.63462],[125.07531,12.63494],[125.07541,12.63555],[125.07513,12.63587],[125.07478,12.63616],[125.07463,12.63643],[125.0746,12.63693],[125.07475,12.63748],[125.07502,12.63813],[125.07533,12.63846],[125.07579,12.63872],[125.07564,12.63911],[125.07564,12.63959],[125.07584,12.6399],[125.07594,12.64051],[125.0755,12.6411],[125.07566,12.64149],[125.07568,12.64192],[125.07518,12.64248],[125.0745,12.64264],[125.07393,12.64326],[125.07346,12.64411],[125.07309,12.64539],[125.07269,12.64588],[125.07283,12.64655],[125.07248,12.64699],[125.07216,12.64697],[125.07172,12.64714],[125.07157,12.64744],[125.07108,12.6478],[125.07051,12.64799],[125.07003,12.64797],[125.06979,12.64816],[125.06974,12.64875],[125.07001,12.64955],[125.07018,12.65009],[125.07049,12.65062],[125.07059,12.65122],[125.07101,12.65192],[125.07129,12.65223],[125.07233,12.65308],[125.07283,12.65375],[125.07315,12.65484],[125.07363,12.65568],[125.07376,12.6561],[125.07386,12.65739],[125.07389,12.65768],[125.0739,12.65788],[125.07387,12.65855],[125.0737,12.66012],[125.07382,12.66083],[125.07373,12.66137],[125.07422,12.66221],[125.07423,12.663],[125.07365,12.6644],[125.07261,12.66595],[125.07229,12.66656],[125.07215,12.66717],[125.07109,12.66874],[125.07043,12.6699],[125.07005,12.67072],[125.06947,12.6718],[125.06837,12.67345],[125.06722,12.6753],[125.0669,12.67599],[125.06649,12.67651],[125.0664,12.67766],[125.06624,12.67807],[125.06635,12.67849],[125.06586,12.67962],[125.0657,12.67981],[125.06589,12.68026],[125.06556,12.68087],[125.0654,12.68186],[125.06526,12.6822],[125.06512,12.68302],[125.06483,12.68365],[125.06482,12.6842],[125.06499,12.68455],[125.06478,12.6849],[125.06414,12.68532],[125.06364,12.68543],[125.06281,12.68603],[125.06242,12.68605],[125.06185,12.68594],[125.06154,12.68602],[125.06095,12.68571],[125.06073,12.6859],[125.06008,12.68583],[125.05966,12.6859],[125.059,12.68564],[125.05814,12.68517],[125.05796,12.68525],[125.0572,12.68514],[125.05678,12.68522],[125.05658,12.685],[125.05625,12.68501],[125.05528,12.68469],[125.05524,12.68444],[125.05487,12.68434],[125.05445,12.68447],[125.05424,12.68427],[125.05357,12.68422],[125.05298,12.68362],[125.05277,12.68384],[125.05152,12.68323],[125.05073,12.6827],[125.05069,12.68246],[125.05031,12.68229],[125.05003,12.68195],[125.04917,12.68196],[125.04869,12.6818],[125.04893,12.68147],[125.04871,12.6812],[125.04821,12.68176],[125.04819,12.6812],[125.04831,12.6808],[125.04771,12.68077],[125.04773,12.68143],[125.04744,12.68174],[125.04723,12.68229],[125.04679,12.68234],[125.04606,12.68265],[125.04505,12.6826],[125.04445,12.68222],[125.04453,12.682],[125.04414,12.68187],[125.04378,12.68212],[125.04386,12.68243],[125.04349,12.68251],[125.043,12.6824],[125.04267,12.68245],[125.04171,12.68239],[125.04148,12.68226],[125.04124,12.68186],[125.04072,12.68189],[125.04014,12.68245],[125.03928,12.68251],[125.03867,12.68226],[125.03827,12.68224],[125.03792,12.68195],[125.03756,12.68216],[125.03704,12.68215],[125.03713,12.68179],[125.03689,12.6816],[125.03688,12.6813],[125.03729,12.68063],[125.03675,12.68019],[125.0366,12.67911],[125.03665,12.67871],[125.03643,12.67854],[125.03594,12.67842],[125.03606,12.67791],[125.03596,12.67757],[125.03552,12.67739],[125.03524,12.67688],[125.03435,12.6764],[125.03396,12.67607],[125.0337,12.67563],[125.03332,12.67544],[125.03296,12.6749],[125.03199,12.67399],[125.03146,12.6731],[125.03094,12.67247],[125.03058,12.67184],[125.03054,12.67139],[125.03022,12.67082],[125.02971,12.66928],[125.02977,12.66913],[125.02949,12.66856],[125.02957,12.66821],[125.02939,12.66765],[125.02977,12.66726],[125.02984,12.66699],[125.03016,12.66688],[125.03154,12.66584],[125.03185,12.66581],[125.03217,12.66552],[125.03344,12.66529],[125.03403,12.66527],[125.0345,12.66502],[125.0349,12.66507],[125.03563,12.6654],[125.03617,12.66538],[125.0364,12.66549],[125.03731,12.66522],[125.03723,12.66482]]],[[[124.99922,12.66368],[124.99903,12.66351],[124.99825,12.66352],[124.99709,12.66277],[124.99686,12.6622],[124.99649,12.66189],[124.99639,12.66129],[124.99646,12.66077],[124.99616,12.66073],[124.99621,12.65973],[124.99642,12.65917],[124.99609,12.65913],[124.99564,12.65965],[124.99534,12.65987],[124.99485,12.65984],[124.9949,12.6587],[124.99454,12.65816],[124.99407,12.65788],[124.99384,12.65797],[124.99337,12.65784],[124.99313,12.65825],[124.99271,12.65819],[124.99248,12.65837],[124.9922,12.65801],[124.99182,12.65809],[124.99093,12.65863],[124.99059,12.65845],[124.99018,12.65852],[124.98948,12.65823],[124.9888,12.65778],[124.98839,12.65773],[124.98846,12.65739],[124.98843,12.65654],[124.98874,12.65613],[124.98925,12.65509],[124.98991,12.65402],[124.99005,12.65366],[124.99036,12.65324],[124.99101,12.65193],[124.99099,12.65143],[124.99017,12.64919],[124.99017,12.64873],[124.99041,12.64813],[124.99092,12.6475],[124.99141,12.64727],[124.9923,12.64646],[124.99327,12.64602],[124.99382,12.646],[124.9948,12.64583],[124.99549,12.64548],[124.99661,12.64458],[124.99703,12.64467],[124.99737,12.64434],[124.99787,12.64413],[124.999,12.64313],[124.99957,12.64294],[125.00044,12.64249],[125.00059,12.64222],[125.00062,12.64172],[125.00139,12.6425],[125.00166,12.6427],[125.00231,12.64279],[125.00293,12.6427],[125.00374,12.64273],[125.00501,12.64269],[125.00509,12.64306],[125.00546,12.64308],[125.00556,12.64258],[125.00596,12.64279],[125.00638,12.64269],[125.00719,12.64266],[125.00768,12.64287],[125.00789,12.64269],[125.00848,12.64246],[125.00967,12.64125],[125.01072,12.64093],[125.01106,12.64105],[125.01127,12.6416],[125.01138,12.64277],[125.01154,12.64341],[125.01168,12.64366],[125.01174,12.64467],[125.01157,12.64508],[125.01169,12.64537],[125.01175,12.64626],[125.01158,12.64698],[125.01177,12.64719],[125.01156,12.64746],[125.01154,12.64774],[125.01113,12.64795],[125.01134,12.6484],[125.01137,12.64873],[125.01116,12.64908],[125.01105,12.64969],[125.01126,12.64988],[125.01092,12.65076],[125.01106,12.65113],[125.01094,12.65157],[125.01091,12.65216],[125.01045,12.65288],[125.01014,12.65312],[125.01013,12.65341],[125.00991,12.6537],[125.00976,12.65424],[125.00935,12.65481],[125.009,12.65494],[125.0086,12.65574],[125.00828,12.65621],[125.00773,12.65628],[125.0075,12.65658],[125.00719,12.65668],[125.00722,12.65696],[125.00704,12.65739],[125.00727,12.65792],[125.00735,12.65843],[125.00774,12.65919],[125.0078,12.65953],[125.00758,12.66007],[125.00761,12.66063],[125.00741,12.66101],[125.00709,12.66126],[125.00716,12.66148],[125.00689,12.66179],[125.00688,12.66246],[125.00657,12.66279],[125.0062,12.6628],[125.00598,12.66319],[125.00542,12.6634],[125.00498,12.66321],[125.00416,12.66335],[125.00284,12.66343],[125.00197,12.66327],[125.00187,12.66314],[125.00134,12.66344],[125.00121,12.66331],[125.00021,12.66333],[124.99932,12.66349],[124.99922,12.66368]]],[[[125.04613,12.5514],[125.04597,12.55137],[125.04587,12.55077],[125.04629,12.55046],[125.0458,12.55023],[125.04585,12.55002],[125.04633,12.55026],[125.04661,12.55012],[125.04639,12.5497],[125.04588,12.54946],[125.04552,12.54948],[125.04537,12.54879],[125.04514,12.54905],[125.04477,12.54876],[125.04507,12.54827],[125.04603,12.54793],[125.04704,12.54801],[125.04879,12.54777],[125.04901,12.54793],[125.0488,12.54906],[125.04893,12.55064],[125.04869,12.55106],[125.04794,12.55108],[125.04761,12.55097],[125.04755,12.55072],[125.04687,12.55043],[125.04688,12.55109],[125.04663,12.55128],[125.04613,12.5514]]],[[[125.05183,12.55224],[125.05138,12.55213],[125.05014,12.55124],[125.04997,12.55096],[125.04929,12.55023],[125.04908,12.54931],[125.04913,12.54868],[125.04951,12.54758],[125.04988,12.54685],[125.0503,12.54686],[125.05108,12.54733],[125.05158,12.54771],[125.05263,12.5487],[125.05325,12.55028],[125.05323,12.55053],[125.05356,12.55126],[125.05321,12.55178],[125.05261,12.55205],[125.05218,12.55202],[125.05183,12.55224]]],[[[125.02025,12.56049],[125.01914,12.561],[125.01893,12.56094],[125.01891,12.56053],[125.0193,12.55942],[125.01946,12.55848],[125.01932,12.55745],[125.01935,12.55661],[125.01955,12.55624],[125.01939,12.55611],[125.01928,12.55555],[125.01882,12.55498],[125.01909,12.55448],[125.0202,12.55365],[125.02075,12.55332],[125.02153,12.55261],[125.02197,12.55209],[125.02231,12.5514],[125.02247,12.55125],[125.02274,12.55065],[125.02317,12.54931],[125.0234,12.5474],[125.02332,12.54655],[125.0234,12.54591],[125.02341,12.54493],[125.0235,12.54492],[125.02362,12.54391],[125.02382,12.54283],[125.02382,12.54229],[125.02417,12.54101],[125.02445,12.54013],[125.02495,12.5388],[125.0255,12.53782],[125.02579,12.53699],[125.02607,12.53558],[125.02618,12.5354],[125.02615,12.53485],[125.02629,12.53453],[125.02634,12.5335],[125.02653,12.5328],[125.02685,12.53262],[125.02684,12.53232],[125.02704,12.53214],[125.02792,12.53198],[125.02873,12.53213],[125.03004,12.53275],[125.03058,12.53332],[125.03165,12.53507],[125.0324,12.53603],[125.03342,12.53684],[125.03391,12.53704],[125.03401,12.53721],[125.03467,12.53738],[125.03611,12.53751],[125.03662,12.53743],[125.03767,12.53714],[125.0391,12.53642],[125.04009,12.53689],[125.04057,12.537],[125.04113,12.53725],[125.04181,12.53768],[125.04234,12.53815],[125.04291,12.53885],[125.04344,12.53938],[125.04407,12.54015],[125.04476,12.54126],[125.04492,12.54176],[125.04515,12.54197],[125.04536,12.54262],[125.04567,12.54284],[125.04615,12.54351],[125.04768,12.54485],[125.04821,12.54537],[125.04857,12.54585],[125.04884,12.54658],[125.04863,12.54714],[125.04825,12.54727],[125.0473,12.54731],[125.04657,12.54728],[125.0451,12.54733],[125.04472,12.54742],[125.0441,12.54727],[125.04357,12.54734],[125.04292,12.54716],[125.04224,12.54731],[125.04195,12.54699],[125.04111,12.54681],[125.04087,12.54688],[125.04009,12.54651],[125.03964,12.54655],[125.03938,12.54641],[125.03836,12.54618],[125.03812,12.54635],[125.03786,12.54613],[125.03681,12.54657],[125.0361,12.54696],[125.03585,12.54689],[125.03541,12.5471],[125.03506,12.54697],[125.03445,12.54715],[125.03393,12.54709],[125.03382,12.54726],[125.03313,12.54752],[125.03304,12.54771],[125.03229,12.54802],[125.03209,12.54786],[125.03169,12.54819],[125.03078,12.54832],[125.02889,12.54926],[125.02866,12.54955],[125.02891,12.54997],[125.02838,12.55041],[125.02811,12.55086],[125.02824,12.55162],[125.02769,12.55154],[125.02781,12.55207],[125.0277,12.55227],[125.02782,12.55263],[125.02798,12.55355],[125.02817,12.55377],[125.02828,12.55422],[125.02856,12.55436],[125.02907,12.55521],[125.0292,12.55575],[125.02914,12.55619],[125.02888,12.55643],[125.02661,12.55615],[125.0257,12.55638],[125.02489,12.55683],[125.02433,12.55723],[125.02381,12.55799],[125.02339,12.55881],[125.02296,12.55927],[125.02203,12.55945],[125.02029,12.56027],[125.02025,12.56049]]],[[[125.01918,12.56802],[125.01907,12.56756],[125.01867,12.56725],[125.01902,12.56695],[125.01936,12.5672],[125.0199,12.56776],[125.01918,12.56802]]],[[[125.05428,12.62935],[125.05376,12.62932],[125.05326,12.6288],[125.05299,12.62823],[125.05335,12.62776],[125.05369,12.62782],[125.05411,12.62831],[125.05454,12.62838],[125.0548,12.6286],[125.05487,12.62888],[125.05458,12.62928],[125.05428,12.62935]]],[[[125.08446,12.6302],[125.08423,12.6303],[125.0831,12.63008],[125.08249,12.63013],[125.08202,12.62987],[125.08169,12.62955],[125.08161,12.629],[125.08188,12.62817],[125.08222,12.62783],[125.08235,12.62731],[125.08214,12.62731],[125.08182,12.62676],[125.08196,12.62636],[125.08167,12.62604],[125.08189,12.6259],[125.08194,12.62524],[125.08165,12.62488],[125.08178,12.62464],[125.08257,12.62389],[125.08269,12.62353],[125.08253,12.62326],[125.08278,12.6225],[125.08377,12.62271],[125.08405,12.62271],[125.08438,12.623],[125.08481,12.62304],[125.08547,12.62261],[125.08588,12.62266],[125.08604,12.62244],[125.08657,12.62214],[125.08716,12.62227],[125.08774,12.62221],[125.08773,12.62197],[125.08796,12.62155],[125.08831,12.62164],[125.0886,12.62221],[125.08833,12.62289],[125.08838,12.62318],[125.08879,12.62368],[125.08858,12.62406],[125.08899,12.62423],[125.08868,12.62448],[125.08915,12.62497],[125.08916,12.62537],[125.08881,12.62579],[125.08888,12.62592],[125.08849,12.62649],[125.0885,12.62712],[125.0881,12.62808],[125.08754,12.62858],[125.08722,12.62855],[125.0871,12.6288],[125.08656,12.62914],[125.08653,12.62943],[125.08559,12.62981],[125.08526,12.62975],[125.08493,12.63013],[125.08446,12.6302]]]]}},{"type":"Feature","properties":{"code":"0804809000","name":"Lapinig","kind":"Municipality","provinceCode":"0804800000","province":"Northern Samar","areaKm2":48,"labelPoint":[125.26957,12.33165]},"geometry":{"type":"Polygon","coordinates":[[[125.2698,12.34956],[125.26436,12.34932],[125.25294,12.34879],[125.24189,12.34833],[125.23644,12.34855],[125.22757,12.34916],[125.22333,12.34958],[125.22974,12.34332],[125.2443,12.32887],[125.25197,12.3268],[125.26253,12.30915],[125.26589,12.3034],[125.26955,12.29792],[125.27484,12.29001],[125.27427,12.27324],[125.27075,12.26853],[125.27683,12.26638],[125.29002,12.26894],[125.29739,12.27047],[125.29735,12.27077],[125.29666,12.27602],[125.30168,12.27771],[125.30736,12.28119],[125.30779,12.28132],[125.30801,12.28152],[125.30869,12.28158],[125.30931,12.28152],[125.31099,12.28189],[125.31178,12.28194],[125.31206,12.28182],[125.31253,12.2819],[125.31329,12.2813],[125.31364,12.28119],[125.314,12.28148],[125.31442,12.28103],[125.31482,12.2813],[125.31574,12.28161],[125.31677,12.28222],[125.31667,12.2828],[125.31697,12.28296],[125.31712,12.28239],[125.31744,12.28224],[125.3179,12.28249],[125.31786,12.28303],[125.31835,12.28334],[125.31823,12.28358],[125.31762,12.28361],[125.31764,12.28395],[125.31822,12.2845],[125.3183,12.28481],[125.31834,12.28595],[125.31927,12.28583],[125.31967,12.28588],[125.32008,12.28622],[125.32076,12.28643],[125.32123,12.28639],[125.32151,12.28626],[125.32154,12.28586],[125.32122,12.28508],[125.32135,12.28448],[125.32181,12.28426],[125.32204,12.284],[125.32287,12.2825],[125.32313,12.28218],[125.32364,12.28195],[125.3241,12.28204],[125.32432,12.2827],[125.32387,12.28327],[125.32409,12.28346],[125.32464,12.28323],[125.32511,12.28327],[125.32569,12.28301],[125.32613,12.28296],[125.32647,12.28275],[125.32725,12.2826],[125.3278,12.28228],[125.32816,12.28243],[125.32832,12.28274],[125.32867,12.28276],[125.32869,12.28226],[125.32923,12.2819],[125.32917,12.28142],[125.32934,12.28111],[125.33036,12.28046],[125.33081,12.28034],[125.33079,12.28016],[125.33108,12.27972],[125.3326,12.27812],[125.33295,12.27809],[125.33324,12.27772],[125.33359,12.27746],[125.33396,12.27749],[125.33392,12.27705],[125.33423,12.27539],[125.33457,12.2747],[125.33476,12.27447],[125.33525,12.27419],[125.33603,12.2739],[125.33628,12.2739],[125.33692,12.27523],[125.33703,12.27586],[125.33725,12.27638],[125.33738,12.27691],[125.33765,12.27743],[125.33764,12.2779],[125.33806,12.27795],[125.33846,12.27829],[125.33873,12.27888],[125.33887,12.28006],[125.33858,12.28071],[125.33866,12.28111],[125.33912,12.28162],[125.33975,12.28189],[125.34001,12.28213],[125.3402,12.28258],[125.34062,12.28254],[125.34104,12.28275],[125.3412,12.28361],[125.34142,12.28434],[125.3419,12.28509],[125.34192,12.28541],[125.34226,12.28627],[125.34208,12.28712],[125.3419,12.28761],[125.34193,12.28853],[125.34207,12.28897],[125.34227,12.28911],[125.34213,12.29011],[125.34217,12.29062],[125.34141,12.29186],[125.3408,12.29238],[125.3406,12.29271],[125.34068,12.29313],[125.34044,12.2932],[125.34006,12.29379],[125.33975,12.29381],[125.3394,12.29364],[125.3389,12.29309],[125.33847,12.29308],[125.33877,12.29374],[125.33852,12.29409],[125.33892,12.29452],[125.33962,12.2951],[125.33954,12.29531],[125.33903,12.29568],[125.33842,12.29642],[125.33797,12.29674],[125.3378,12.29706],[125.33687,12.2971],[125.33641,12.29695],[125.33649,12.29745],[125.33621,12.29767],[125.33587,12.29768],[125.33517,12.2971],[125.33468,12.29632],[125.33422,12.29649],[125.33332,12.29692],[125.33264,12.29689],[125.33239,12.29666],[125.33215,12.29711],[125.33136,12.29707],[125.33086,12.29745],[125.33021,12.29775],[125.32979,12.29775],[125.32942,12.298],[125.32932,12.2985],[125.32993,12.29869],[125.33008,12.2991],[125.33018,12.29978],[125.33046,12.29997],[125.33047,12.30042],[125.33076,12.30055],[125.33103,12.30107],[125.33098,12.30159],[125.33073,12.30168],[125.33065,12.30198],[125.3309,12.30213],[125.33109,12.30255],[125.33171,12.30287],[125.33211,12.30282],[125.33242,12.30358],[125.33195,12.30465],[125.33238,12.30523],[125.33262,12.3051],[125.3332,12.30534],[125.33336,12.30575],[125.33399,12.30572],[125.33443,12.30601],[125.33423,12.30626],[125.33278,12.30669],[125.3334,12.30746],[125.33378,12.3074],[125.33434,12.30753],[125.33457,12.3074],[125.33494,12.30746],[125.33544,12.30779],[125.33609,12.30803],[125.33629,12.30791],[125.33664,12.30809],[125.33694,12.30788],[125.33728,12.3079],[125.33762,12.3082],[125.33749,12.30841],[125.33827,12.30865],[125.33848,12.30857],[125.33889,12.30902],[125.33884,12.30935],[125.33889,12.31007],[125.33859,12.3106],[125.33865,12.31161],[125.33825,12.31264],[125.33837,12.31299],[125.33823,12.31349],[125.33821,12.31404],[125.33886,12.31481],[125.33895,12.31543],[125.33869,12.31565],[125.33844,12.31649],[125.33767,12.31645],[125.33724,12.31673],[125.33679,12.31714],[125.33621,12.31743],[125.33603,12.31741],[125.33524,12.31817],[125.33488,12.3183],[125.33435,12.31835],[125.33395,12.31814],[125.33362,12.31776],[125.33306,12.31738],[125.33265,12.31736],[125.33249,12.31706],[125.33244,12.31656],[125.33204,12.31605],[125.33187,12.31563],[125.332,12.31542],[125.33193,12.31483],[125.33167,12.31455],[125.33167,12.31411],[125.33146,12.31388],[125.33174,12.31295],[125.33117,12.31285],[125.33077,12.31239],[125.33077,12.31199],[125.3303,12.31159],[125.33053,12.31133],[125.33049,12.31097],[125.33021,12.31093],[125.32978,12.31051],[125.32947,12.31075],[125.32853,12.31052],[125.32838,12.31007],[125.32786,12.30993],[125.32769,12.30974],[125.32739,12.30985],[125.32711,12.31016],[125.32669,12.31026],[125.3266,12.31047],[125.32614,12.31052],[125.32583,12.31034],[125.32577,12.31],[125.32602,12.30959],[125.32589,12.30915],[125.32545,12.30885],[125.32497,12.30815],[125.3249,12.30781],[125.32462,12.30769],[125.32467,12.30716],[125.32484,12.30675],[125.32508,12.30653],[125.32527,12.30598],[125.32493,12.30608],[125.32455,12.30603],[125.32473,12.3057],[125.32451,12.30558],[125.32417,12.30584],[125.32369,12.30556],[125.32299,12.30525],[125.32295,12.30498],[125.32321,12.30459],[125.3232,12.304],[125.32345,12.30404],[125.32339,12.30327],[125.32297,12.30287],[125.32315,12.30263],[125.32299,12.30229],[125.32324,12.30184],[125.32306,12.3016],[125.3225,12.30132],[125.32245,12.3011],[125.32195,12.30102],[125.32141,12.30044],[125.32079,12.30032],[125.3205,12.29996],[125.31976,12.29952],[125.31954,12.2995],[125.31856,12.29896],[125.31779,12.29873],[125.31652,12.29865],[125.31563,12.29879],[125.31544,12.29909],[125.31519,12.2991],[125.31397,12.29855],[125.3137,12.29866],[125.31253,12.29881],[125.31237,12.29895],[125.3117,12.29888],[125.31155,12.29899],[125.31065,12.29877],[125.30964,12.29895],[125.30953,12.29862],[125.30883,12.29821],[125.30849,12.29822],[125.30791,12.29821],[125.30724,12.29807],[125.30643,12.29776],[125.30617,12.2975],[125.30561,12.2972],[125.30512,12.29671],[125.30506,12.29633],[125.30452,12.29586],[125.30425,12.29553],[125.3039,12.29485],[125.30364,12.29484],[125.30354,12.29523],[125.30386,12.29572],[125.30347,12.29594],[125.3029,12.29571],[125.30267,12.29583],[125.30263,12.29511],[125.30238,12.29507],[125.30231,12.29543],[125.30205,12.29553],[125.30168,12.29529],[125.30135,12.29476],[125.30062,12.29391],[125.30032,12.29382],[125.30001,12.29296],[125.29942,12.29286],[125.29919,12.29247],[125.29914,12.29187],[125.29948,12.2914],[125.29949,12.29101],[125.29903,12.29155],[125.29873,12.29137],[125.29842,12.29158],[125.2977,12.29158],[125.29709,12.29113],[125.29674,12.29071],[125.29614,12.29027],[125.29544,12.29005],[125.29496,12.28999],[125.29458,12.28976],[125.29437,12.29009],[125.29369,12.29007],[125.29346,12.29021],[125.29321,12.29006],[125.29304,12.29081],[125.29245,12.29142],[125.29224,12.29188],[125.29237,12.2923],[125.29292,12.29261],[125.29328,12.29298],[125.29386,12.29416],[125.29381,12.29506],[125.29395,12.29526],[125.29399,12.29577],[125.29382,12.29649],[125.29356,12.29654],[125.29314,12.2969],[125.29261,12.29671],[125.2922,12.29668],[125.29125,12.29633],[125.2906,12.29594],[125.29009,12.29577],[125.28963,12.29586],[125.28906,12.29564],[125.28828,12.29564],[125.28795,12.29593],[125.28793,12.29636],[125.28747,12.29635],[125.28728,12.29653],[125.28774,12.29714],[125.28819,12.29734],[125.28839,12.29785],[125.2881,12.29816],[125.28774,12.29902],[125.28776,12.29931],[125.28763,12.29948],[125.288,12.30003],[125.28787,12.30082],[125.28792,12.30128],[125.28831,12.30188],[125.28839,12.30245],[125.28913,12.30263],[125.2894,12.30323],[125.2893,12.30432],[125.28902,12.30475],[125.28875,12.30496],[125.2876,12.30544],[125.28672,12.30575],[125.28672,12.30589],[125.28672,12.30677],[125.2873,12.30651],[125.28758,12.30648],[125.28809,12.3067],[125.28798,12.30703],[125.28841,12.30729],[125.28899,12.30744],[125.28952,12.30726],[125.29012,12.30747],[125.29048,12.3075],[125.29059,12.30732],[125.2916,12.30743],[125.29182,12.30705],[125.29267,12.30679],[125.29333,12.3064],[125.294,12.30556],[125.29444,12.3054],[125.294,12.30516],[125.29364,12.30453],[125.29365,12.30419],[125.29425,12.30378],[125.29512,12.30347],[125.29602,12.30362],[125.29668,12.30363],[125.29725,12.30388],[125.29786,12.30473],[125.29789,12.30494],[125.29839,12.30579],[125.29949,12.30679],[125.29936,12.30734],[125.29949,12.30793],[125.29975,12.30788],[125.29983,12.30852],[125.30094,12.30992],[125.30117,12.30999],[125.30224,12.31076],[125.30222,12.31127],[125.3031,12.31175],[125.30299,12.31261],[125.30343,12.31285],[125.30327,12.31334],[125.30355,12.31329],[125.30381,12.31348],[125.30373,12.31377],[125.30399,12.314],[125.30395,12.31455],[125.30444,12.31489],[125.30695,12.3156],[125.30685,12.31585],[125.3063,12.31568],[125.30639,12.31551],[125.30393,12.31483],[125.30361,12.3159],[125.30358,12.3162],[125.30321,12.31609],[125.30305,12.31645],[125.30328,12.31679],[125.30323,12.31698],[125.30267,12.31676],[125.30262,12.31711],[125.3024,12.31729],[125.30249,12.31757],[125.30215,12.31763],[125.30193,12.31787],[125.30189,12.31848],[125.30245,12.31866],[125.30272,12.31926],[125.30254,12.31961],[125.30284,12.31969],[125.30348,12.31958],[125.30379,12.31967],[125.30459,12.32039],[125.30439,12.3207],[125.30463,12.32085],[125.30543,12.32044],[125.30594,12.32041],[125.3072,12.32054],[125.30727,12.32079],[125.3076,12.32104],[125.30801,12.3216],[125.30842,12.3213],[125.3088,12.32151],[125.3091,12.32146],[125.30994,12.32188],[125.3102,12.32214],[125.31081,12.32223],[125.31109,12.32211],[125.31175,12.32243],[125.3122,12.32282],[125.31224,12.32301],[125.3126,12.32342],[125.31271,12.3238],[125.31309,12.32423],[125.31286,12.32511],[125.31347,12.3249],[125.31375,12.32493],[125.3146,12.32459],[125.31545,12.32493],[125.31563,12.32511],[125.31639,12.32555],[125.31691,12.32564],[125.31688,12.32583],[125.31823,12.32584],[125.3186,12.32621],[125.31927,12.32644],[125.31893,12.32704],[125.31919,12.32727],[125.31939,12.32709],[125.32,12.32698],[125.32024,12.32733],[125.32013,12.3278],[125.31959,12.32789],[125.31945,12.32815],[125.31914,12.32819],[125.31901,12.32855],[125.31831,12.32933],[125.31831,12.32994],[125.31781,12.33041],[125.31802,12.33081],[125.31803,12.33131],[125.31775,12.3316],[125.31748,12.33164],[125.31725,12.33131],[125.31699,12.33157],[125.31709,12.33188],[125.31667,12.33229],[125.31655,12.33258],[125.3161,12.33233],[125.31594,12.33199],[125.31641,12.33137],[125.31617,12.33096],[125.31617,12.33062],[125.31678,12.33011],[125.31644,12.33006],[125.316,12.33019],[125.31555,12.33061],[125.31535,12.33063],[125.31492,12.33038],[125.31519,12.33008],[125.31505,12.3297],[125.31512,12.32903],[125.31472,12.32866],[125.31445,12.32893],[125.31424,12.32856],[125.31393,12.32839],[125.31309,12.32826],[125.31301,12.32805],[125.31229,12.32749],[125.31221,12.32715],[125.31167,12.32707],[125.31102,12.32716],[125.31062,12.32677],[125.31003,12.32662],[125.31004,12.32636],[125.30957,12.32624],[125.30947,12.32637],[125.30865,12.32673],[125.30845,12.32651],[125.30813,12.32648],[125.30773,12.3267],[125.30827,12.32707],[125.30843,12.32747],[125.30881,12.32744],[125.30936,12.32756],[125.30987,12.32786],[125.30995,12.32806],[125.3097,12.32852],[125.30939,12.32879],[125.30941,12.32925],[125.30963,12.32984],[125.30959,12.33037],[125.30924,12.3307],[125.30907,12.33115],[125.30913,12.33139],[125.30893,12.33169],[125.30829,12.33207],[125.30812,12.3324],[125.30761,12.33278],[125.30738,12.33329],[125.30625,12.33384],[125.30555,12.33369],[125.30522,12.33337],[125.30493,12.33289],[125.30455,12.33335],[125.30425,12.33284],[125.30446,12.33235],[125.30415,12.3324],[125.30389,12.33204],[125.30386,12.33161],[125.30341,12.33121],[125.30209,12.33025],[125.30211,12.33],[125.30175,12.32948],[125.30085,12.32893],[125.30046,12.32852],[125.30022,12.32853],[125.29985,12.32794],[125.29948,12.3277],[125.29891,12.32761],[125.29837,12.32786],[125.29783,12.32825],[125.29784,12.32864],[125.29734,12.32866],[125.29605,12.32916],[125.29573,12.3292],[125.2955,12.32896],[125.29531,12.32926],[125.29496,12.32949],[125.29453,12.3294],[125.2942,12.32968],[125.29339,12.3293],[125.29315,12.32942],[125.29249,12.32946],[125.29166,12.32994],[125.29055,12.33031],[125.29006,12.33078],[125.28905,12.3326],[125.28874,12.33324],[125.28801,12.33403],[125.28774,12.3345],[125.28752,12.3354],[125.28723,12.33583],[125.28688,12.33614],[125.28642,12.33682],[125.2863,12.33714],[125.28631,12.33807],[125.28639,12.3389],[125.28652,12.33957],[125.28672,12.34007],[125.28723,12.3406],[125.28801,12.34087],[125.28812,12.34071],[125.2891,12.34086],[125.29027,12.34148],[125.29091,12.34229],[125.29105,12.34253],[125.29158,12.34269],[125.29196,12.3432],[125.29216,12.34323],[125.29239,12.34366],[125.29284,12.34384],[125.29277,12.34426],[125.29296,12.34488],[125.2927,12.34503],[125.29254,12.34535],[125.29247,12.34605],[125.29211,12.34666],[125.2921,12.34702],[125.29176,12.34752],[125.29144,12.34816],[125.29097,12.34821],[125.29045,12.34805],[125.29043,12.34773],[125.29009,12.34761],[125.28982,12.34731],[125.28931,12.34717],[125.28871,12.34762],[125.28793,12.34774],[125.28765,12.34729],[125.28707,12.34768],[125.28681,12.34798],[125.28629,12.34881],[125.28622,12.34932],[125.28692,12.34968],[125.28679,12.34985],[125.28684,12.35034],[125.28635,12.35029],[125.2698,12.34956]]]}},{"type":"Feature","properties":{"code":"0804810000","name":"Las Navas","kind":"Municipality","provinceCode":"0804800000","province":"Northern Samar","areaKm2":282,"labelPoint":[125.01144,12.30518]},"geometry":{"type":"Polygon","coordinates":[[[125.04964,12.36345],[125.03211,12.36632],[125.00882,12.37256],[124.97293,12.38218],[124.96927,12.37307],[124.96159,12.354],[124.95777,12.34395],[124.95458,12.33623],[124.94837,12.32117],[124.93415,12.3028],[124.92354,12.28959],[124.91156,12.27576],[124.90068,12.2632],[124.90727,12.25233],[124.91142,12.24561],[124.92217,12.23861],[124.9291,12.23562],[124.9395,12.23362],[124.94865,12.23054],[124.95949,12.22895],[124.97508,12.22787],[124.98348,12.22915],[124.98355,12.22931],[124.99363,12.2307],[125.01964,12.24043],[125.03602,12.24528],[125.03968,12.24709],[125.05271,12.25352],[125.09332,12.2727],[125.1109,12.28101],[125.11635,12.28358],[125.12259,12.28474],[125.12956,12.28486],[125.1508,12.28521],[125.16829,12.2829],[125.17349,12.29595],[125.17549,12.30044],[125.17903,12.3014],[125.15413,12.31174],[125.14504,12.3153],[125.14043,12.31798],[125.13987,12.32152],[125.13887,12.32782],[125.12687,12.33262],[125.11867,12.33907],[125.11476,12.34214],[125.08566,12.35327],[125.0718,12.35636],[125.06197,12.35853],[125.04964,12.36345]]]}},{"type":"Feature","properties":{"code":"0804811000","name":"Lavezares","kind":"Municipality","provinceCode":"0804800000","province":"Northern Samar","areaKm2":104,"labelPoint":[124.37372,12.50937]},"geometry":{"type":"MultiPolygon","coordinates":[[[[124.28562,12.56239],[124.28704,12.55796],[124.28911,12.55188],[124.29025,12.54847],[124.29449,12.54173],[124.29694,12.53913],[124.29965,12.53191],[124.30363,12.52713],[124.31027,12.52371],[124.31157,12.52194],[124.31357,12.51931],[124.31687,12.5148],[124.32096,12.51007],[124.32395,12.50658],[124.32812,12.50288],[124.33376,12.49775],[124.34294,12.4908],[124.36257,12.47643],[124.36851,12.47519],[124.38573,12.47162],[124.40651,12.46725],[124.40676,12.49877],[124.40685,12.51118],[124.40733,12.52131],[124.40752,12.53419],[124.40634,12.53513],[124.40259,12.53821],[124.39722,12.54259],[124.39841,12.54385],[124.40003,12.55021],[124.40005,12.54971],[124.40031,12.54982],[124.40048,12.55013],[124.40034,12.55034],[124.401,12.55162],[124.40093,12.55214],[124.40125,12.55251],[124.40182,12.55383],[124.40211,12.55417],[124.40227,12.55466],[124.40253,12.5547],[124.40287,12.55504],[124.4034,12.55577],[124.40446,12.5563],[124.4051,12.55675],[124.40564,12.55685],[124.40646,12.55667],[124.40675,12.55697],[124.4069,12.55756],[124.40706,12.55778],[124.40693,12.55805],[124.40645,12.55813],[124.40643,12.55887],[124.40587,12.55918],[124.40567,12.5598],[124.40552,12.55995],[124.4058,12.5604],[124.4059,12.56114],[124.40519,12.5615],[124.40479,12.56162],[124.40458,12.56149],[124.40411,12.56176],[124.40311,12.56205],[124.4028,12.5622],[124.40251,12.56198],[124.40274,12.56149],[124.40236,12.56119],[124.40261,12.56099],[124.40245,12.56064],[124.40161,12.5602],[124.40135,12.55993],[124.40092,12.56007],[124.40074,12.55964],[124.39957,12.55924],[124.39961,12.55954],[124.39988,12.55985],[124.39986,12.56052],[124.39922,12.56107],[124.39889,12.56091],[124.39835,12.56152],[124.39857,12.56175],[124.39851,12.56265],[124.39794,12.56279],[124.39705,12.56252],[124.39675,12.56265],[124.39594,12.5625],[124.3955,12.56281],[124.39463,12.56309],[124.39368,12.56435],[124.39268,12.56545],[124.39279,12.56569],[124.39243,12.56629],[124.39198,12.5665],[124.39112,12.56676],[124.39045,12.56656],[124.39025,12.5661],[124.3903,12.56566],[124.39017,12.56513],[124.39,12.56481],[124.38936,12.56426],[124.38889,12.56399],[124.38753,12.56345],[124.38764,12.56241],[124.38779,12.56218],[124.38768,12.56169],[124.388,12.56141],[124.38813,12.56065],[124.38795,12.56013],[124.38837,12.55923],[124.38853,12.55859],[124.38962,12.55902],[124.39011,12.55837],[124.39026,12.55787],[124.39026,12.5572],[124.39003,12.55669],[124.38983,12.55572],[124.38986,12.55523],[124.39064,12.55406],[124.39095,12.55394],[124.39096,12.55346],[124.3914,12.55268],[124.39189,12.55221],[124.39234,12.55153],[124.39252,12.55093],[124.39252,12.5505],[124.39297,12.5506],[124.39258,12.54997],[124.39221,12.54998],[124.39176,12.5496],[124.39196,12.54937],[124.39187,12.54867],[124.39129,12.54846],[124.3909,12.549],[124.3903,12.54887],[124.38995,12.54843],[124.38976,12.54777],[124.3895,12.54733],[124.38944,12.54679],[124.38953,12.54624],[124.38894,12.54573],[124.38816,12.54547],[124.388,12.54485],[124.38804,12.54397],[124.38759,12.54396],[124.38738,12.54442],[124.38724,12.54499],[124.38732,12.54522],[124.38621,12.54542],[124.38614,12.54556],[124.38559,12.5453],[124.38515,12.54481],[124.38496,12.54483],[124.38526,12.54552],[124.38523,12.54583],[124.38482,12.54621],[124.3844,12.54623],[124.38422,12.5461],[124.38346,12.54609],[124.38319,12.54599],[124.38269,12.54594],[124.38238,12.54566],[124.38196,12.54557],[124.38182,12.54518],[124.38153,12.54557],[124.38158,12.54601],[124.38096,12.54642],[124.38117,12.54669],[124.38092,12.54701],[124.38088,12.54736],[124.38052,12.54791],[124.3805,12.54811],[124.38004,12.54882],[124.37941,12.54955],[124.37914,12.54941],[124.37897,12.54965],[124.37864,12.54977],[124.37843,12.54961],[124.37847,12.54825],[124.37824,12.548],[124.37755,12.54771],[124.37705,12.54725],[124.37714,12.54668],[124.37691,12.54612],[124.37697,12.54564],[124.37719,12.54557],[124.37697,12.54507],[124.37617,12.54477],[124.37615,12.54514],[124.37563,12.54514],[124.37535,12.54544],[124.37468,12.54587],[124.37467,12.54614],[124.37437,12.5462],[124.37403,12.54686],[124.37376,12.54702],[124.37334,12.54777],[124.37267,12.54853],[124.37241,12.5483],[124.3719,12.54867],[124.37176,12.54891],[124.37242,12.54901],[124.37212,12.54944],[124.37198,12.55029],[124.37244,12.55121],[124.37251,12.55188],[124.37234,12.55221],[124.37204,12.55241],[124.37163,12.55328],[124.37158,12.55402],[124.37145,12.55436],[124.37182,12.55461],[124.37198,12.55519],[124.3727,12.5551],[124.373,12.55449],[124.37363,12.55443],[124.3738,12.55456],[124.37474,12.55438],[124.3751,12.55439],[124.37567,12.55422],[124.37618,12.5534],[124.37647,12.55336],[124.37663,12.55305],[124.37663,12.55265],[124.37717,12.5526],[124.37733,12.55273],[124.37839,12.55272],[124.37879,12.5528],[124.37884,12.55226],[124.37826,12.55121],[124.37784,12.55119],[124.37763,12.55085],[124.37771,12.55045],[124.37821,12.55043],[124.37848,12.5511],[124.37879,12.55145],[124.37973,12.55199],[124.38009,12.55238],[124.38041,12.55245],[124.38065,12.55288],[124.38043,12.55319],[124.3803,12.55368],[124.37843,12.55442],[124.37789,12.55433],[124.37808,12.55474],[124.37803,12.55502],[124.37777,12.55529],[124.37662,12.55567],[124.37603,12.5555],[124.37564,12.55515],[124.37538,12.55515],[124.37502,12.55538],[124.37477,12.55529],[124.37439,12.55541],[124.37419,12.55518],[124.3737,12.55524],[124.37258,12.55581],[124.37232,12.55584],[124.37146,12.55546],[124.37047,12.55523],[124.36934,12.55475],[124.36892,12.55442],[124.36846,12.5542],[124.36763,12.55405],[124.36684,12.55345],[124.36573,12.55294],[124.36431,12.55328],[124.36155,12.55371],[124.36012,12.55433],[124.36001,12.55483],[124.35979,12.55504],[124.3593,12.55505],[124.35911,12.55529],[124.35838,12.55567],[124.35781,12.5556],[124.35704,12.55595],[124.35611,12.55609],[124.35597,12.55627],[124.35546,12.55646],[124.35519,12.55642],[124.35467,12.55598],[124.35477,12.55549],[124.35463,12.55526],[124.35472,12.55492],[124.35502,12.55483],[124.35527,12.55436],[124.35551,12.55419],[124.35603,12.55316],[124.35602,12.55292],[124.35564,12.55247],[124.35518,12.55226],[124.35508,12.55205],[124.35469,12.552],[124.35421,12.5516],[124.35424,12.55124],[124.35441,12.55088],[124.35478,12.55078],[124.35505,12.5509],[124.35515,12.55136],[124.35578,12.55145],[124.35634,12.55182],[124.35628,12.55234],[124.35639,12.55286],[124.35691,12.55334],[124.35699,12.55375],[124.35725,12.5538],[124.35755,12.55337],[124.35758,12.55264],[124.3579,12.55204],[124.35785,12.5518],[124.35755,12.55159],[124.35635,12.54997],[124.35613,12.54993],[124.35595,12.55035],[124.35557,12.55028],[124.3557,12.54992],[124.35597,12.54965],[124.35597,12.54938],[124.35575,12.54887],[124.35622,12.54817],[124.35654,12.54753],[124.3567,12.54689],[124.35682,12.545],[124.35683,12.54386],[124.35705,12.54314],[124.35707,12.54273],[124.35724,12.54149],[124.35735,12.54119],[124.35739,12.54028],[124.35704,12.53993],[124.35703,12.53948],[124.35723,12.53916],[124.35731,12.53853],[124.35706,12.53813],[124.35646,12.53783],[124.35628,12.53783],[124.35515,12.53734],[124.35458,12.53722],[124.35343,12.53636],[124.35285,12.53629],[124.35252,12.53643],[124.3526,12.53681],[124.35218,12.53681],[124.35188,12.53718],[124.35155,12.53736],[124.3508,12.53795],[124.35014,12.53854],[124.34973,12.5388],[124.34821,12.54021],[124.34789,12.54092],[124.3477,12.541],[124.34696,12.54184],[124.34634,12.54271],[124.34666,12.54346],[124.34632,12.54345],[124.34612,12.54441],[124.3456,12.54537],[124.34531,12.54572],[124.34455,12.54605],[124.34418,12.54573],[124.34356,12.54557],[124.34289,12.54564],[124.3426,12.54554],[124.3424,12.54575],[124.34202,12.54577],[124.34176,12.54608],[124.34128,12.5464],[124.34063,12.54654],[124.34029,12.54652],[124.34044,12.54603],[124.34039,12.54566],[124.34006,12.54529],[124.33952,12.54559],[124.33939,12.54545],[124.33885,12.54562],[124.33825,12.54533],[124.33805,12.54487],[124.33828,12.5442],[124.33832,12.54374],[124.33792,12.54335],[124.33786,12.543],[124.33808,12.54257],[124.33877,12.54237],[124.33891,12.54218],[124.33926,12.54215],[124.33956,12.54186],[124.33924,12.54129],[124.33925,12.54103],[124.33955,12.5405],[124.33965,12.54014],[124.33951,12.53957],[124.33897,12.54001],[124.33865,12.53967],[124.3388,12.53915],[124.33884,12.53848],[124.33829,12.53803],[124.33806,12.53858],[124.33815,12.53902],[124.3379,12.53928],[124.33786,12.5396],[124.33764,12.53976],[124.3371,12.54088],[124.33637,12.54057],[124.33574,12.5408],[124.33555,12.54039],[124.3356,12.54003],[124.33579,12.53973],[124.33575,12.53944],[124.33591,12.53906],[124.33654,12.53878],[124.33674,12.5389],[124.33701,12.53859],[124.33671,12.53844],[124.33651,12.53793],[124.33567,12.5376],[124.33547,12.53707],[124.33513,12.53698],[124.33462,12.53768],[124.33388,12.53808],[124.33341,12.53729],[124.33298,12.53687],[124.33275,12.53702],[124.3324,12.53679],[124.33245,12.53646],[124.33222,12.53608],[124.33169,12.53602],[124.33111,12.53563],[124.33047,12.53541],[124.3301,12.53548],[124.32951,12.53543],[124.3293,12.53526],[124.3282,12.53625],[124.32809,12.53653],[124.3281,12.53716],[124.32774,12.5371],[124.32725,12.53734],[124.32692,12.53768],[124.32645,12.53863],[124.32623,12.53882],[124.32631,12.53919],[124.32606,12.53987],[124.326,12.54032],[124.32559,12.54064],[124.32543,12.54126],[124.3254,12.54184],[124.32555,12.54216],[124.32589,12.54335],[124.32552,12.54309],[124.32505,12.54292],[124.32465,12.54343],[124.32453,12.54413],[124.32466,12.54488],[124.32485,12.54536],[124.32456,12.5456],[124.32467,12.54578],[124.32505,12.5457],[124.32534,12.54545],[124.32567,12.54535],[124.32585,12.54574],[124.32568,12.54698],[124.32582,12.54732],[124.32624,12.54784],[124.32633,12.54874],[124.32616,12.54955],[124.32569,12.551],[124.32589,12.55157],[124.3259,12.55244],[124.32556,12.55359],[124.32526,12.55419],[124.3252,12.55455],[124.32531,12.5551],[124.32472,12.5553],[124.32406,12.55502],[124.32404,12.5547],[124.323,12.55439],[124.32277,12.55397],[124.32252,12.55395],[124.322,12.55367],[124.32197,12.5534],[124.32254,12.55296],[124.32245,12.55251],[124.32215,12.55205],[124.32169,12.55259],[124.32146,12.55235],[124.3211,12.55224],[124.3209,12.55197],[124.32041,12.5518],[124.31968,12.55203],[124.31952,12.55235],[124.31926,12.55243],[124.31877,12.55208],[124.31858,12.55159],[124.31823,12.55105],[124.31838,12.55084],[124.31799,12.55061],[124.3176,12.55055],[124.31755,12.55087],[124.31706,12.55151],[124.3169,12.55185],[124.31704,12.55214],[124.31695,12.55252],[124.31645,12.55303],[124.31642,12.5534],[124.31531,12.55331],[124.31504,12.55272],[124.31468,12.55272],[124.31379,12.55293],[124.31444,12.55335],[124.31483,12.55369],[124.31495,12.55412],[124.31454,12.55475],[124.31445,12.55522],[124.31452,12.55579],[124.31416,12.55624],[124.31478,12.55633],[124.31481,12.55596],[124.31516,12.55548],[124.31547,12.5552],[124.31557,12.5549],[124.31608,12.55469],[124.31648,12.55507],[124.31685,12.55481],[124.31725,12.55488],[124.31787,12.55433],[124.31841,12.55433],[124.31859,12.55409],[124.31884,12.55436],[124.31912,12.55431],[124.31933,12.55465],[124.3192,12.55559],[124.31945,12.55607],[124.31904,12.5567],[124.31876,12.55674],[124.31833,12.5572],[124.31813,12.55725],[124.31784,12.55771],[124.31782,12.55793],[124.31732,12.55839],[124.31749,12.55853],[124.31728,12.55909],[124.31694,12.55928],[124.31625,12.55907],[124.31592,12.55906],[124.31503,12.55831],[124.31519,12.5579],[124.31501,12.55773],[124.31457,12.55778],[124.31454,12.55828],[124.314,12.55879],[124.31434,12.55922],[124.31462,12.55915],[124.31484,12.55957],[124.31447,12.55963],[124.3144,12.55987],[124.31323,12.56026],[124.31298,12.56043],[124.3125,12.56045],[124.31224,12.5602],[124.31159,12.56054],[124.31074,12.5608],[124.31011,12.5612],[124.31004,12.56181],[124.30971,12.56231],[124.30924,12.56246],[124.30875,12.56274],[124.30831,12.56345],[124.30743,12.56316],[124.30672,12.56282],[124.30605,12.56271],[124.30536,12.56296],[124.30499,12.56263],[124.30497,12.56197],[124.30447,12.56109],[124.30401,12.5612],[124.30345,12.5602],[124.3038,12.55995],[124.30377,12.55974],[124.30329,12.55993],[124.30304,12.56035],[124.30277,12.56041],[124.30267,12.56121],[124.30188,12.56113],[124.30153,12.56124],[124.30139,12.56145],[124.30066,12.56204],[124.30034,12.56211],[124.29958,12.5626],[124.29934,12.5631],[124.29894,12.56346],[124.29857,12.56392],[124.29845,12.56429],[124.29875,12.56477],[124.29864,12.56497],[124.29856,12.56602],[124.29838,12.56616],[124.29851,12.5665],[124.29815,12.56672],[124.29814,12.56694],[124.29776,12.56717],[124.29745,12.56765],[124.29746,12.56832],[124.29737,12.56878],[124.29742,12.56991],[124.29764,12.57132],[124.29768,12.57194],[124.29769,12.57247],[124.29734,12.57388],[124.29743,12.57419],[124.2973,12.57479],[124.29671,12.57544],[124.29591,12.57582],[124.29436,12.57794],[124.29355,12.57824],[124.2936,12.57845],[124.29326,12.5787],[124.29293,12.57949],[124.29246,12.57991],[124.29107,12.58059],[124.29065,12.58104],[124.28918,12.58242],[124.28889,12.58277],[124.2889,12.58333],[124.28934,12.5835],[124.28916,12.58371],[124.28915,12.58406],[124.28876,12.58414],[124.28779,12.5833],[124.28727,12.58279],[124.28624,12.58227],[124.28571,12.58225],[124.28512,12.58243],[124.28429,12.58246],[124.28412,12.58316],[124.28365,12.58342],[124.2827,12.58326],[124.28245,12.58305],[124.2815,12.58281],[124.28109,12.5826],[124.28051,12.58315],[124.28025,12.5829],[124.27994,12.58284],[124.27997,12.58217],[124.27971,12.58165],[124.27955,12.58107],[124.2796,12.58089],[124.27985,12.58067],[124.28562,12.56239]]],[[[124.38415,12.57251],[124.38452,12.57306],[124.38498,12.57346],[124.38542,12.57401],[124.38565,12.5745],[124.38522,12.57561],[124.38478,12.57591],[124.38517,12.57636],[124.3856,12.57778],[124.38622,12.57849],[124.38653,12.57924],[124.38662,12.57996],[124.38652,12.5803],[124.38614,12.58056],[124.38595,12.5805],[124.38543,12.58081],[124.38468,12.58063],[124.384,12.58083],[124.38335,12.58085],[124.38295,12.58144],[124.38271,12.58121],[124.38207,12.58083],[124.38235,12.58068],[124.3825,12.58022],[124.38221,12.57974],[124.38197,12.57968],[124.38134,12.5798],[124.38125,12.57994],[124.38058,12.57966],[124.3802,12.58038],[124.37999,12.58094],[124.37966,12.5809],[124.37912,12.58129],[124.37894,12.58124],[124.37887,12.58082],[124.3784,12.58053],[124.37787,12.58081],[124.37743,12.58059],[124.37697,12.5807],[124.3768,12.58098],[124.37625,12.58122],[124.37615,12.58101],[124.37577,12.58117],[124.3757,12.5809],[124.37475,12.58076],[124.37501,12.58131],[124.37456,12.5816],[124.37403,12.58146],[124.37362,12.58211],[124.37343,12.58211],[124.37264,12.58276],[124.3728,12.58327],[124.37289,12.58392],[124.37275,12.58416],[124.37305,12.58466],[124.37254,12.58466],[124.37245,12.58498],[124.37168,12.58551],[124.37138,12.58555],[124.37107,12.58584],[124.37081,12.58583],[124.37059,12.58607],[124.36957,12.58611],[124.3692,12.58666],[124.369,12.58714],[124.36877,12.58742],[124.36835,12.58741],[124.3682,12.58765],[124.36754,12.58804],[124.36747,12.58817],[124.36663,12.58851],[124.36657,12.58867],[124.36583,12.58908],[124.36507,12.58934],[124.36481,12.58915],[124.36478,12.58878],[124.36434,12.58869],[124.36385,12.58844],[124.36362,12.58782],[124.36345,12.58775],[124.36318,12.5881],[124.36328,12.58851],[124.36319,12.58881],[124.3629,12.58901],[124.36289,12.58946],[124.36246,12.58964],[124.36172,12.5898],[124.36137,12.58976],[124.36097,12.58956],[124.36056,12.58952],[124.36021,12.58931],[124.35986,12.58947],[124.35927,12.58942],[124.3585,12.58955],[124.35811,12.58942],[124.35796,12.58919],[124.35748,12.58904],[124.35714,12.58881],[124.35651,12.58886],[124.35593,12.58844],[124.35603,12.58769],[124.35626,12.58708],[124.35598,12.58675],[124.35566,12.58716],[124.35533,12.58736],[124.35477,12.58803],[124.35417,12.5885],[124.3539,12.58842],[124.35394,12.58784],[124.35383,12.5877],[124.35392,12.58673],[124.35411,12.58615],[124.35437,12.58593],[124.35432,12.5852],[124.35451,12.5841],[124.35469,12.5835],[124.35479,12.58278],[124.35543,12.5809],[124.35566,12.58036],[124.35589,12.57939],[124.3561,12.57817],[124.35638,12.57708],[124.35665,12.57668],[124.35685,12.57584],[124.35713,12.57513],[124.35752,12.57444],[124.35839,12.5732],[124.35922,12.5725],[124.35915,12.57288],[124.35932,12.57305],[124.35974,12.57263],[124.35999,12.57223],[124.36069,12.57163],[124.36081,12.57114],[124.36112,12.57046],[124.36134,12.56966],[124.36191,12.56854],[124.36234,12.56738],[124.36236,12.56664],[124.36249,12.56561],[124.36238,12.56475],[124.36226,12.56422],[124.36224,12.56356],[124.3624,12.56335],[124.36296,12.56297],[124.36358,12.56265],[124.36428,12.56239],[124.36473,12.56229],[124.36563,12.56234],[124.3665,12.56218],[124.36734,12.56228],[124.3676,12.5622],[124.36889,12.56223],[124.36934,12.56239],[124.36961,12.56261],[124.37019,12.56285],[124.37045,12.56328],[124.37101,12.56357],[124.37166,12.56356],[124.37231,12.56395],[124.37269,12.56446],[124.37317,12.5654],[124.3735,12.56581],[124.37384,12.56566],[124.37403,12.56577],[124.3744,12.56554],[124.37446,12.56528],[124.37482,12.56506],[124.37559,12.56512],[124.37598,12.56507],[124.37635,12.56516],[124.37677,12.56557],[124.37652,12.56595],[124.37663,12.56626],[124.37715,12.56686],[124.3775,12.56696],[124.3778,12.56726],[124.37831,12.56752],[124.37945,12.56755],[124.37999,12.56765],[124.3802,12.56719],[124.38141,12.56775],[124.38205,12.56794],[124.38278,12.56831],[124.38301,12.56872],[124.38317,12.57001],[124.38314,12.57017],[124.38338,12.57085],[124.38385,12.57155],[124.38399,12.57217],[124.38415,12.57251]]],[[[124.32039,12.57084],[124.31988,12.57075],[124.31944,12.5704],[124.31905,12.56979],[124.31854,12.56948],[124.31829,12.56946],[124.31819,12.56838],[124.31869,12.56747],[124.31908,12.56712],[124.31915,12.56675],[124.31968,12.56586],[124.31974,12.56544],[124.31969,12.56496],[124.31934,12.56375],[124.3191,12.56316],[124.31938,12.5628],[124.31988,12.56256],[124.31971,12.56233],[124.32016,12.56189],[124.3216,12.56142],[124.32188,12.56153],[124.32217,12.56199],[124.32246,12.56298],[124.32277,12.56351],[124.32304,12.56417],[124.3231,12.56471],[124.32346,12.56565],[124.3235,12.5663],[124.32326,12.56686],[124.32296,12.56717],[124.32295,12.56766],[124.32232,12.56867],[124.32215,12.56869],[124.32202,12.56921],[124.32149,12.57011],[124.32069,12.57028],[124.32064,12.57071],[124.32039,12.57084]]],[[[124.38248,12.58526],[124.38169,12.58514],[124.38103,12.58484],[124.38015,12.58421],[124.38068,12.58403],[124.38092,12.58421],[124.38125,12.58371],[124.38197,12.5837],[124.38211,12.58439],[124.38232,12.58456],[124.38284,12.58465],[124.3832,12.58402],[124.38302,12.58356],[124.38367,12.58305],[124.3849,12.58232],[124.38543,12.58238],[124.38553,12.58266],[124.38545,12.58319],[124.38523,12.58329],[124.38468,12.58436],[124.38443,12.58464],[124.38395,12.58466],[124.38339,12.5851],[124.38296,12.58503],[124.38248,12.58526]]],[[[124.36381,12.594],[124.36411,12.59416],[124.36448,12.594],[124.3651,12.59424],[124.36531,12.59445],[124.3652,12.59496],[124.36558,12.59527],[124.36582,12.59501],[124.36579,12.59461],[124.3662,12.59456],[124.3666,12.59406],[124.36672,12.59338],[124.36715,12.59296],[124.36674,12.59243],[124.36697,12.59163],[124.36651,12.59178],[124.36626,12.59154],[124.36693,12.5913],[124.3667,12.59081],[124.36706,12.59044],[124.36705,12.58998],[124.36746,12.5895],[124.36817,12.58966],[124.3685,12.58912],[124.3689,12.5888],[124.36934,12.58864],[124.3699,12.58816],[124.37032,12.58808],[124.37058,12.58821],[124.37094,12.58815],[124.37159,12.58855],[124.37155,12.58802],[124.37232,12.58779],[124.37175,12.58758],[124.37168,12.58729],[124.37196,12.58693],[124.37202,12.58665],[124.37254,12.58649],[124.37379,12.58671],[124.3743,12.58657],[124.37467,12.58725],[124.37518,12.58722],[124.37573,12.58676],[124.37654,12.5866],[124.37738,12.58702],[124.37747,12.58726],[124.37796,12.58784],[124.3782,12.58826],[124.37837,12.58829],[124.37847,12.58911],[124.37819,12.58957],[124.37775,12.58956],[124.3773,12.58906],[124.37759,12.58818],[124.37723,12.58812],[124.37697,12.58826],[124.37681,12.58801],[124.37683,12.58765],[124.37618,12.58716],[124.37607,12.58697],[124.37561,12.58731],[124.37511,12.58745],[124.37492,12.5877],[124.37431,12.58769],[124.37435,12.58742],[124.37396,12.5873],[124.37367,12.58736],[124.37368,12.58777],[124.37325,12.58779],[124.37292,12.5881],[124.37293,12.58836],[124.37326,12.58858],[124.37295,12.58878],[124.37301,12.58902],[124.37366,12.58898],[124.37364,12.58937],[124.37391,12.59004],[124.37425,12.59024],[124.37444,12.59058],[124.37436,12.59084],[124.37476,12.59126],[124.37514,12.59136],[124.37541,12.59104],[124.37568,12.59135],[124.37538,12.59158],[124.37567,12.59222],[124.37516,12.59222],[124.37507,12.59268],[124.37532,12.59326],[124.37508,12.59388],[124.37517,12.59406],[124.37572,12.59378],[124.37598,12.59395],[124.37635,12.59366],[124.37638,12.59328],[124.37616,12.59303],[124.37663,12.59286],[124.37684,12.59326],[124.37713,12.59347],[124.37768,12.59353],[124.37786,12.59378],[124.3777,12.59442],[124.37825,12.59474],[124.378,12.59517],[124.37834,12.59551],[124.37797,12.59599],[124.37781,12.59638],[124.37901,12.59624],[124.37929,12.59608],[124.38041,12.59625],[124.38067,12.59607],[124.38063,12.59582],[124.38093,12.59565],[124.38129,12.59479],[124.38116,12.59419],[124.38136,12.594],[124.38142,12.59353],[124.3818,12.5934],[124.38156,12.5928],[124.38194,12.59222],[124.38238,12.59208],[124.38253,12.59184],[124.38237,12.59143],[124.38285,12.59134],[124.38314,12.59152],[124.38358,12.59103],[124.38395,12.59079],[124.38379,12.59024],[124.38406,12.58976],[124.38435,12.58959],[124.38475,12.58978],[124.38509,12.59014],[124.38567,12.59002],[124.38618,12.59002],[124.38619,12.58925],[124.38655,12.58893],[124.38687,12.58909],[124.38698,12.58849],[124.38726,12.58792],[124.38767,12.58825],[124.38802,12.5881],[124.38821,12.58834],[124.38849,12.58821],[124.38872,12.5874],[124.38898,12.58718],[124.38883,12.58679],[124.38854,12.58667],[124.38808,12.58725],[124.38781,12.58711],[124.38804,12.58681],[124.38769,12.58666],[124.38771,12.58611],[124.38727,12.58569],[124.38737,12.58531],[124.38713,12.58506],[124.38705,12.58456],[124.38672,12.58451],[124.38706,12.58399],[124.38762,12.58401],[124.3877,12.5837],[124.38813,12.5835],[124.3886,12.58385],[124.38944,12.58385],[124.38972,12.58372],[124.38988,12.58398],[124.3903,12.58424],[124.39025,12.58446],[124.39051,12.58488],[124.39101,12.58468],[124.39123,12.58406],[124.39177,12.58396],[124.3919,12.58378],[124.39149,12.5835],[124.39122,12.58302],[124.39127,12.58256],[124.39158,12.58232],[124.39139,12.58197],[124.3908,12.58191],[124.39051,12.58122],[124.39062,12.58098],[124.39124,12.58062],[124.39172,12.58016],[124.39206,12.58013],[124.39194,12.5806],[124.39212,12.58089],[124.39289,12.58135],[124.39322,12.58172],[124.39406,12.58182],[124.39391,12.58213],[124.39412,12.58239],[124.3945,12.58232],[124.39455,12.58269],[124.39505,12.58303],[124.39525,12.58332],[124.39573,12.5837],[124.39596,12.58415],[124.39681,12.5845],[124.39718,12.58506],[124.39752,12.58519],[124.39777,12.58572],[124.39801,12.58577],[124.39806,12.5861],[124.39846,12.58648],[124.39922,12.58762],[124.39981,12.58863],[124.39971,12.58892],[124.39969,12.58959],[124.39938,12.58993],[124.39929,12.59111],[124.39916,12.59137],[124.3996,12.59205],[124.39948,12.59242],[124.39921,12.59253],[124.39902,12.59302],[124.39871,12.59306],[124.39843,12.59332],[124.39813,12.59336],[124.39774,12.59368],[124.39744,12.59341],[124.39691,12.5939],[124.39665,12.59378],[124.39618,12.59451],[124.39566,12.59601],[124.3952,12.59689],[124.39477,12.59865],[124.39467,12.59924],[124.39441,12.59978],[124.39379,12.60045],[124.39339,12.60115],[124.39315,12.60219],[124.39335,12.60265],[124.39267,12.6029],[124.3923,12.60318],[124.39197,12.60412],[124.39174,12.60414],[124.39156,12.60464],[124.39119,12.60469],[124.39077,12.60498],[124.39088,12.60525],[124.39057,12.60558],[124.39062,12.60608],[124.39004,12.60591],[124.38967,12.60612],[124.389,12.60698],[124.38875,12.60721],[124.38846,12.60771],[124.38802,12.60815],[124.3875,12.60842],[124.38687,12.60886],[124.38619,12.60915],[124.38581,12.60942],[124.38614,12.6099],[124.38591,12.61012],[124.38564,12.60989],[124.38572,12.60967],[124.38538,12.60937],[124.38477,12.60976],[124.38444,12.61055],[124.38424,12.61068],[124.38408,12.61106],[124.38358,12.61171],[124.38274,12.61233],[124.38255,12.61276],[124.38294,12.61285],[124.38303,12.61319],[124.38227,12.61321],[124.38223,12.61339],[124.3818,12.61393],[124.38098,12.61461],[124.37989,12.61574],[124.37936,12.61604],[124.37899,12.61644],[124.37886,12.61616],[124.37777,12.61666],[124.37746,12.61703],[124.37706,12.61679],[124.37638,12.61681],[124.3759,12.6171],[124.37554,12.61743],[124.37481,12.61741],[124.37421,12.61761],[124.37365,12.6175],[124.37291,12.61779],[124.37272,12.6177],[124.3719,12.61764],[124.37157,12.6173],[124.37123,12.61665],[124.37114,12.61618],[124.37164,12.61604],[124.37186,12.61567],[124.37142,12.61568],[124.37133,12.61584],[124.37083,12.61569],[124.37056,12.61596],[124.37023,12.61607],[124.36993,12.61579],[124.3691,12.61598],[124.36891,12.61662],[124.36916,12.61703],[124.37001,12.61679],[124.37036,12.61643],[124.37079,12.61659],[124.37109,12.61733],[124.37123,12.61795],[124.37111,12.61849],[124.37079,12.61855],[124.37061,12.61892],[124.37094,12.61919],[124.37094,12.6194],[124.37053,12.61987],[124.37039,12.62021],[124.36966,12.62039],[124.3693,12.6202],[124.36931,12.62085],[124.36866,12.62127],[124.36837,12.62131],[124.36797,12.62159],[124.36799,12.62207],[124.36839,12.62244],[124.36814,12.6227],[124.36753,12.62306],[124.3674,12.62345],[124.36705,12.62363],[124.36684,12.62394],[124.36615,12.62442],[124.36568,12.62461],[124.3653,12.62488],[124.36481,12.62473],[124.36437,12.62442],[124.36338,12.62461],[124.36294,12.62495],[124.36213,12.62573],[124.36176,12.62618],[124.36126,12.62653],[124.3609,12.62661],[124.36044,12.62653],[124.35992,12.62662],[124.35958,12.62683],[124.35899,12.6276],[124.35871,12.62751],[124.35863,12.62716],[124.35864,12.62656],[124.35839,12.62596],[124.35866,12.62537],[124.35936,12.62488],[124.35923,12.6246],[124.35827,12.6245],[124.35774,12.62475],[124.35721,12.62544],[124.35693,12.62558],[124.35588,12.6254],[124.35539,12.62546],[124.35495,12.62537],[124.35467,12.62508],[124.35432,12.62424],[124.35419,12.62369],[124.35426,12.6228],[124.35457,12.6219],[124.35459,12.62122],[124.35489,12.62033],[124.35499,12.6197],[124.35487,12.61792],[124.35493,12.61709],[124.35519,12.61645],[124.35597,12.61509],[124.35654,12.61443],[124.35663,12.61392],[124.35657,12.61351],[124.35664,12.61294],[124.35686,12.61202],[124.35678,12.61114],[124.35679,12.61039],[124.35693,12.60989],[124.35705,12.60875],[124.35703,12.60817],[124.3569,12.60746],[124.35701,12.60608],[124.35688,12.60515],[124.35718,12.60382],[124.35724,12.60296],[124.35744,12.60238],[124.35728,12.60208],[124.3573,12.60166],[124.35787,12.60188],[124.35862,12.60102],[124.35861,12.60077],[124.35799,12.601],[124.35757,12.60101],[124.35739,12.60126],[124.35696,12.60115],[124.35695,12.60014],[124.35677,12.59929],[124.35648,12.59843],[124.35671,12.59786],[124.35702,12.59754],[124.35727,12.59754],[124.35755,12.59729],[124.35779,12.59731],[124.35803,12.59662],[124.35811,12.59592],[124.35832,12.59509],[124.35893,12.59488],[124.35958,12.59499],[124.35985,12.59479],[124.36075,12.59432],[124.36117,12.59429],[124.36166,12.59446],[124.36224,12.59482],[124.36243,12.59522],[124.36275,12.59524],[124.36282,12.59483],[124.36313,12.59484],[124.36315,12.59439],[124.36381,12.594]]]]}},{"type":"Feature","properties":{"code":"0802612000","name":"Lawaan","kind":"Municipality","provinceCode":"0802600000","province":"Eastern Samar","areaKm2":146,"labelPoint":[125.28833,11.18441]},"geometry":{"type":"Polygon","coordinates":[[[125.27635,11.28031],[125.25902,11.29836],[125.24634,11.31146],[125.2463,11.27397],[125.24577,11.2682],[125.24575,11.26801],[125.2465,11.25925],[125.24662,11.24484],[125.2469,11.21125],[125.2467,11.20347],[125.24516,11.17381],[125.24662,11.15892],[125.24096,11.15165],[125.24563,11.12995],[125.24596,11.12992],[125.24625,11.1296],[125.24607,11.12913],[125.24568,11.12866],[125.24613,11.12838],[125.24621,11.1282],[125.24616,11.12713],[125.24637,11.12675],[125.24678,11.12645],[125.2466,11.12609],[125.24632,11.126],[125.24593,11.12532],[125.24544,11.12421],[125.24565,11.12356],[125.24601,11.12315],[125.24662,11.12256],[125.24691,11.1226],[125.24734,11.12248],[125.24771,11.12208],[125.24786,11.12169],[125.24772,11.12097],[125.24788,11.12045],[125.24823,11.12029],[125.24858,11.12041],[125.24888,11.12095],[125.24942,11.12085],[125.24972,11.12056],[125.24971,11.12012],[125.24989,11.11969],[125.25012,11.11951],[125.25024,11.11882],[125.25055,11.1184],[125.25088,11.11821],[125.25151,11.1176],[125.25221,11.11747],[125.25346,11.11761],[125.25396,11.11761],[125.25437,11.11776],[125.25483,11.11804],[125.25561,11.11832],[125.256,11.11866],[125.25628,11.11874],[125.25714,11.11874],[125.25773,11.119],[125.2579,11.1196],[125.25777,11.12063],[125.25791,11.12111],[125.25879,11.1229],[125.25905,11.12314],[125.25927,11.12386],[125.2596,11.12447],[125.25975,11.12498],[125.26047,11.12617],[125.26062,11.12659],[125.26049,11.1272],[125.25993,11.12763],[125.25987,11.12817],[125.25938,11.12864],[125.25932,11.12918],[125.25973,11.12936],[125.26012,11.12874],[125.2602,11.12837],[125.26046,11.12834],[125.26082,11.1286],[125.26084,11.12907],[125.26105,11.12935],[125.26169,11.12986],[125.26217,11.13058],[125.26233,11.13117],[125.263,11.13231],[125.26331,11.13365],[125.26405,11.13472],[125.26515,11.13565],[125.26584,11.13614],[125.26693,11.13675],[125.26767,11.13689],[125.26786,11.13687],[125.2685,11.1372],[125.2695,11.13694],[125.26995,11.1369],[125.27059,11.13743],[125.27071,11.13774],[125.27104,11.13808],[125.27153,11.13823],[125.27236,11.1387],[125.27297,11.1386],[125.27365,11.13838],[125.27389,11.13794],[125.27371,11.13747],[125.27375,11.13701],[125.27359,11.13636],[125.2738,11.13611],[125.27387,11.13507],[125.27368,11.13459],[125.27394,11.1343],[125.27452,11.13385],[125.27496,11.13394],[125.27503,11.13437],[125.2754,11.1346],[125.27585,11.1354],[125.27693,11.13559],[125.27732,11.13581],[125.27732,11.13619],[125.27716,11.13667],[125.27724,11.13705],[125.27752,11.13734],[125.2787,11.13806],[125.27926,11.13826],[125.27972,11.13823],[125.28014,11.13847],[125.28071,11.13864],[125.28148,11.13874],[125.28232,11.13864],[125.28271,11.13882],[125.2835,11.13867],[125.28381,11.139],[125.28437,11.13922],[125.28453,11.13911],[125.28454,11.13871],[125.28475,11.13853],[125.28539,11.13851],[125.2863,11.13869],[125.28699,11.13918],[125.28751,11.13881],[125.28767,11.13881],[125.28842,11.13932],[125.28919,11.13975],[125.2901,11.14018],[125.29062,11.14018],[125.29083,11.14048],[125.29125,11.14052],[125.2916,11.14036],[125.29197,11.14062],[125.29224,11.14062],[125.29249,11.14093],[125.29238,11.14151],[125.29251,11.14164],[125.29296,11.14154],[125.29358,11.14144],[125.29389,11.14117],[125.29486,11.14134],[125.29515,11.14161],[125.2953,11.14214],[125.29582,11.1423],[125.29628,11.14231],[125.29694,11.14274],[125.29736,11.14289],[125.29811,11.14276],[125.2983,11.14255],[125.29816,11.1423],[125.29742,11.14159],[125.29744,11.14082],[125.29726,11.14038],[125.29686,11.14012],[125.29649,11.13959],[125.29636,11.1391],[125.29633,11.13841],[125.29707,11.13742],[125.29757,11.13741],[125.29775,11.13764],[125.29772,11.13795],[125.29829,11.13888],[125.29832,11.13928],[125.29852,11.13939],[125.29906,11.13909],[125.29923,11.13885],[125.2995,11.13863],[125.29949,11.13803],[125.3,11.13833],[125.30048,11.138],[125.30093,11.13772],[125.30116,11.13746],[125.30142,11.13765],[125.30158,11.13744],[125.30157,11.13662],[125.30197,11.13525],[125.3021,11.13445],[125.30205,11.13411],[125.30175,11.13365],[125.30181,11.13298],[125.30243,11.13209],[125.30302,11.13192],[125.30351,11.13192],[125.30401,11.13208],[125.30449,11.13243],[125.30473,11.13271],[125.30491,11.13239],[125.30532,11.13195],[125.30592,11.13174],[125.30597,11.13106],[125.30623,11.13093],[125.30659,11.13103],[125.30667,11.13055],[125.30714,11.13035],[125.30733,11.12986],[125.3077,11.12947],[125.30769,11.12913],[125.3074,11.12868],[125.30756,11.12836],[125.30828,11.12784],[125.30867,11.12745],[125.30922,11.12637],[125.30912,11.12601],[125.30943,11.12574],[125.3098,11.12505],[125.31017,11.12454],[125.31181,11.12411],[125.3127,11.12412],[125.31357,11.12439],[125.31464,11.12508],[125.31482,11.1253],[125.31477,11.12589],[125.315,11.1262],[125.31563,11.12567],[125.31619,11.12557],[125.31694,11.12577],[125.3171,11.12619],[125.31663,11.12648],[125.31651,11.12712],[125.31654,11.12783],[125.31706,11.12778],[125.31713,11.1284],[125.31735,11.12868],[125.31767,11.12843],[125.31826,11.12837],[125.31835,11.12768],[125.31815,11.12722],[125.31871,11.12706],[125.31934,11.12733],[125.3194,11.12638],[125.31966,11.12635],[125.31992,11.12592],[125.31938,11.12599],[125.31927,11.12563],[125.31902,11.12535],[125.31883,11.12485],[125.31886,11.12443],[125.31841,11.12424],[125.31824,11.12375],[125.31842,11.12357],[125.31878,11.12355],[125.31878,11.12307],[125.31841,11.123],[125.31808,11.12331],[125.31746,11.12315],[125.31699,11.12271],[125.31679,11.12183],[125.31704,11.12148],[125.31673,11.12113],[125.3166,11.12048],[125.31697,11.1197],[125.31702,11.11923],[125.3167,11.11926],[125.31657,11.11986],[125.31599,11.11997],[125.31551,11.11982],[125.31493,11.11941],[125.31486,11.11885],[125.31494,11.1186],[125.31596,11.11845],[125.31639,11.11879],[125.31678,11.11888],[125.31687,11.11859],[125.31671,11.11828],[125.31667,11.11772],[125.31695,11.11731],[125.31756,11.11734],[125.31822,11.11706],[125.31841,11.11669],[125.3192,11.1167],[125.31932,11.11691],[125.31921,11.11735],[125.31897,11.11755],[125.31906,11.11822],[125.31959,11.11821],[125.31984,11.11798],[125.31964,11.11748],[125.32,11.11715],[125.321,11.11708],[125.32159,11.11727],[125.32183,11.11702],[125.32246,11.11697],[125.32298,11.11682],[125.32365,11.11687],[125.32421,11.11709],[125.32441,11.11745],[125.3249,11.11744],[125.3249,11.11788],[125.32541,11.11762],[125.32596,11.11769],[125.32617,11.11828],[125.32638,11.11822],[125.32639,11.11782],[125.32712,11.11737],[125.32712,11.11719],[125.32758,11.11702],[125.32856,11.11759],[125.32887,11.118],[125.32916,11.11791],[125.32914,11.11756],[125.3293,11.11682],[125.32918,11.11651],[125.32963,11.11565],[125.32948,11.1152],[125.32958,11.115],[125.33046,11.11489],[125.3308,11.11517],[125.33148,11.11524],[125.33178,11.11505],[125.33221,11.11519],[125.33299,11.11596],[125.33352,11.11702],[125.33381,11.11726],[125.33401,11.11767],[125.33433,11.11775],[125.33457,11.11804],[125.33462,11.11835],[125.3349,11.11891],[125.335,11.11949],[125.33498,11.12023],[125.33465,11.12062],[125.3342,11.1209],[125.33407,11.12121],[125.33375,11.12114],[125.33338,11.12139],[125.33331,11.12199],[125.33388,11.1221],[125.33423,11.12201],[125.33518,11.12251],[125.33551,11.12242],[125.33585,11.12267],[125.33619,11.12232],[125.33683,11.12193],[125.33689,11.12227],[125.33721,11.12264],[125.33717,11.12286],[125.3379,11.1239],[125.33816,11.12392],[125.33878,11.12427],[125.3391,11.1248],[125.33917,11.12533],[125.33936,11.12571],[125.33989,11.12598],[125.33959,11.1266],[125.33997,11.12666],[125.34006,11.12741],[125.33993,11.12772],[125.34013,11.12803],[125.34038,11.12877],[125.34039,11.1293],[125.34018,11.12947],[125.34019,11.12978],[125.34052,11.12991],[125.34049,11.13062],[125.34031,11.13077],[125.34023,11.13123],[125.34057,11.13121],[125.34079,11.13147],[125.34022,11.13194],[125.34003,11.13243],[125.34042,11.13266],[125.34049,11.13301],[125.34072,11.1334],[125.34087,11.13423],[125.34121,11.13473],[125.34139,11.13539],[125.34139,11.13582],[125.34165,11.13625],[125.34222,11.13767],[125.34192,11.1454],[125.34131,11.15905],[125.34097,11.16697],[125.33173,11.18857],[125.31426,11.24024],[125.29404,11.26154],[125.27635,11.28031]]]}},{"type":"Feature","properties":{"code":"0802613000","name":"Llorente","kind":"Municipality","provinceCode":"0802600000","province":"Eastern Samar","areaKm2":286,"labelPoint":[125.51858,11.37501]},"geometry":{"type":"MultiPolygon","coordinates":[[[[125.48186,11.40191],[125.46208,11.39743],[125.44448,11.39321],[125.41333,11.38527],[125.3769,11.36891],[125.29521,11.3285],[125.28225,11.32209],[125.24634,11.31146],[125.28935,11.29801],[125.29521,11.29617],[125.35912,11.27619],[125.39289,11.3077],[125.44752,11.31362],[125.46648,11.31578],[125.48622,11.32058],[125.49426,11.32254],[125.50951,11.32629],[125.52227,11.33015],[125.54626,11.32996],[125.57835,11.34302],[125.6009,11.35136],[125.61132,11.3616],[125.61301,11.3635],[125.61982,11.36826],[125.61958,11.36834],[125.61902,11.36848],[125.61786,11.36891],[125.61712,11.36912],[125.61627,11.36943],[125.61472,11.36977],[125.61408,11.36985],[125.61269,11.36954],[125.61144,11.36917],[125.61045,11.36865],[125.60912,11.36825],[125.60746,11.36799],[125.60696,11.36804],[125.60569,11.3678],[125.6056,11.36727],[125.6052,11.36731],[125.60485,11.36706],[125.60473,11.36733],[125.60499,11.36772],[125.60472,11.36823],[125.6043,11.36851],[125.60411,11.36846],[125.6037,11.36867],[125.60365,11.36929],[125.60422,11.36962],[125.60442,11.37037],[125.60407,11.37109],[125.60361,11.37104],[125.60327,11.37061],[125.60259,11.37106],[125.60201,11.37159],[125.60139,11.37231],[125.60072,11.37243],[125.60051,11.37229],[125.60013,11.37178],[125.59999,11.37134],[125.59976,11.37128],[125.5992,11.3716],[125.59915,11.37221],[125.59884,11.37264],[125.59772,11.37291],[125.59751,11.37369],[125.59749,11.37496],[125.5976,11.3755],[125.59835,11.37645],[125.59867,11.37666],[125.59916,11.3767],[125.59965,11.37657],[125.60017,11.37662],[125.60042,11.37684],[125.60105,11.37689],[125.60115,11.3771],[125.60095,11.37757],[125.60129,11.37837],[125.60083,11.37889],[125.60056,11.37895],[125.60031,11.37934],[125.59928,11.38028],[125.59886,11.3807],[125.59885,11.38085],[125.59846,11.38141],[125.59813,11.38162],[125.59801,11.38194],[125.5971,11.38258],[125.59682,11.38285],[125.59555,11.38359],[125.59354,11.38445],[125.59315,11.38495],[125.59262,11.38629],[125.59245,11.38655],[125.59224,11.38717],[125.59194,11.38754],[125.5915,11.38754],[125.59103,11.388],[125.59098,11.38812],[125.58994,11.38851],[125.58946,11.38845],[125.58897,11.38795],[125.58881,11.38742],[125.58847,11.38726],[125.58821,11.38681],[125.58766,11.38683],[125.58748,11.38752],[125.58693,11.3878],[125.58658,11.38715],[125.58589,11.38718],[125.58601,11.38775],[125.58516,11.3877],[125.58502,11.38787],[125.58496,11.38844],[125.58479,11.38867],[125.58519,11.38901],[125.58512,11.38923],[125.58437,11.38952],[125.5848,11.3902],[125.58517,11.39038],[125.58543,11.39091],[125.58567,11.39103],[125.58676,11.39113],[125.58735,11.39126],[125.58803,11.39181],[125.58803,11.39216],[125.58786,11.39248],[125.58778,11.39328],[125.58762,11.39391],[125.58744,11.3943],[125.58699,11.39473],[125.58665,11.39526],[125.58633,11.39592],[125.58525,11.39709],[125.58498,11.39756],[125.58475,11.39766],[125.58452,11.39805],[125.58458,11.39851],[125.58417,11.39908],[125.58316,11.39911],[125.58288,11.39899],[125.58254,11.39905],[125.58206,11.39873],[125.58151,11.3986],[125.58141,11.39806],[125.58119,11.39798],[125.57992,11.3985],[125.57916,11.39901],[125.57852,11.39912],[125.57811,11.39891],[125.57777,11.39902],[125.57744,11.39871],[125.57733,11.3983],[125.57702,11.39796],[125.57671,11.39794],[125.57656,11.39822],[125.57573,11.39826],[125.57534,11.3981],[125.57484,11.39745],[125.5746,11.39678],[125.57433,11.39663],[125.57391,11.39616],[125.57364,11.39571],[125.57335,11.39565],[125.57301,11.39539],[125.57272,11.39507],[125.57255,11.39469],[125.57226,11.39519],[125.57185,11.39494],[125.57172,11.39432],[125.57144,11.39357],[125.57125,11.39344],[125.5707,11.39339],[125.57033,11.3931],[125.56971,11.39283],[125.56942,11.3926],[125.56885,11.39338],[125.56853,11.39353],[125.5679,11.39358],[125.5672,11.39379],[125.56692,11.39377],[125.56655,11.39341],[125.56629,11.39342],[125.56532,11.39376],[125.56481,11.39401],[125.5644,11.3936],[125.56371,11.39315],[125.5633,11.39324],[125.56314,11.39365],[125.56311,11.39411],[125.56328,11.39432],[125.56328,11.39465],[125.5628,11.39524],[125.56244,11.39607],[125.56214,11.39647],[125.56191,11.39659],[125.56178,11.39699],[125.56181,11.39751],[125.56163,11.39767],[125.56162,11.39814],[125.56203,11.39845],[125.56227,11.39929],[125.56304,11.39962],[125.56246,11.40015],[125.56244,11.40031],[125.56293,11.40109],[125.56343,11.40146],[125.56362,11.40136],[125.56392,11.40175],[125.56468,11.40237],[125.56494,11.40281],[125.56501,11.40344],[125.56531,11.404],[125.56604,11.40451],[125.56641,11.40453],[125.56702,11.40497],[125.56668,11.40531],[125.56628,11.40513],[125.56566,11.40526],[125.56527,11.40519],[125.56381,11.40557],[125.56332,11.40582],[125.56328,11.40672],[125.56266,11.40719],[125.56206,11.40717],[125.56185,11.40735],[125.56133,11.40734],[125.56118,11.4068],[125.56091,11.40654],[125.561,11.40602],[125.56055,11.40604],[125.56012,11.40585],[125.55981,11.40544],[125.55949,11.40526],[125.55919,11.40535],[125.55897,11.40511],[125.55848,11.40519],[125.55828,11.405],[125.55836,11.40459],[125.55791,11.40451],[125.55735,11.40416],[125.55669,11.40392],[125.55634,11.4036],[125.55593,11.40378],[125.55542,11.40414],[125.55493,11.40429],[125.55419,11.40467],[125.55406,11.40481],[125.55301,11.40544],[125.55269,11.40588],[125.55211,11.40647],[125.55169,11.40712],[125.55149,11.4073],[125.55004,11.40961],[125.54993,11.41],[125.54941,11.41107],[125.54914,11.41142],[125.54915,11.41165],[125.54882,11.41209],[125.54847,11.4132],[125.54832,11.41333],[125.54804,11.4143],[125.54785,11.41458],[125.54762,11.41538],[125.54769,11.41587],[125.54758,11.41605],[125.54762,11.41666],[125.54767,11.41741],[125.54809,11.4175],[125.54823,11.41797],[125.5488,11.41848],[125.54928,11.41847],[125.55001,11.41925],[125.55051,11.41966],[125.55067,11.42005],[125.55045,11.42074],[125.54973,11.42137],[125.54923,11.42152],[125.54912,11.42195],[125.54797,11.42213],[125.54789,11.42224],[125.54707,11.42251],[125.54648,11.42236],[125.54625,11.42258],[125.54587,11.42253],[125.5458,11.4229],[125.54555,11.42332],[125.54514,11.42358],[125.54445,11.42383],[125.5445,11.42408],[125.54411,11.42438],[125.54391,11.42432],[125.54343,11.42478],[125.54288,11.42481],[125.54217,11.42512],[125.54201,11.4252],[125.54157,11.42577],[125.5416,11.42603],[125.54131,11.42659],[125.54141,11.4267],[125.54109,11.42723],[125.54119,11.42761],[125.54102,11.42818],[125.54107,11.42919],[125.54089,11.42967],[125.54096,11.43024],[125.5408,11.4307],[125.54049,11.43103],[125.54017,11.43103],[125.53932,11.43046],[125.53875,11.43019],[125.53861,11.43048],[125.53887,11.43071],[125.53962,11.43115],[125.53966,11.43141],[125.53994,11.43164],[125.5401,11.43207],[125.54052,11.43269],[125.54099,11.43276],[125.54115,11.43297],[125.54168,11.43307],[125.54227,11.43343],[125.54261,11.43348],[125.54324,11.43412],[125.54322,11.43475],[125.543,11.43499],[125.5435,11.43577],[125.54348,11.4361],[125.54373,11.43666],[125.54367,11.43688],[125.54413,11.43726],[125.544,11.4374],[125.54402,11.43791],[125.54339,11.43776],[125.54284,11.43772],[125.54186,11.43712],[125.54169,11.43676],[125.54087,11.43673],[125.5407,11.43649],[125.5395,11.43614],[125.53922,11.43592],[125.53876,11.43596],[125.53778,11.4359],[125.537,11.4362],[125.53642,11.43665],[125.536,11.43664],[125.53517,11.43582],[125.5349,11.43587],[125.53416,11.43644],[125.53389,11.43679],[125.53319,11.4375],[125.53318,11.4382],[125.53281,11.43806],[125.53259,11.43774],[125.53202,11.43795],[125.53173,11.43823],[125.53034,11.43931],[125.53027,11.43943],[125.52953,11.4398],[125.52918,11.44006],[125.52867,11.44084],[125.52868,11.44112],[125.52897,11.44136],[125.52885,11.44194],[125.52903,11.44209],[125.52871,11.44252],[125.52901,11.4426],[125.52938,11.44336],[125.5291,11.44383],[125.52842,11.44391],[125.52809,11.44388],[125.52796,11.44428],[125.52836,11.44452],[125.52835,11.44488],[125.5287,11.44504],[125.52898,11.4448],[125.52919,11.44498],[125.52906,11.44547],[125.52878,11.44586],[125.52901,11.44622],[125.52892,11.44666],[125.5281,11.44749],[125.52823,11.44773],[125.52782,11.44802],[125.52773,11.44838],[125.52753,11.44854],[125.52733,11.44917],[125.52675,11.44961],[125.52344,11.44549],[125.52063,11.43154],[125.51969,11.42717],[125.51434,11.41984],[125.50143,11.41799],[125.48514,11.41853],[125.48186,11.40191]]],[[[125.55236,11.4395],[125.55198,11.4397],[125.55171,11.43962],[125.55157,11.43927],[125.5507,11.43888],[125.55054,11.4386],[125.55055,11.43813],[125.55025,11.43786],[125.54989,11.43735],[125.54981,11.43702],[125.55006,11.43653],[125.5501,11.43616],[125.54959,11.43511],[125.54935,11.43437],[125.54919,11.43366],[125.54877,11.43283],[125.54826,11.43217],[125.54806,11.43163],[125.54801,11.43122],[125.54811,11.43083],[125.54849,11.43057],[125.54905,11.43052],[125.54963,11.43076],[125.55024,11.43137],[125.55119,11.43218],[125.55225,11.43242],[125.5531,11.43252],[125.55396,11.43238],[125.55442,11.43246],[125.55704,11.43234],[125.55732,11.43213],[125.55751,11.43173],[125.55801,11.43164],[125.55866,11.43133],[125.55966,11.43105],[125.56093,11.43074],[125.56111,11.43108],[125.56069,11.43164],[125.56032,11.43186],[125.55956,11.43286],[125.55905,11.43359],[125.55859,11.43412],[125.55794,11.43466],[125.55708,11.43525],[125.55659,11.43585],[125.55645,11.43645],[125.55515,11.43752],[125.55497,11.43806],[125.55457,11.43846],[125.55408,11.43856],[125.55412,11.43876],[125.55356,11.43893],[125.55316,11.43916],[125.55286,11.43955],[125.55236,11.4395]]]]}},{"type":"Feature","properties":{"code":"0804824000","name":"Lope de Vega","kind":"Municipality","provinceCode":"0804800000","province":"Northern Samar","areaKm2":243,"labelPoint":[124.64224,12.29751]},"geometry":{"type":"Polygon","coordinates":[[[124.63855,12.3531],[124.63284,12.35575],[124.60899,12.36294],[124.59108,12.3613],[124.5847,12.36099],[124.57385,12.35323],[124.5715,12.34328],[124.56879,12.33283],[124.56226,12.32882],[124.55049,12.3298],[124.51506,12.33547],[124.51176,12.32659],[124.51666,12.31545],[124.53116,12.30354],[124.54582,12.29198],[124.55584,12.28411],[124.59497,12.25241],[124.59386,12.25422],[124.59377,12.25653],[124.59251,12.25772],[124.59298,12.26034],[124.59926,12.26189],[124.60206,12.26415],[124.60869,12.25919],[124.61705,12.25293],[124.60823,12.24242],[124.60888,12.24192],[124.61916,12.23396],[124.62653,12.22843],[124.63916,12.23202],[124.64856,12.2347],[124.64882,12.24307],[124.65745,12.24186],[124.6592,12.24449],[124.66395,12.25158],[124.67261,12.25417],[124.67746,12.24533],[124.68946,12.25778],[124.70963,12.27783],[124.726,12.2941],[124.733,12.33476],[124.73922,12.37089],[124.72918,12.41556],[124.69883,12.41166],[124.69835,12.40485],[124.6977,12.39646],[124.69652,12.38323],[124.69105,12.35679],[124.68833,12.35975],[124.68716,12.35733],[124.68826,12.35615],[124.68665,12.35224],[124.68525,12.35059],[124.68376,12.35163],[124.68334,12.34867],[124.68266,12.34844],[124.6639,12.34644],[124.66107,12.34611],[124.65022,12.34769],[124.63855,12.3531]]]}},{"type":"Feature","properties":{"code":"0804812000","name":"Mapanas","kind":"Municipality","provinceCode":"0804800000","province":"Northern Samar","areaKm2":132,"labelPoint":[125.18492,12.42943]},"geometry":{"type":"Polygon","coordinates":[[[125.26475,12.4736],[125.26447,12.47329],[125.26319,12.47262],[125.26254,12.47238],[125.26177,12.47274],[125.26058,12.47306],[125.25981,12.47343],[125.25957,12.47364],[125.25885,12.47386],[125.25886,12.47415],[125.25856,12.47451],[125.25763,12.47516],[125.25735,12.47568],[125.25696,12.47682],[125.25682,12.47749],[125.25686,12.4786],[125.25641,12.47884],[125.25687,12.47956],[125.25716,12.47984],[125.25758,12.48064],[125.25809,12.48133],[125.25859,12.48181],[125.25997,12.48234],[125.2608,12.48235],[125.26107,12.48273],[125.26183,12.48328],[125.26185,12.48361],[125.2621,12.48389],[125.26262,12.4842],[125.263,12.48386],[125.26302,12.48432],[125.26286,12.48453],[125.26341,12.48533],[125.26366,12.4854],[125.26368,12.48592],[125.26423,12.48713],[125.26473,12.48741],[125.26519,12.48801],[125.26571,12.48818],[125.26606,12.48812],[125.26612,12.48841],[125.26645,12.48853],[125.2666,12.48829],[125.26711,12.48829],[125.26762,12.48861],[125.26798,12.48861],[125.26826,12.48887],[125.26814,12.48909],[125.26759,12.48923],[125.26705,12.48872],[125.26567,12.4891],[125.2649,12.48965],[125.26288,12.48934],[125.26251,12.48937],[125.26188,12.48964],[125.26167,12.48964],[125.26144,12.48993],[125.26023,12.4904],[125.2597,12.49078],[125.25857,12.49175],[125.25754,12.49216],[125.25712,12.49243],[125.25662,12.49246],[125.25616,12.4926],[125.2558,12.49281],[125.25577,12.493],[125.25512,12.49325],[125.25455,12.49381],[125.25403,12.49446],[125.2537,12.49515],[125.25337,12.49618],[125.2533,12.49677],[125.25349,12.49737],[125.25386,12.49777],[125.2541,12.49757],[125.25441,12.49758],[125.25458,12.4978],[125.25432,12.49814],[125.25438,12.49841],[125.25371,12.4991],[125.25357,12.49943],[125.25307,12.49936],[125.25301,12.49918],[125.25359,12.49844],[125.25333,12.49822],[125.25251,12.49851],[125.25189,12.49861],[125.25137,12.49882],[125.25029,12.4997],[125.25011,12.50003],[125.24972,12.50034],[125.24945,12.50091],[125.24912,12.50091],[125.24885,12.50149],[125.24878,12.50208],[125.24902,12.50219],[125.24859,12.50254],[125.24788,12.50431],[125.24754,12.50472],[125.24728,12.50447],[125.24669,12.50448],[125.24544,12.50469],[125.24448,12.50477],[125.24379,12.5049],[125.24331,12.5052],[125.24227,12.5061],[125.24169,12.50698],[125.24135,12.50784],[125.24129,12.50832],[125.24093,12.50918],[125.24095,12.5096],[125.24076,12.50996],[125.24117,12.51109],[125.24186,12.51092],[125.24196,12.51119],[125.24149,12.51141],[125.24087,12.51195],[125.24023,12.51277],[125.24021,12.51298],[125.23979,12.51316],[125.23936,12.51358],[125.23931,12.5132],[125.23861,12.51309],[125.23911,12.5128],[125.23952,12.51268],[125.23882,12.51137],[125.2158,12.46512],[125.21576,12.46512],[125.16779,12.4635],[125.16715,12.46348],[125.13976,12.46254],[125.12558,12.46206],[125.10739,12.46139],[125.11801,12.45045],[125.13455,12.42979],[125.15009,12.41475],[125.1773,12.38844],[125.1908,12.37231],[125.20552,12.37565],[125.21007,12.37945],[125.20735,12.38513],[125.19655,12.39656],[125.21076,12.40265],[125.21099,12.40331],[125.21146,12.40335],[125.2121,12.40313],[125.21239,12.40279],[125.21316,12.40274],[125.21372,12.40307],[125.21483,12.40389],[125.21534,12.40368],[125.21695,12.40349],[125.21776,12.40344],[125.22005,12.40346],[125.22052,12.40325],[125.22128,12.40332],[125.2218,12.40394],[125.22274,12.4043],[125.223,12.40434],[125.2247,12.4042],[125.22628,12.40409],[125.22748,12.40486],[125.22774,12.40569],[125.22788,12.40708],[125.22801,12.40713],[125.22921,12.40761],[125.23011,12.4078],[125.23139,12.40837],[125.23208,12.4092],[125.23293,12.40968],[125.23373,12.40958],[125.23579,12.40949],[125.23676,12.40989],[125.23797,12.41103],[125.23862,12.41182],[125.23973,12.41248],[125.2418,12.41315],[125.24333,12.4134],[125.24379,12.41318],[125.24413,12.41265],[125.24437,12.41152],[125.24499,12.41013],[125.24562,12.40912],[125.2462,12.40853],[125.24702,12.40839],[125.24824,12.40838],[125.24956,12.4079],[125.25152,12.40684],[125.25305,12.40619],[125.25458,12.40518],[125.25563,12.40387],[125.25646,12.40198],[125.25725,12.40048],[125.26571,12.40886],[125.27633,12.41937],[125.27277,12.4317],[125.28775,12.46265],[125.29067,12.46572],[125.29105,12.46604],[125.2907,12.46637],[125.2901,12.46661],[125.29003,12.46721],[125.29019,12.46741],[125.29096,12.46739],[125.29127,12.46796],[125.29102,12.46807],[125.29102,12.46845],[125.29055,12.46903],[125.29027,12.46923],[125.2895,12.46947],[125.28936,12.46986],[125.28825,12.47025],[125.28817,12.46983],[125.28741,12.46974],[125.28693,12.46999],[125.28637,12.47005],[125.28605,12.47026],[125.28539,12.47032],[125.28492,12.47054],[125.2844,12.4711],[125.28403,12.47133],[125.28369,12.4715],[125.28316,12.47199],[125.28286,12.47265],[125.28255,12.47286],[125.28211,12.47351],[125.28183,12.47352],[125.28137,12.47382],[125.28076,12.4746],[125.27966,12.47477],[125.27909,12.47434],[125.27869,12.47446],[125.27785,12.47487],[125.2775,12.47524],[125.27744,12.4757],[125.27688,12.47551],[125.27668,12.47508],[125.27637,12.4751],[125.27525,12.47555],[125.27458,12.47595],[125.27425,12.476],[125.27395,12.47628],[125.27375,12.4769],[125.27413,12.47724],[125.27357,12.47764],[125.27311,12.47817],[125.27287,12.47816],[125.2727,12.47775],[125.27296,12.47739],[125.27185,12.47717],[125.27145,12.47716],[125.27005,12.4773],[125.26979,12.47748],[125.26874,12.47707],[125.26776,12.47632],[125.26771,12.47615],[125.26711,12.47563],[125.26677,12.47558],[125.26651,12.47497],[125.2662,12.47467],[125.2649,12.47375],[125.26475,12.4736]]]}},{"type":"Feature","properties":{"code":"0806010000","name":"Marabut","kind":"Municipality","provinceCode":"0806000000","province":"Samar Province","areaKm2":137,"labelPoint":[125.21054,11.24758]},"geometry":{"type":"Polygon","coordinates":[[[125.24352,11.09721],[125.24355,11.09757],[125.24392,11.09801],[125.24404,11.09834],[125.24411,11.09938],[125.24421,11.1],[125.24415,11.10064],[125.24417,11.10165],[125.24392,11.10231],[125.24379,11.10332],[125.2435,11.10368],[125.24361,11.10392],[125.24426,11.10398],[125.24443,11.10423],[125.24459,11.1056],[125.245,11.10643],[125.24532,11.10768],[125.24556,11.10826],[125.24556,11.10913],[125.24587,11.11039],[125.24565,11.11119],[125.24554,11.11283],[125.24562,11.11388],[125.2455,11.11462],[125.24548,11.11531],[125.24564,11.11689],[125.2456,11.11742],[125.24597,11.11819],[125.24562,11.11846],[125.24566,11.11877],[125.24635,11.11965],[125.24657,11.1202],[125.24621,11.12032],[125.2458,11.12095],[125.24569,11.12127],[125.2458,11.12168],[125.24654,11.12227],[125.24662,11.12256],[125.24601,11.12315],[125.24565,11.12356],[125.24544,11.12421],[125.24593,11.12532],[125.24632,11.126],[125.2466,11.12609],[125.24678,11.12645],[125.24637,11.12675],[125.24616,11.12713],[125.24621,11.1282],[125.24613,11.12838],[125.24568,11.12866],[125.24607,11.12913],[125.24625,11.1296],[125.24596,11.12992],[125.24563,11.12995],[125.24096,11.15165],[125.24662,11.15892],[125.24516,11.17381],[125.2467,11.20347],[125.2469,11.21125],[125.24662,11.24484],[125.2465,11.25925],[125.24575,11.26801],[125.24577,11.2682],[125.2463,11.27397],[125.24634,11.31146],[125.24815,11.31408],[125.21425,11.29234],[125.17921,11.27047],[125.16181,11.25959],[125.16341,11.25842],[125.16438,11.25747],[125.16481,11.25751],[125.1651,11.25775],[125.16557,11.2577],[125.16539,11.25711],[125.16554,11.25695],[125.16676,11.25642],[125.16731,11.25613],[125.16746,11.25569],[125.16793,11.25514],[125.16764,11.25496],[125.16745,11.25459],[125.16765,11.25447],[125.16841,11.25363],[125.16841,11.25339],[125.16814,11.25315],[125.1681,11.25282],[125.16769,11.25227],[125.16749,11.25168],[125.16759,11.25137],[125.16737,11.25053],[125.16743,11.25019],[125.16728,11.24921],[125.16786,11.24867],[125.16772,11.24839],[125.16814,11.24829],[125.16992,11.24713],[125.17093,11.2464],[125.17193,11.24561],[125.17243,11.24502],[125.17263,11.24456],[125.17231,11.24402],[125.17198,11.24391],[125.1722,11.24362],[125.1723,11.24287],[125.17177,11.2426],[125.17199,11.24225],[125.17226,11.24212],[125.17305,11.24126],[125.17283,11.24052],[125.17332,11.2404],[125.17393,11.23978],[125.17437,11.23923],[125.17504,11.23788],[125.17479,11.23734],[125.17482,11.23691],[125.17465,11.23651],[125.17452,11.23565],[125.17462,11.23491],[125.17494,11.23492],[125.17569,11.23455],[125.17657,11.23438],[125.17669,11.23454],[125.17715,11.23417],[125.17696,11.23389],[125.17687,11.23344],[125.17647,11.23306],[125.17651,11.23257],[125.17615,11.23248],[125.1758,11.2318],[125.17594,11.23146],[125.17563,11.23093],[125.17555,11.23051],[125.17573,11.2304],[125.17572,11.22942],[125.1754,11.22893],[125.17496,11.22921],[125.17471,11.229],[125.1748,11.2285],[125.17503,11.22846],[125.17513,11.22794],[125.17543,11.22754],[125.17499,11.22738],[125.17525,11.2265],[125.17573,11.22645],[125.1761,11.2266],[125.17638,11.2262],[125.17686,11.22637],[125.17737,11.22584],[125.17761,11.22519],[125.17796,11.22536],[125.17883,11.22538],[125.17886,11.22474],[125.17851,11.22492],[125.17807,11.22435],[125.17813,11.22413],[125.17822,11.22361],[125.17809,11.22311],[125.17814,11.22279],[125.17717,11.22227],[125.17676,11.22221],[125.17644,11.22235],[125.17623,11.22263],[125.17602,11.22208],[125.17604,11.22182],[125.17564,11.2212],[125.17497,11.22094],[125.17404,11.22148],[125.17376,11.2213],[125.17353,11.22034],[125.17379,11.22025],[125.17398,11.21974],[125.17426,11.21952],[125.17435,11.21906],[125.17422,11.21875],[125.17447,11.21845],[125.1744,11.21785],[125.17454,11.21763],[125.1749,11.2176],[125.17511,11.21723],[125.17545,11.21726],[125.17609,11.21667],[125.17596,11.21623],[125.1762,11.2162],[125.17618,11.21557],[125.17638,11.21561],[125.17694,11.2154],[125.17705,11.21622],[125.17769,11.21662],[125.17843,11.21674],[125.17897,11.21662],[125.18014,11.21668],[125.18099,11.2162],[125.18166,11.21559],[125.18192,11.21501],[125.18219,11.21523],[125.18226,11.2145],[125.18246,11.21414],[125.18259,11.21343],[125.18252,11.21283],[125.18187,11.21256],[125.18133,11.21263],[125.18121,11.21233],[125.18153,11.21158],[125.18152,11.21112],[125.1811,11.21089],[125.18072,11.21033],[125.18086,11.20971],[125.18064,11.20955],[125.18082,11.20939],[125.18145,11.20784],[125.1808,11.20735],[125.18108,11.20687],[125.18149,11.20686],[125.18175,11.207],[125.18202,11.20671],[125.1819,11.20639],[125.18151,11.20605],[125.18108,11.20541],[125.18091,11.2055],[125.18024,11.20526],[125.17992,11.20485],[125.18066,11.20418],[125.18055,11.20368],[125.18016,11.20347],[125.18019,11.2031],[125.17997,11.20233],[125.17971,11.20212],[125.17955,11.20182],[125.1798,11.20161],[125.1795,11.20133],[125.17952,11.20107],[125.17977,11.20078],[125.17989,11.20022],[125.1795,11.20048],[125.17905,11.20023],[125.17886,11.19985],[125.17896,11.19954],[125.17939,11.19963],[125.17948,11.19911],[125.17912,11.19884],[125.17905,11.19857],[125.17927,11.19813],[125.17954,11.19812],[125.17979,11.19836],[125.18024,11.19815],[125.18051,11.19822],[125.18132,11.19793],[125.18176,11.19745],[125.18203,11.19685],[125.18209,11.19626],[125.18132,11.19581],[125.18141,11.19546],[125.18222,11.19479],[125.18366,11.19415],[125.18491,11.19384],[125.18582,11.19349],[125.1868,11.19328],[125.18762,11.1929],[125.18776,11.19276],[125.18876,11.19217],[125.18956,11.19148],[125.18974,11.19096],[125.18976,11.1905],[125.18997,11.18992],[125.1904,11.18929],[125.19055,11.18853],[125.19075,11.18809],[125.19077,11.18768],[125.19135,11.18691],[125.19207,11.18565],[125.19257,11.18508],[125.19257,11.18471],[125.19328,11.18472],[125.19333,11.1845],[125.19384,11.18418],[125.19429,11.18375],[125.19466,11.18316],[125.19482,11.18261],[125.19477,11.18193],[125.19462,11.18118],[125.19487,11.18081],[125.19492,11.18045],[125.19475,11.17973],[125.1945,11.17911],[125.19449,11.17879],[125.19431,11.17825],[125.1943,11.17744],[125.19437,11.1769],[125.19498,11.17654],[125.19505,11.17601],[125.19431,11.175],[125.19377,11.17339],[125.19382,11.17315],[125.1937,11.17255],[125.1937,11.17195],[125.19381,11.17155],[125.19428,11.17123],[125.19457,11.17074],[125.19456,11.17028],[125.19407,11.16936],[125.19404,11.16878],[125.19447,11.16783],[125.19463,11.16724],[125.19465,11.16686],[125.19502,11.16621],[125.19496,11.16578],[125.19468,11.16467],[125.1948,11.16383],[125.19478,11.16353],[125.19503,11.16333],[125.19518,11.16271],[125.19506,11.16222],[125.1954,11.16147],[125.19575,11.16134],[125.19636,11.16139],[125.19698,11.16109],[125.19782,11.16057],[125.19817,11.16021],[125.19868,11.16002],[125.19872,11.15955],[125.19862,11.15916],[125.19836,11.15906],[125.19819,11.15874],[125.19828,11.15803],[125.19843,11.15799],[125.19862,11.15673],[125.19857,11.15632],[125.19872,11.15599],[125.19841,11.15573],[125.19866,11.15547],[125.19912,11.15553],[125.19938,11.15525],[125.19879,11.1542],[125.1991,11.15347],[125.19923,11.15293],[125.19952,11.15266],[125.20045,11.15244],[125.2005,11.15192],[125.20023,11.15179],[125.20028,11.15151],[125.2006,11.15129],[125.20106,11.14981],[125.20072,11.1491],[125.20071,11.14851],[125.20052,11.14783],[125.20014,11.14753],[125.2004,11.14715],[125.20027,11.14677],[125.20051,11.14639],[125.20086,11.14629],[125.20129,11.14558],[125.20193,11.145],[125.20217,11.14489],[125.20249,11.14443],[125.20272,11.14456],[125.2035,11.1441],[125.20385,11.14364],[125.20407,11.14305],[125.20459,11.14264],[125.20422,11.14195],[125.20399,11.14197],[125.20382,11.14161],[125.20392,11.14151],[125.20368,11.14092],[125.20367,11.14041],[125.20345,11.13962],[125.20285,11.13884],[125.2028,11.13859],[125.20221,11.13805],[125.20185,11.13794],[125.20162,11.13749],[125.20192,11.13741],[125.20196,11.13694],[125.20227,11.13644],[125.20231,11.13593],[125.20221,11.13549],[125.20219,11.13486],[125.20227,11.13423],[125.2025,11.13401],[125.20261,11.13367],[125.20308,11.1332],[125.2039,11.13314],[125.20436,11.13302],[125.20499,11.13259],[125.20516,11.13213],[125.20557,11.1315],[125.20549,11.12993],[125.20563,11.12969],[125.20631,11.12946],[125.20645,11.12926],[125.20714,11.12897],[125.20835,11.12897],[125.20854,11.1284],[125.20845,11.12808],[125.20804,11.12789],[125.20809,11.12748],[125.20868,11.12756],[125.20894,11.12737],[125.20885,11.12693],[125.20894,11.1267],[125.20863,11.1264],[125.20863,11.1259],[125.20788,11.12488],[125.20754,11.12477],[125.20691,11.12435],[125.20634,11.12429],[125.20488,11.12449],[125.20426,11.12445],[125.20326,11.12473],[125.20234,11.12482],[125.20167,11.1247],[125.20176,11.12443],[125.20217,11.12402],[125.20283,11.12377],[125.20435,11.12357],[125.20531,11.12325],[125.20677,11.12236],[125.20784,11.12202],[125.20822,11.12168],[125.2084,11.12135],[125.20873,11.12122],[125.20938,11.12116],[125.20984,11.12103],[125.21012,11.1207],[125.21014,11.12027],[125.20972,11.11987],[125.20975,11.1195],[125.21006,11.11906],[125.21057,11.11915],[125.21057,11.11866],[125.21106,11.11821],[125.21087,11.11795],[125.21117,11.11736],[125.21171,11.11686],[125.21195,11.11674],[125.21229,11.11618],[125.21221,11.11567],[125.21176,11.11548],[125.21108,11.11561],[125.21024,11.11615],[125.20975,11.11671],[125.20941,11.11678],[125.20878,11.11665],[125.20806,11.1168],[125.2075,11.11715],[125.20625,11.1174],[125.20563,11.11727],[125.20442,11.11715],[125.20433,11.11682],[125.20475,11.11638],[125.2051,11.11578],[125.20565,11.11519],[125.2059,11.11472],[125.20651,11.11414],[125.20667,11.11412],[125.20816,11.115],[125.20876,11.11502],[125.20938,11.11477],[125.20993,11.11431],[125.20985,11.1139],[125.20948,11.11383],[125.20949,11.1136],[125.21012,11.1135],[125.21036,11.11329],[125.21052,11.11263],[125.21013,11.11185],[125.21019,11.11166],[125.21109,11.11145],[125.21127,11.11125],[125.21137,11.11083],[125.2113,11.11015],[125.21156,11.10985],[125.2118,11.10934],[125.21182,11.10892],[125.21165,11.10822],[125.21178,11.10773],[125.2122,11.10762],[125.21208,11.10738],[125.21207,11.10694],[125.21189,11.10677],[125.21145,11.1068],[125.21121,11.10735],[125.21065,11.10758],[125.21007,11.10752],[125.20901,11.1073],[125.20827,11.10753],[125.20763,11.10743],[125.20727,11.10694],[125.2072,11.10623],[125.20812,11.10451],[125.20892,11.10258],[125.2092,11.10171],[125.20956,11.10099],[125.20949,11.10073],[125.2091,11.10032],[125.20931,11.09993],[125.20903,11.09916],[125.20929,11.09809],[125.20974,11.09785],[125.21041,11.09737],[125.21112,11.09726],[125.21154,11.09703],[125.21231,11.09677],[125.2133,11.09677],[125.21356,11.09698],[125.21387,11.09764],[125.2144,11.09771],[125.21469,11.09731],[125.21545,11.09666],[125.21614,11.09654],[125.21693,11.09608],[125.21725,11.09581],[125.21775,11.09516],[125.21788,11.09487],[125.21904,11.09454],[125.21989,11.09408],[125.2203,11.09365],[125.22063,11.09289],[125.22076,11.09241],[125.22104,11.092],[125.22148,11.09163],[125.22305,11.09109],[125.22356,11.09108],[125.22388,11.0908],[125.22448,11.0908],[125.22562,11.09066],[125.22608,11.09054],[125.22669,11.09024],[125.2276,11.08951],[125.23049,11.08803],[125.23113,11.08796],[125.23153,11.08776],[125.2327,11.0867],[125.23431,11.08596],[125.23478,11.08586],[125.23529,11.08593],[125.23584,11.08641],[125.23628,11.08743],[125.23753,11.08819],[125.23815,11.09005],[125.23874,11.09114],[125.23911,11.09158],[125.23961,11.09178],[125.24091,11.0917],[125.24119,11.0918],[125.24193,11.09239],[125.24252,11.09303],[125.24292,11.0939],[125.24327,11.09454],[125.24343,11.09502],[125.24353,11.09641],[125.24352,11.09721]]]}},{"type":"Feature","properties":{"code":"0802614000","name":"Maslog","kind":"Municipality","provinceCode":"0802600000","province":"Eastern Samar","areaKm2":304,"labelPoint":[125.18783,12.15241]},"geometry":{"type":"Polygon","coordinates":[[[125.25716,12.13778],[125.30988,12.15287],[125.30445,12.18607],[125.2617,12.19214],[125.25955,12.20333],[125.24969,12.2244],[125.22779,12.22844],[125.15555,12.20628],[125.12742,12.17881],[125.12645,12.12897],[125.12645,12.12854],[125.12541,12.07504],[125.13187,12.048],[125.13635,12.02967],[125.14156,12.00963],[125.19247,12.00367],[125.22279,12.00064],[125.22279,12.02467],[125.22279,12.04793],[125.22272,12.09806],[125.24513,12.12691],[125.24852,12.13168],[125.25716,12.13778]]]}},{"type":"Feature","properties":{"code":"0806011000","name":"Matuguinao","kind":"Municipality","provinceCode":"0806000000","province":"Samar Province","areaKm2":375,"labelPoint":[124.93773,12.17193]},"geometry":{"type":"Polygon","coordinates":[[[124.93011,12.11249],[124.94975,12.11182],[124.96279,12.11207],[125.02447,12.13957],[125.07747,12.16258],[125.09021,12.16478],[125.10106,12.16531],[125.11443,12.16896],[125.11558,12.17074],[125.12742,12.17881],[125.15555,12.20628],[125.16829,12.2829],[125.1508,12.28521],[125.12956,12.28486],[125.12259,12.28474],[125.11635,12.28358],[125.1109,12.28101],[125.09332,12.2727],[125.05271,12.25352],[125.03968,12.24709],[125.03602,12.24528],[125.01964,12.24043],[124.99363,12.2307],[124.98355,12.22931],[124.98348,12.22915],[124.97508,12.22787],[124.95949,12.22895],[124.94865,12.23054],[124.9395,12.23362],[124.9291,12.23562],[124.92217,12.23861],[124.91142,12.24561],[124.90727,12.25233],[124.90075,12.23328],[124.89046,12.21085],[124.88593,12.20276],[124.87908,12.18744],[124.86832,12.16527],[124.86418,12.15534],[124.86184,12.14976],[124.85798,12.13755],[124.86542,12.12581],[124.87213,12.11851],[124.88214,12.11422],[124.89104,12.11278],[124.93011,12.11249]]]}},{"type":"Feature","properties":{"code":"0802615000","name":"Maydolong","kind":"Municipality","provinceCode":"0802600000","province":"Eastern Samar","areaKm2":190,"labelPoint":[125.35248,11.4525]},"geometry":{"type":"Polygon","coordinates":[[[125.45725,11.51534],[125.45712,11.51446],[125.45684,11.51408],[125.45175,11.51022],[125.45081,11.50954],[125.44979,11.5081],[125.44943,11.50778],[125.44896,11.50755],[125.44752,11.50701],[125.44459,11.50572],[125.44369,11.50555],[125.44232,11.5057],[125.43932,11.50543],[125.4379,11.50506],[125.4364,11.50444],[125.43491,11.50346],[125.43391,11.50273],[125.43301,11.5016],[125.43244,11.5011],[125.43144,11.49917],[125.43096,11.49882],[125.43055,11.49874],[125.42986,11.49887],[125.42936,11.49954],[125.42943,11.50046],[125.43058,11.50312],[125.43067,11.50359],[125.43033,11.50412],[125.4298,11.50432],[125.42929,11.50436],[125.42821,11.50416],[125.42767,11.5038],[125.42732,11.50327],[125.42687,11.50207],[125.42629,11.50163],[125.42568,11.50138],[125.42476,11.5013],[125.42435,11.50148],[125.42375,11.50211],[125.42341,11.50295],[125.42324,11.50411],[125.42299,11.50497],[125.42234,11.50541],[125.4217,11.50548],[125.42113,11.50541],[125.42006,11.50488],[125.41944,11.50447],[125.41836,11.50313],[125.41794,11.50279],[125.41761,11.50229],[125.41718,11.50077],[125.41723,11.49965],[125.41757,11.49878],[125.41782,11.49841],[125.41798,11.4978],[125.41827,11.49749],[125.42058,11.49682],[125.42101,11.49644],[125.42112,11.49616],[125.42101,11.4955],[125.4207,11.49477],[125.41976,11.49357],[125.41958,11.49285],[125.41955,11.49224],[125.41967,11.49102],[125.41981,11.49032],[125.42011,11.48981],[125.42046,11.48943],[125.421,11.48908],[125.42167,11.4888],[125.42197,11.48784],[125.42179,11.48715],[125.42158,11.48676],[125.42075,11.48607],[125.42022,11.48581],[125.4194,11.48575],[125.41898,11.48559],[125.41778,11.4846],[125.41662,11.48372],[125.41592,11.48357],[125.41331,11.48367],[125.41245,11.48352],[125.41134,11.48309],[125.41041,11.4828],[125.40886,11.48184],[125.40823,11.48125],[125.40751,11.48015],[125.40723,11.47925],[125.40695,11.47877],[125.40662,11.4787],[125.40605,11.47887],[125.4054,11.47922],[125.405,11.47962],[125.40483,11.48005],[125.40508,11.48053],[125.40487,11.48105],[125.40458,11.48147],[125.4045,11.48194],[125.40487,11.48278],[125.40509,11.48308],[125.40519,11.48354],[125.40509,11.48463],[125.40481,11.48564],[125.40462,11.48597],[125.40385,11.4866],[125.40312,11.48699],[125.40274,11.48744],[125.40207,11.48788],[125.4015,11.48803],[125.40115,11.48784],[125.40104,11.48755],[125.39957,11.48594],[125.39809,11.48504],[125.39732,11.48452],[125.39664,11.48436],[125.39623,11.4844],[125.39441,11.48531],[125.39339,11.48551],[125.39286,11.48572],[125.39242,11.48636],[125.39222,11.48688],[125.39194,11.48707],[125.39141,11.48718],[125.39061,11.48719],[125.38793,11.48642],[125.38655,11.48585],[125.38556,11.48585],[125.38448,11.48598],[125.38354,11.48635],[125.38292,11.48686],[125.38103,11.48868],[125.37978,11.48932],[125.37837,11.48997],[125.37718,11.49006],[125.37683,11.48989],[125.37657,11.48952],[125.37636,11.48861],[125.3769,11.4871],[125.37693,11.48664],[125.3768,11.48564],[125.37595,11.48484],[125.37437,11.48441],[125.3734,11.48383],[125.37281,11.48319],[125.3727,11.48255],[125.37292,11.48197],[125.37288,11.48103],[125.37304,11.48033],[125.37305,11.47984],[125.37271,11.47902],[125.37206,11.4786],[125.37143,11.47889],[125.37062,11.47892],[125.37011,11.47906],[125.36957,11.47958],[125.36894,11.48041],[125.36778,11.4824],[125.36695,11.48355],[125.36622,11.48466],[125.3656,11.48522],[125.36397,11.48632],[125.36337,11.48724],[125.36273,11.48781],[125.36179,11.48839],[125.3611,11.48907],[125.3596,11.48972],[125.35826,11.49107],[125.35796,11.4913],[125.35711,11.4914],[125.35614,11.4911],[125.35538,11.49055],[125.35462,11.49057],[125.35406,11.49081],[125.35312,11.49146],[125.35252,11.49167],[125.35228,11.49186],[125.35156,11.49308],[125.351,11.49367],[125.35017,11.49378],[125.34981,11.49392],[125.3487,11.49415],[125.34783,11.49405],[125.34678,11.49408],[125.34608,11.49382],[125.34569,11.49334],[125.34523,11.49301],[125.34509,11.49268],[125.3448,11.49247],[125.34399,11.49252],[125.3429,11.49314],[125.34218,11.49334],[125.34155,11.49387],[125.34122,11.49392],[125.34072,11.49372],[125.34011,11.49263],[125.33972,11.49219],[125.33919,11.49183],[125.33823,11.49072],[125.33775,11.4904],[125.33728,11.49022],[125.3362,11.48967],[125.33459,11.48838],[125.33338,11.48645],[125.33231,11.48499],[125.33201,11.48474],[125.33106,11.48453],[125.32878,11.48416],[125.32758,11.48391],[125.32671,11.48393],[125.32542,11.4844],[125.3246,11.48449],[125.32428,11.48428],[125.32418,11.48369],[125.32422,11.48215],[125.32445,11.48124],[125.32462,11.48087],[125.32509,11.48038],[125.32562,11.47966],[125.32576,11.47889],[125.32598,11.47836],[125.32668,11.47703],[125.3275,11.47589],[125.32776,11.47545],[125.32805,11.47453],[125.32806,11.47397],[125.32795,11.47343],[125.32772,11.4729],[125.3273,11.47254],[125.32676,11.47228],[125.32596,11.47229],[125.3255,11.47244],[125.32506,11.47273],[125.32429,11.47354],[125.32357,11.47459],[125.32262,11.47557],[125.32149,11.47662],[125.32022,11.47748],[125.31915,11.47828],[125.31834,11.47873],[125.31745,11.47892],[125.31677,11.47878],[125.31575,11.4782],[125.31504,11.47756],[125.31388,11.4766],[125.31314,11.47625],[125.31275,11.47618],[125.31185,11.4762],[125.31152,11.47609],[125.31103,11.47558],[125.31048,11.4747],[125.31024,11.47382],[125.31026,11.47318],[125.3099,11.4728],[125.30912,11.47283],[125.30845,11.4731],[125.30779,11.47355],[125.30752,11.47425],[125.30711,11.47476],[125.30686,11.47486],[125.30588,11.47471],[125.30545,11.47439],[125.30443,11.47407],[125.30328,11.4738],[125.30221,11.47372],[125.30089,11.47384],[125.2998,11.47398],[125.29934,11.47446],[125.2985,11.47514],[125.29762,11.47548],[125.29695,11.47545],[125.29548,11.47515],[125.29435,11.47496],[125.29427,11.4747],[125.29372,11.47413],[125.29301,11.47376],[125.29197,11.47354],[125.29143,11.47335],[125.2906,11.4732],[125.29026,11.47298],[125.29007,11.47304],[125.28998,11.47341],[125.2901,11.47439],[125.29059,11.47642],[125.29071,11.47761],[125.29031,11.47836],[125.28971,11.47889],[125.28922,11.47895],[125.28853,11.47859],[125.28814,11.4782],[125.28735,11.47787],[125.28674,11.47745],[125.28405,11.47685],[125.28311,11.47694],[125.2825,11.47711],[125.2815,11.47783],[125.28113,11.47824],[125.28054,11.47857],[125.2803,11.4792],[125.2798,11.48238],[125.27983,11.48339],[125.27971,11.48421],[125.27866,11.4856],[125.27756,11.48659],[125.27687,11.48695],[125.27619,11.487],[125.27485,11.48679],[125.27359,11.4865],[125.27301,11.48616],[125.27255,11.48572],[125.27212,11.48556],[125.27142,11.48558],[125.27049,11.48606],[125.26956,11.4863],[125.26922,11.48676],[125.26907,11.48735],[125.26909,11.48782],[125.26939,11.48823],[125.27038,11.48893],[125.27062,11.4894],[125.27064,11.48977],[125.27034,11.49003],[125.26983,11.49005],[125.2692,11.4899],[125.26873,11.48957],[125.26762,11.48844],[125.26678,11.48788],[125.26597,11.48711],[125.26455,11.48613],[125.26407,11.48568],[125.26372,11.48498],[125.26323,11.48445],[125.2631,11.48415],[125.26283,11.48406],[125.26225,11.48422],[125.26214,11.48492],[125.26225,11.48557],[125.26205,11.48603],[125.26164,11.48632],[125.26105,11.48614],[125.26044,11.48564],[125.25985,11.48529],[125.25955,11.48498],[125.25898,11.48464],[125.25814,11.48437],[125.25623,11.48431],[125.25517,11.48408],[125.25303,11.48337],[125.25211,11.483],[125.25105,11.48226],[125.25037,11.48152],[125.24928,11.47976],[125.24813,11.47635],[125.24802,11.47525],[125.24774,11.47468],[125.24746,11.47433],[125.24731,11.47387],[125.24721,11.4725],[125.24707,11.47192],[125.24675,11.4715],[125.24583,11.47083],[125.24432,11.47018],[125.24395,11.46992],[125.24375,11.46954],[125.24366,11.46887],[125.24397,11.46742],[125.24393,11.466],[125.24379,11.46513],[125.24375,11.4636],[125.24367,11.4631],[125.24337,11.46288],[125.24259,11.46272],[125.24218,11.46271],[125.24196,11.46294],[125.24193,11.46343],[125.24221,11.46434],[125.24209,11.46477],[125.24158,11.4651],[125.24112,11.46501],[125.24093,11.46418],[125.24048,11.46432],[125.24033,11.46526],[125.2398,11.46536],[125.2391,11.46492],[125.23855,11.46409],[125.23794,11.46355],[125.23784,11.4633],[125.23806,11.46282],[125.23795,11.46258],[125.23704,11.46233],[125.2367,11.46207],[125.23626,11.46193],[125.23598,11.46211],[125.236,11.46248],[125.2362,11.46289],[125.2359,11.4638],[125.2359,11.46457],[125.23574,11.465],[125.23472,11.4662],[125.23465,11.46663],[125.2349,11.46764],[125.23509,11.46799],[125.23547,11.46839],[125.23567,11.46891],[125.23566,11.46935],[125.23494,11.46968],[125.23377,11.46952],[125.23281,11.46902],[125.23253,11.46843],[125.23285,11.46767],[125.23261,11.46705],[125.23182,11.46642],[125.23069,11.46649],[125.23018,11.46644],[125.22959,11.46604],[125.22883,11.46572],[125.22865,11.46541],[125.22895,11.46475],[125.22966,11.46429],[125.22999,11.46399],[125.23002,11.46347],[125.22983,11.46314],[125.22936,11.46299],[125.22722,11.46338],[125.22686,11.46357],[125.22668,11.46457],[125.22618,11.46488],[125.22593,11.46474],[125.22571,11.46429],[125.2254,11.46426],[125.22507,11.46447],[125.22442,11.46519],[125.22398,11.46542],[125.22361,11.46543],[125.22322,11.46504],[125.22293,11.46434],[125.22186,11.46295],[125.22157,11.46267],[125.22122,11.46267],[125.22085,11.46291],[125.22097,11.46337],[125.2213,11.46412],[125.22028,11.46444],[125.21982,11.46474],[125.21963,11.46498],[125.21979,11.46552],[125.22021,11.46576],[125.22146,11.46627],[125.22154,11.46672],[125.22138,11.46713],[125.22099,11.46733],[125.22049,11.46796],[125.22045,11.46845],[125.21994,11.46893],[125.21926,11.46845],[125.21866,11.46837],[125.21824,11.46857],[125.21768,11.46863],[125.21724,11.46906],[125.21734,11.46974],[125.2178,11.47057],[125.21777,11.47182],[125.21722,11.47212],[125.21632,11.47227],[125.21583,11.47215],[125.21574,11.47181],[125.21528,11.47158],[125.21474,11.47153],[125.2142,11.47111],[125.21329,11.47111],[125.21505,11.46283],[125.22075,11.44615],[125.24267,11.43326],[125.28566,11.42253],[125.29984,11.40656],[125.33664,11.41417],[125.41409,11.43826],[125.42243,11.45384],[125.44259,11.46124],[125.45335,11.46536],[125.46793,11.46581],[125.47585,11.4679],[125.48677,11.47635],[125.48789,11.48566],[125.49581,11.48973],[125.49668,11.48978],[125.49715,11.48949],[125.49747,11.48959],[125.49788,11.48939],[125.49824,11.49001],[125.49917,11.49038],[125.49933,11.48984],[125.49988,11.48923],[125.50026,11.48935],[125.50072,11.48847],[125.50059,11.48801],[125.50096,11.48785],[125.50062,11.48717],[125.50125,11.48738],[125.50151,11.48718],[125.50129,11.48694],[125.50156,11.48674],[125.50202,11.48703],[125.50197,11.48641],[125.5024,11.48644],[125.50256,11.48682],[125.50287,11.48666],[125.5029,11.48617],[125.50322,11.48619],[125.50335,11.48658],[125.50307,11.48693],[125.50341,11.4872],[125.50371,11.48711],[125.5041,11.48568],[125.50439,11.48565],[125.50506,11.48633],[125.50584,11.4864],[125.50615,11.48624],[125.50613,11.48585],[125.50691,11.48562],[125.50722,11.48604],[125.5077,11.48636],[125.50808,11.48601],[125.50878,11.48584],[125.50905,11.48524],[125.50869,11.48435],[125.50948,11.48423],[125.50996,11.48389],[125.51043,11.48385],[125.51057,11.48384],[125.51142,11.48328],[125.51186,11.48317],[125.51297,11.48258],[125.5135,11.48279],[125.51336,11.48347],[125.51313,11.48392],[125.51332,11.48454],[125.51298,11.48534],[125.51322,11.48661],[125.51314,11.48692],[125.51351,11.48822],[125.51394,11.48893],[125.51422,11.4892],[125.51526,11.48968],[125.51565,11.49011],[125.51503,11.49122],[125.51497,11.49187],[125.515,11.49288],[125.51466,11.49322],[125.51432,11.49419],[125.51393,11.49475],[125.51364,11.49487],[125.51281,11.49645],[125.51262,11.49656],[125.51203,11.49706],[125.51169,11.49772],[125.51107,11.49755],[125.51079,11.49764],[125.51078,11.498],[125.51033,11.49824],[125.51032,11.49925],[125.50966,11.49979],[125.50967,11.50001],[125.50913,11.50037],[125.50864,11.50106],[125.50845,11.50156],[125.5085,11.50206],[125.50798,11.50275],[125.50676,11.50359],[125.50635,11.5037],[125.50621,11.50408],[125.50592,11.50436],[125.5051,11.50403],[125.50511,11.50363],[125.50423,11.50291],[125.50382,11.50272],[125.50273,11.50236],[125.50192,11.5023],[125.5013,11.50233],[125.50125,11.50252],[125.50051,11.50302],[125.49988,11.50306],[125.49986,11.50392],[125.49967,11.50453],[125.49932,11.50496],[125.49891,11.50515],[125.49871,11.50557],[125.49844,11.50568],[125.49824,11.50608],[125.49787,11.50605],[125.49752,11.50642],[125.49692,11.50664],[125.49636,11.5068],[125.49602,11.50717],[125.49611,11.5077],[125.49719,11.50907],[125.49686,11.50963],[125.49724,11.50962],[125.49748,11.51002],[125.49714,11.51022],[125.49735,11.51081],[125.49731,11.5115],[125.49685,11.51161],[125.49697,11.5121],[125.49741,11.51243],[125.49706,11.51274],[125.49692,11.51242],[125.49641,11.51226],[125.4957,11.51302],[125.49578,11.51357],[125.49559,11.51362],[125.49529,11.51429],[125.49542,11.5145],[125.49519,11.51496],[125.49567,11.51518],[125.49518,11.51547],[125.49396,11.51553],[125.49356,11.51528],[125.49339,11.51587],[125.4929,11.51628],[125.49255,11.51631],[125.49238,11.51665],[125.4923,11.51731],[125.49266,11.51817],[125.4923,11.51846],[125.49184,11.51918],[125.49175,11.52013],[125.49133,11.52031],[125.49072,11.52087],[125.49075,11.52129],[125.49028,11.52156],[125.4898,11.52128],[125.48863,11.52209],[125.48773,11.52256],[125.48679,11.52261],[125.485,11.52388],[125.48477,11.52434],[125.48419,11.52457],[125.48446,11.52508],[125.48419,11.52545],[125.48382,11.52556],[125.48335,11.52664],[125.48355,11.52742],[125.48322,11.52776],[125.48212,11.52734],[125.48164,11.5275],[125.4813,11.52778],[125.48029,11.5282],[125.47974,11.52859],[125.47922,11.52927],[125.4786,11.53045],[125.47855,11.53149],[125.47694,11.53395],[125.47676,11.53468],[125.47608,11.53607],[125.47583,11.53642],[125.47539,11.53775],[125.47521,11.53845],[125.47487,11.53907],[125.4746,11.53982],[125.47446,11.54057],[125.47392,11.54134],[125.47368,11.54224],[125.47313,11.54274],[125.4727,11.54283],[125.47246,11.54336],[125.47238,11.54413],[125.47206,11.54526],[125.47163,11.54534],[125.47153,11.54494],[125.47117,11.54467],[125.47018,11.54504],[125.46996,11.54462],[125.46766,11.54292],[125.46659,11.54205],[125.46544,11.54152],[125.46436,11.54097],[125.46334,11.54064],[125.46217,11.54038],[125.46107,11.53985],[125.45918,11.53855],[125.45754,11.53786],[125.45613,11.5377],[125.45496,11.53722],[125.45423,11.53671],[125.45391,11.536],[125.45367,11.53531],[125.45328,11.53211],[125.45327,11.53135],[125.4529,11.52948],[125.45255,11.52856],[125.4518,11.52722],[125.45174,11.52676],[125.45209,11.5256],[125.45351,11.52387],[125.4551,11.52235],[125.45564,11.52124],[125.45727,11.51751],[125.45743,11.51652],[125.45725,11.51534]]]}},{"type":"Feature","properties":{"code":"0802616000","name":"Mercedes","kind":"Municipality","provinceCode":"0802600000","province":"Eastern Samar","areaKm2":20,"labelPoint":[125.70888,11.09138]},"geometry":{"type":"MultiPolygon","coordinates":[[[[125.72487,11.09899],[125.72343,11.10078],[125.72305,11.10132],[125.72236,11.1027],[125.72169,11.10383],[125.72085,11.1053],[125.7203,11.10593],[125.71883,11.10752],[125.71788,11.10821],[125.71674,11.10888],[125.71587,11.10967],[125.7154,11.10996],[125.71324,11.11148],[125.71215,11.11231],[125.71115,11.11323],[125.71052,11.11392],[125.70978,11.11519],[125.70963,11.11555],[125.70923,11.116],[125.70874,11.1164],[125.70791,11.11737],[125.70671,11.11862],[125.7054,11.11974],[125.70486,11.11937],[125.70329,11.11777],[125.70305,11.11725],[125.7019,11.11457],[125.70201,11.11453],[125.70098,11.1115],[125.69887,11.10937],[125.6985,11.10902],[125.69843,11.10882],[125.69875,11.10847],[125.69846,11.10803],[125.69868,11.10781],[125.69923,11.10774],[125.69905,11.10746],[125.69833,11.10787],[125.69804,11.10772],[125.69807,11.10748],[125.69707,11.10654],[125.69718,11.1062],[125.69687,11.10578],[125.69672,11.10557],[125.69637,11.10549],[125.69619,11.10509],[125.69588,11.10485],[125.69586,11.10462],[125.69552,11.10422],[125.6956,11.10387],[125.69542,11.10367],[125.6952,11.10301],[125.69537,11.10229],[125.69512,11.1018],[125.6949,11.10209],[125.6943,11.10134],[125.69393,11.10051],[125.69369,11.10013],[125.69318,11.09958],[125.69256,11.09914],[125.69198,11.09836],[125.6918,11.09779],[125.69206,11.0976],[125.69254,11.09816],[125.69298,11.09786],[125.69264,11.09757],[125.69257,11.09732],[125.69187,11.09735],[125.69158,11.09687],[125.69126,11.09652],[125.6907,11.09615],[125.69036,11.09575],[125.69035,11.09544],[125.68992,11.09523],[125.68959,11.09486],[125.68931,11.09427],[125.68881,11.09388],[125.68847,11.09348],[125.68842,11.09316],[125.68795,11.09314],[125.68735,11.09334],[125.68701,11.09323],[125.68669,11.09388],[125.68582,11.09402],[125.68545,11.09394],[125.68505,11.09405],[125.6845,11.094],[125.68407,11.09407],[125.68391,11.09375],[125.68358,11.09378],[125.6835,11.09385],[125.68312,11.09389],[125.68266,11.0937],[125.68231,11.09337],[125.68199,11.09338],[125.68076,11.09281],[125.68063,11.0924],[125.68036,11.09226],[125.68005,11.09241],[125.6796,11.09231],[125.67889,11.09204],[125.67824,11.0917],[125.67809,11.09143],[125.67696,11.09068],[125.67639,11.09073],[125.67557,11.09024],[125.67552,11.08997],[125.67493,11.08957],[125.67455,11.08963],[125.67442,11.0892],[125.67372,11.08891],[125.6732,11.08857],[125.67265,11.08779],[125.67267,11.0874],[125.67253,11.08703],[125.67265,11.08674],[125.67252,11.08635],[125.67261,11.08608],[125.67232,11.08559],[125.67212,11.08502],[125.67214,11.08391],[125.67275,11.08295],[125.67324,11.08298],[125.67365,11.0827],[125.67381,11.08234],[125.67509,11.08127],[125.67571,11.08125],[125.6762,11.08139],[125.67662,11.08091],[125.67687,11.08091],[125.67726,11.08064],[125.67742,11.08039],[125.67726,11.07994],[125.6777,11.07935],[125.67862,11.07832],[125.6788,11.07775],[125.67926,11.07758],[125.67978,11.07757],[125.68031,11.07769],[125.68069,11.07827],[125.68136,11.07844],[125.68209,11.07818],[125.68257,11.07821],[125.68326,11.07903],[125.68384,11.07909],[125.68467,11.07838],[125.68544,11.07817],[125.68563,11.07787],[125.68614,11.07738],[125.6867,11.07735],[125.68699,11.07742],[125.68704,11.07704],[125.68682,11.07649],[125.68713,11.0759],[125.68748,11.07551],[125.68759,11.07511],[125.68731,11.07486],[125.68724,11.07357],[125.68755,11.07314],[125.68744,11.07298],[125.68757,11.0721],[125.68753,11.07124],[125.68791,11.07085],[125.68789,11.07062],[125.6883,11.06979],[125.68881,11.06925],[125.68945,11.06921],[125.69008,11.06875],[125.69007,11.06841],[125.69051,11.06805],[125.69116,11.06785],[125.69142,11.06826],[125.69181,11.06821],[125.69254,11.06854],[125.69357,11.06843],[125.69434,11.06905],[125.69423,11.06943],[125.69455,11.06954],[125.69476,11.0694],[125.69491,11.06885],[125.69638,11.06817],[125.69702,11.06832],[125.69808,11.0682],[125.69837,11.06791],[125.69897,11.06783],[125.69939,11.06816],[125.69959,11.06858],[125.70004,11.06878],[125.70055,11.06822],[125.701,11.06794],[125.70156,11.06783],[125.70179,11.06732],[125.70211,11.06735],[125.71108,11.07274],[125.72155,11.07908],[125.73499,11.08579],[125.73423,11.08675],[125.73366,11.0881],[125.73335,11.0885],[125.7332,11.0889],[125.73277,11.0895],[125.73243,11.09023],[125.73218,11.09053],[125.73174,11.09082],[125.73113,11.0919],[125.73078,11.09212],[125.73044,11.09208],[125.72928,11.09363],[125.72836,11.09475],[125.72771,11.09562],[125.72729,11.09604],[125.72657,11.09697],[125.72566,11.09797],[125.72487,11.09899]]],[[[125.69743,11.06206],[125.69696,11.06226],[125.69629,11.06204],[125.69602,11.06169],[125.69562,11.06146],[125.69658,11.06107],[125.69743,11.06206]]],[[[125.69082,11.0987],[125.69025,11.09861],[125.68992,11.09824],[125.68969,11.09777],[125.68935,11.09761],[125.689,11.0972],[125.68771,11.0966],[125.68705,11.09683],[125.68679,11.09683],[125.6863,11.09645],[125.68597,11.09602],[125.68593,11.09581],[125.68638,11.09518],[125.68649,11.09487],[125.68703,11.09477],[125.68734,11.09452],[125.68776,11.09452],[125.68864,11.09509],[125.6888,11.09529],[125.68939,11.09553],[125.69058,11.09677],[125.69099,11.09751],[125.69091,11.09779],[125.69106,11.09806],[125.69082,11.0987]]],[[[125.68537,11.07265],[125.68491,11.07267],[125.68423,11.07229],[125.68368,11.07166],[125.6832,11.07127],[125.68324,11.07081],[125.68345,11.07056],[125.68424,11.07027],[125.68456,11.07008],[125.68519,11.07021],[125.68549,11.07049],[125.68558,11.07084],[125.6859,11.07124],[125.68617,11.07199],[125.68611,11.07226],[125.68583,11.07234],[125.68559,11.07266],[125.68537,11.07265]]]]}},{"type":"Feature","properties":{"code":"0804813000","name":"Mondragon","kind":"Municipality","provinceCode":"0804800000","province":"Northern Samar","areaKm2":302,"labelPoint":[124.77033,12.46545]},"geometry":{"type":"MultiPolygon","coordinates":[[[[124.80635,12.53327],[124.80551,12.53363],[124.80443,12.53433],[124.8038,12.53484],[124.80278,12.53594],[124.80224,12.53686],[124.80193,12.5378],[124.80184,12.53839],[124.80158,12.53919],[124.80158,12.53955],[124.80186,12.53979],[124.80162,12.54025],[124.80141,12.54135],[124.801,12.5415],[124.80061,12.54096],[124.80072,12.54055],[124.80072,12.53996],[124.80059,12.53941],[124.80022,12.53865],[124.79965,12.53792],[124.79923,12.53831],[124.79878,12.53873],[124.79931,12.53935],[124.79949,12.53966],[124.79953,12.54052],[124.7994,12.54126],[124.79895,12.54237],[124.79862,12.54258],[124.79827,12.54239],[124.79822,12.54203],[124.79793,12.5412],[124.79758,12.54053],[124.79713,12.54005],[124.79642,12.53958],[124.79582,12.53897],[124.79537,12.53885],[124.79503,12.53828],[124.79459,12.53808],[124.79406,12.53816],[124.79338,12.53873],[124.79269,12.53866],[124.79195,12.53848],[124.79188,12.53791],[124.79083,12.53649],[124.79012,12.53595],[124.7894,12.53559],[124.7885,12.53523],[124.78754,12.53508],[124.78667,12.53483],[124.78632,12.53456],[124.78576,12.53431],[124.78458,12.5335],[124.7839,12.53318],[124.78166,12.53272],[124.78088,12.53243],[124.77975,12.53163],[124.77855,12.5307],[124.77762,12.52972],[124.77723,12.52959],[124.77675,12.52897],[124.77649,12.52884],[124.77613,12.52828],[124.77558,12.52785],[124.77461,12.52753],[124.77368,12.52758],[124.77252,12.52792],[124.77173,12.52825],[124.77043,12.52873],[124.76885,12.52896],[124.76813,12.52918],[124.76744,12.52909],[124.76636,12.52851],[124.76587,12.52846],[124.7652,12.52825],[124.76458,12.52789],[124.76436,12.52763],[124.76408,12.52666],[124.76392,12.5266],[124.76326,12.52592],[124.76293,12.52523],[124.76257,12.52466],[124.76211,12.52418],[124.7613,12.5236],[124.76048,12.52325],[124.76006,12.52322],[124.75923,12.52283],[124.75841,12.52261],[124.75792,12.52224],[124.757,12.52249],[124.75644,12.52273],[124.75616,12.52232],[124.75617,12.5216],[124.75549,12.52044],[124.75531,12.52003],[124.75444,12.51949],[124.75308,12.51896],[124.75218,12.51901],[124.75163,12.51893],[124.7509,12.51874],[124.75079,12.51853],[124.75038,12.51736],[124.75014,12.51732],[124.74983,12.51728],[124.74956,12.51746],[124.74921,12.51724],[124.74851,12.51719],[124.74719,12.51679],[124.74601,12.51675],[124.74523,12.51659],[124.74373,12.51659],[124.74322,12.51649],[124.74216,12.51648],[124.74137,12.51634],[124.73987,12.5163],[124.73909,12.51622],[124.73811,12.51646],[124.73713,12.51643],[124.73608,12.51594],[124.73557,12.51536],[124.73481,12.51501],[124.73437,12.51494],[124.73257,12.5149],[124.73192,12.51496],[124.73065,12.51497],[124.72938,12.51489],[124.72842,12.51504],[124.72721,12.51502],[124.72561,12.51472],[124.72425,12.51466],[124.72356,12.51453],[124.72243,12.51489],[124.72153,12.51501],[124.72107,12.51485],[124.72048,12.5148],[124.71941,12.51449],[124.71882,12.51453],[124.71767,12.51489],[124.71738,12.51508],[124.71704,12.51553],[124.7166,12.51583],[124.716,12.51574],[124.71538,12.51578],[124.71513,12.51589],[124.71467,12.51634],[124.71324,12.51693],[124.71261,12.51709],[124.71193,12.51719],[124.71107,12.5172],[124.71052,12.5171],[124.70879,12.51666],[124.70842,12.51624],[124.70812,12.51607],[124.70801,12.51544],[124.70813,12.51519],[124.7081,12.51472],[124.70844,12.51468],[124.7086,12.51426],[124.70856,12.51351],[124.70831,12.51356],[124.70778,12.51341],[124.70736,12.51302],[124.70675,12.51279],[124.70637,12.51276],[124.70551,12.51235],[124.70495,12.51228],[124.70357,12.51233],[124.70247,12.51246],[124.70099,12.51279],[124.69992,12.51311],[124.69923,12.51341],[124.69911,12.51353],[124.69814,12.51387],[124.6972,12.51436],[124.69659,12.51478],[124.69599,12.51495],[124.69568,12.5149],[124.69473,12.51436],[124.69437,12.51409],[124.69396,12.51358],[124.69337,12.51352],[124.69287,12.51351],[124.69145,12.51371],[124.69076,12.51374],[124.68989,12.51365],[124.68909,12.51348],[124.68823,12.51322],[124.68711,12.51283],[124.6856,12.51216],[124.68549,12.5119],[124.68491,12.51183],[124.68276,12.5109],[124.68255,12.51071],[124.67906,12.5095],[124.67993,12.50839],[124.69318,12.49807],[124.71034,12.4866],[124.70678,12.4771],[124.70937,12.47045],[124.70973,12.46957],[124.71203,12.46381],[124.71322,12.46053],[124.72047,12.44005],[124.72723,12.42111],[124.72918,12.41556],[124.73922,12.37089],[124.733,12.33476],[124.726,12.2941],[124.70963,12.27783],[124.75239,12.26223],[124.77951,12.28572],[124.79166,12.30074],[124.79958,12.31046],[124.80446,12.31652],[124.8112,12.3249],[124.82014,12.3359],[124.82473,12.34165],[124.83828,12.35838],[124.83427,12.39378],[124.83324,12.40288],[124.83155,12.41771],[124.82918,12.43867],[124.82795,12.4495],[124.82758,12.45281],[124.82573,12.4691],[124.82395,12.48482],[124.82264,12.49639],[124.82165,12.50511],[124.81965,12.5227],[124.81986,12.53022],[124.81886,12.53031],[124.81754,12.53057],[124.81625,12.53064],[124.81568,12.53073],[124.81294,12.53128],[124.81215,12.53137],[124.8108,12.53165],[124.80961,12.53213],[124.80864,12.53235],[124.80767,12.53267],[124.80635,12.53327]]],[[[124.70345,12.53483],[124.7032,12.53515],[124.70265,12.53556],[124.70215,12.53573],[124.70176,12.53552],[124.70134,12.53545],[124.70097,12.53522],[124.7002,12.53498],[124.6997,12.53474],[124.69918,12.53396],[124.6988,12.53365],[124.69795,12.53313],[124.69744,12.53292],[124.69698,12.53287],[124.69686,12.53264],[124.69741,12.53178],[124.6976,12.53162],[124.69842,12.53133],[124.69944,12.53125],[124.69949,12.53105],[124.70058,12.53093],[124.70116,12.53078],[124.70203,12.53078],[124.70284,12.53117],[124.70347,12.53155],[124.70379,12.53236],[124.70372,12.53303],[124.70393,12.53376],[124.70378,12.53437],[124.70345,12.53483]]],[[[124.68357,12.55023],[124.68344,12.55031],[124.68226,12.55011],[124.68208,12.54974],[124.68224,12.54925],[124.68208,12.54891],[124.68265,12.54851],[124.68327,12.54775],[124.68394,12.54704],[124.68417,12.54704],[124.68446,12.5466],[124.68447,12.54613],[124.68471,12.54612],[124.68545,12.5452],[124.68541,12.5449],[124.68574,12.54478],[124.68615,12.54429],[124.68695,12.54382],[124.6875,12.54388],[124.68785,12.54376],[124.68831,12.54396],[124.68843,12.54386],[124.68887,12.5441],[124.68913,12.54439],[124.68902,12.54492],[124.68883,12.54511],[124.68917,12.54547],[124.6889,12.54585],[124.68905,12.54603],[124.68882,12.54648],[124.68807,12.54687],[124.68816,12.54738],[124.68783,12.54762],[124.68748,12.54758],[124.68744,12.54798],[124.68696,12.54797],[124.68694,12.54829],[124.68734,12.54854],[124.68706,12.54875],[124.68699,12.54901],[124.68655,12.54938],[124.68577,12.54945],[124.68561,12.54976],[124.6851,12.54983],[124.68393,12.55022],[124.68357,12.55023]]]]}},{"type":"Feature","properties":{"code":"0806012000","name":"Motiong","kind":"Municipality","provinceCode":"0806000000","province":"Samar Province","areaKm2":126,"labelPoint":[125.02396,11.94909]},"geometry":{"type":"Polygon","coordinates":[[[125.01685,11.79421],[125.01894,11.79881],[125.02618,11.81265],[125.0401,11.81355],[125.04523,11.81778],[125.04471,11.81906],[125.0435,11.8209],[125.04547,11.82086],[125.04765,11.82133],[125.04865,11.82187],[125.05049,11.8235],[125.05132,11.82431],[125.05226,11.82454],[125.04834,11.84048],[125.04805,11.84122],[125.04605,11.84665],[125.0384,11.87049],[125.03663,11.88453],[125.04459,11.89137],[125.03751,11.90686],[125.03702,11.9161],[125.04368,11.91946],[125.04976,11.92255],[125.05027,11.92623],[125.0522,11.93256],[125.04999,11.93526],[125.05311,11.94289],[125.06667,11.95275],[125.05648,11.96122],[125.05615,11.96947],[125.05507,11.98091],[125.03663,11.97572],[125.02682,11.9914],[125.02064,11.98598],[125.0064,11.98046],[124.99071,12.01175],[124.97911,12.00751],[124.95425,11.99738],[124.96017,11.98057],[124.9692,11.95602],[124.9811,11.95735],[124.99027,11.95647],[124.9934,11.94918],[124.99615,11.93959],[124.99542,11.93043],[125.00408,11.92408],[125.02048,11.91654],[125.03192,11.91256],[125.0318,11.90853],[125.03077,11.90553],[125.02789,11.89151],[125.02676,11.8859],[125.02285,11.86969],[125.02762,11.86531],[125.02412,11.85732],[125.01493,11.86136],[125.00933,11.86365],[125.00512,11.86133],[125.00319,11.85783],[125.00001,11.85034],[124.9962,11.84487],[124.99266,11.83611],[124.99015,11.83205],[124.988,11.82652],[124.98663,11.82341],[124.99195,11.82043],[124.98199,11.80711],[124.9764,11.80129],[124.97,11.78071],[124.96579,11.7772],[124.96426,11.7757],[124.96379,11.77532],[124.96256,11.77379],[124.96116,11.77013],[124.95994,11.76781],[124.95998,11.76773],[124.96019,11.7674],[124.96059,11.76736],[124.96072,11.76709],[124.96131,11.76706],[124.96159,11.76682],[124.96166,11.76619],[124.96241,11.76535],[124.96253,11.76503],[124.9636,11.76477],[124.96445,11.76476],[124.96543,11.76518],[124.96605,11.76578],[124.96606,11.76617],[124.9664,11.76649],[124.96651,11.76729],[124.96684,11.76776],[124.96774,11.76815],[124.96842,11.76827],[124.96854,11.76816],[124.96914,11.76822],[124.96937,11.76769],[124.96994,11.76761],[124.97005,11.76691],[124.97057,11.76691],[124.97155,11.76741],[124.97225,11.76792],[124.97249,11.76838],[124.97225,11.76915],[124.9724,11.76945],[124.97219,11.76967],[124.97255,11.76995],[124.97309,11.7717],[124.9734,11.77239],[124.97368,11.77252],[124.97419,11.7725],[124.97475,11.77233],[124.97499,11.77279],[124.97561,11.77289],[124.97589,11.77258],[124.97676,11.77234],[124.97778,11.77241],[124.97803,11.77255],[124.97876,11.77265],[124.97985,11.77262],[124.98015,11.77297],[124.98031,11.77339],[124.98115,11.77387],[124.98133,11.77428],[124.98214,11.7745],[124.98234,11.77481],[124.98328,11.77493],[124.98376,11.77511],[124.98405,11.77484],[124.98458,11.77456],[124.98485,11.7747],[124.98551,11.77448],[124.98571,11.77478],[124.98657,11.77472],[124.98708,11.77476],[124.98744,11.77495],[124.9879,11.77542],[124.98861,11.77581],[124.9891,11.7759],[124.98947,11.77567],[124.99002,11.77587],[124.99057,11.77622],[124.99074,11.77648],[124.99126,11.77673],[124.99108,11.77716],[124.99149,11.77736],[124.992,11.77689],[124.99248,11.77699],[124.99302,11.77733],[124.99314,11.77749],[124.99368,11.77739],[124.99399,11.77759],[124.99476,11.77771],[124.99521,11.77808],[124.9957,11.77819],[124.99611,11.77867],[124.9961,11.77966],[124.99667,11.7795],[124.99706,11.77964],[124.99727,11.77924],[124.99737,11.77862],[124.99771,11.77798],[124.99721,11.77757],[124.99731,11.77737],[124.99779,11.77756],[124.99822,11.77647],[124.99959,11.77541],[125.00004,11.77525],[125.00047,11.77565],[125.00072,11.77564],[125.00137,11.77655],[125.00211,11.77679],[125.00222,11.77703],[125.00258,11.77709],[125.00288,11.77757],[125.00312,11.77735],[125.00351,11.77755],[125.0046,11.77779],[125.0052,11.77802],[125.00543,11.77788],[125.00607,11.7781],[125.00633,11.77805],[125.00688,11.77826],[125.00812,11.77813],[125.00801,11.77781],[125.00865,11.77753],[125.00917,11.77744],[125.01005,11.77709],[125.01051,11.77719],[125.01078,11.77756],[125.01135,11.77782],[125.01205,11.78081],[125.01317,11.78337],[125.01685,11.79421]]]}},{"type":"Feature","properties":{"code":"0802617000","name":"Oras","kind":"Municipality","provinceCode":"0802600000","province":"Eastern Samar","areaKm2":237,"labelPoint":[125.37322,12.17217]},"geometry":{"type":"MultiPolygon","coordinates":[[[[125.44621,12.07283],[125.45434,12.07521],[125.46281,12.07665],[125.47096,12.08187],[125.48193,12.08318],[125.48202,12.08345],[125.48167,12.08419],[125.48168,12.08445],[125.48131,12.08491],[125.48129,12.08541],[125.48087,12.08601],[125.48101,12.08659],[125.48092,12.08671],[125.48122,12.08722],[125.48118,12.08745],[125.48086,12.08792],[125.48122,12.08801],[125.4812,12.08894],[125.48092,12.08931],[125.48097,12.08948],[125.48037,12.08981],[125.48041,12.09017],[125.48004,12.09039],[125.47966,12.09027],[125.47933,12.08989],[125.47913,12.08936],[125.47881,12.08902],[125.47894,12.0888],[125.479,12.0881],[125.47842,12.08759],[125.47781,12.08757],[125.4777,12.08779],[125.47824,12.08824],[125.47828,12.08909],[125.47845,12.0896],[125.47815,12.08998],[125.47754,12.09024],[125.47718,12.0901],[125.47677,12.09016],[125.47608,12.08994],[125.47565,12.08961],[125.47555,12.08921],[125.47523,12.08892],[125.47449,12.08921],[125.47432,12.08912],[125.47363,12.08909],[125.47373,12.08936],[125.47416,12.08972],[125.47396,12.09013],[125.47358,12.09019],[125.47294,12.09008],[125.47272,12.0898],[125.47183,12.08968],[125.47158,12.08957],[125.47131,12.08912],[125.47069,12.08875],[125.47039,12.08831],[125.4706,12.08778],[125.46968,12.08827],[125.46952,12.08862],[125.46893,12.08883],[125.46921,12.0892],[125.46904,12.08946],[125.46847,12.0897],[125.46767,12.09019],[125.46705,12.09016],[125.46635,12.09036],[125.46607,12.09034],[125.46545,12.09072],[125.4647,12.09055],[125.46391,12.09094],[125.46416,12.09115],[125.46457,12.09076],[125.46481,12.09075],[125.46549,12.09095],[125.46619,12.09087],[125.46659,12.09059],[125.4672,12.09061],[125.46798,12.09088],[125.46811,12.09112],[125.46846,12.09107],[125.46954,12.09189],[125.47009,12.09203],[125.47079,12.0924],[125.47107,12.09284],[125.47094,12.09343],[125.47075,12.09356],[125.47059,12.094],[125.47027,12.09428],[125.47045,12.09463],[125.47093,12.09419],[125.4714,12.09429],[125.47165,12.09472],[125.47154,12.09513],[125.47116,12.09522],[125.47052,12.09553],[125.47021,12.09576],[125.46956,12.09663],[125.46972,12.09677],[125.4701,12.09665],[125.47031,12.09601],[125.47093,12.09575],[125.47129,12.09582],[125.47185,12.09572],[125.47212,12.09547],[125.47267,12.09533],[125.47306,12.09544],[125.47322,12.09622],[125.47373,12.09596],[125.47428,12.09603],[125.47472,12.09564],[125.47538,12.09544],[125.47577,12.09511],[125.47634,12.09488],[125.47678,12.09495],[125.4773,12.09447],[125.47782,12.09466],[125.47809,12.09495],[125.4784,12.09579],[125.47837,12.09628],[125.47824,12.09656],[125.47772,12.09719],[125.47727,12.09716],[125.47708,12.09735],[125.47742,12.09777],[125.47706,12.09822],[125.47748,12.09825],[125.47784,12.09772],[125.47871,12.09742],[125.47907,12.09699],[125.47958,12.09695],[125.47984,12.09727],[125.48002,12.09681],[125.48049,12.09623],[125.48074,12.09614],[125.48098,12.09571],[125.48189,12.09563],[125.48219,12.09512],[125.48226,12.09472],[125.48269,12.09416],[125.48329,12.0939],[125.48353,12.09394],[125.48366,12.09361],[125.484,12.09344],[125.48465,12.09343],[125.48536,12.09359],[125.48627,12.09427],[125.48682,12.09445],[125.48788,12.09449],[125.48823,12.09427],[125.48872,12.09427],[125.48923,12.09437],[125.48943,12.09467],[125.48966,12.09536],[125.48889,12.09631],[125.48852,12.09648],[125.48815,12.09706],[125.48787,12.09709],[125.48736,12.09756],[125.48715,12.09823],[125.48674,12.09874],[125.48662,12.10032],[125.48629,12.10123],[125.48616,12.10137],[125.48616,12.10187],[125.48593,12.10242],[125.48548,12.10277],[125.48503,12.10281],[125.48459,12.1032],[125.48439,12.10324],[125.48363,12.10372],[125.48305,12.10381],[125.48214,12.10436],[125.48148,12.10449],[125.48109,12.10489],[125.48021,12.10516],[125.47968,12.10547],[125.47946,12.10571],[125.47911,12.1058],[125.47838,12.1064],[125.47784,12.10659],[125.47747,12.10634],[125.47685,12.10675],[125.47641,12.10647],[125.47607,12.10662],[125.47562,12.10704],[125.47577,12.10737],[125.47565,12.10791],[125.47535,12.10811],[125.47486,12.10822],[125.47462,12.10813],[125.47359,12.10798],[125.47284,12.10728],[125.47246,12.10719],[125.4717,12.10664],[125.47128,12.10672],[125.47112,12.10634],[125.47027,12.10625],[125.46989,12.10556],[125.46981,12.10502],[125.4699,12.10441],[125.46954,12.1038],[125.46931,12.103],[125.46914,12.10216],[125.46873,12.10182],[125.46764,12.10132],[125.46637,12.10087],[125.46473,12.10051],[125.46382,12.10041],[125.46289,12.10015],[125.46257,12.09956],[125.46305,12.0993],[125.46283,12.09901],[125.46214,12.09863],[125.46156,12.09844],[125.46087,12.09835],[125.4597,12.09829],[125.45824,12.09809],[125.45714,12.09783],[125.45619,12.09784],[125.45518,12.09804],[125.45471,12.0982],[125.45357,12.09844],[125.4533,12.09851],[125.45238,12.09889],[125.44995,12.09964],[125.44897,12.10012],[125.44853,12.10042],[125.44759,12.10084],[125.44547,12.102],[125.44498,12.10171],[125.4448,12.10187],[125.4446,12.10257],[125.44461,12.10314],[125.44422,12.1038],[125.44323,12.1047],[125.44282,12.10515],[125.44208,12.1061],[125.44134,12.10689],[125.44089,12.10754],[125.44017,12.10867],[125.4395,12.10992],[125.43882,12.11134],[125.43856,12.11204],[125.43829,12.1133],[125.43761,12.11521],[125.43717,12.11707],[125.43694,12.1199],[125.43687,12.12122],[125.43669,12.12231],[125.43676,12.12256],[125.43673,12.12366],[125.43664,12.12533],[125.43679,12.12664],[125.43702,12.12708],[125.43707,12.12778],[125.4372,12.12848],[125.43769,12.13012],[125.43811,12.13117],[125.43855,12.13201],[125.43956,12.13334],[125.44014,12.13375],[125.44075,12.13407],[125.44185,12.13455],[125.44248,12.13506],[125.44293,12.13552],[125.44314,12.13603],[125.44256,12.13623],[125.44261,12.13669],[125.4427,12.13761],[125.44345,12.13752],[125.44401,12.13723],[125.44441,12.1372],[125.4451,12.13729],[125.44548,12.13762],[125.44606,12.13778],[125.4461,12.13742],[125.44704,12.13738],[125.44777,12.13704],[125.4475,12.1365],[125.44747,12.13589],[125.4479,12.13597],[125.44843,12.13645],[125.4487,12.1368],[125.45007,12.13825],[125.45025,12.13852],[125.45052,12.13912],[125.45133,12.14037],[125.4516,12.14047],[125.45222,12.14108],[125.45262,12.14135],[125.45414,12.14176],[125.45449,12.14205],[125.45484,12.14186],[125.45574,12.14192],[125.45614,12.14187],[125.45642,12.14205],[125.45676,12.14201],[125.45736,12.14212],[125.45894,12.1415],[125.45993,12.14077],[125.46002,12.14048],[125.45964,12.14008],[125.45985,12.13973],[125.4601,12.13983],[125.46045,12.13964],[125.46136,12.13999],[125.46191,12.13953],[125.46234,12.13992],[125.46274,12.13965],[125.46327,12.13947],[125.46326,12.13927],[125.46358,12.13903],[125.46403,12.13899],[125.46465,12.13852],[125.46508,12.1385],[125.46518,12.1382],[125.46571,12.13779],[125.46629,12.13796],[125.46723,12.13859],[125.46767,12.13927],[125.46773,12.13999],[125.46757,12.14037],[125.46769,12.1406],[125.46767,12.14125],[125.46747,12.14188],[125.46717,12.14201],[125.46698,12.14255],[125.46607,12.14304],[125.46533,12.14334],[125.46538,12.14375],[125.46512,12.14432],[125.4647,12.14444],[125.46438,12.14521],[125.46522,12.14478],[125.46619,12.14461],[125.46651,12.14444],[125.46717,12.14468],[125.46748,12.14426],[125.46816,12.14385],[125.4689,12.14359],[125.46957,12.14372],[125.46988,12.14336],[125.47031,12.14351],[125.4705,12.14379],[125.47165,12.14388],[125.47226,12.14427],[125.47221,12.14452],[125.4733,12.14486],[125.4734,12.14479],[125.47397,12.14527],[125.47416,12.14583],[125.47395,12.14681],[125.474,12.14742],[125.47373,12.14779],[125.47365,12.14857],[125.47368,12.14912],[125.47381,12.14953],[125.47372,12.1503],[125.47375,12.15074],[125.47395,12.15092],[125.4739,12.15147],[125.47328,12.15219],[125.47302,12.1523],[125.4727,12.15306],[125.47216,12.1529],[125.47206,12.15251],[125.47179,12.152],[125.47143,12.15192],[125.47124,12.15222],[125.4707,12.15202],[125.47066,12.15168],[125.47015,12.15116],[125.46986,12.15189],[125.46993,12.15263],[125.46972,12.1531],[125.46996,12.1533],[125.47005,12.15381],[125.46974,12.15432],[125.46964,12.15496],[125.46925,12.15547],[125.46877,12.15546],[125.46813,12.15519],[125.46794,12.15573],[125.46745,12.15584],[125.46666,12.15566],[125.46621,12.15537],[125.46597,12.15427],[125.4654,12.15394],[125.46517,12.15335],[125.46492,12.15328],[125.46496,12.15286],[125.46453,12.15282],[125.46426,12.15292],[125.46392,12.15275],[125.46317,12.15286],[125.46292,12.15252],[125.46259,12.15242],[125.46224,12.15265],[125.46209,12.15292],[125.46146,12.1532],[125.46113,12.15345],[125.46098,12.15419],[125.46057,12.15429],[125.46019,12.15457],[125.45979,12.1546],[125.45914,12.15437],[125.45876,12.15409],[125.45829,12.15419],[125.45783,12.15402],[125.45742,12.15418],[125.45687,12.15414],[125.45706,12.15475],[125.45667,12.15489],[125.45683,12.15512],[125.45716,12.15522],[125.45735,12.15569],[125.45702,12.15588],[125.45659,12.15589],[125.45658,12.15627],[125.45641,12.1566],[125.45591,12.15677],[125.45559,12.15657],[125.4553,12.15707],[125.45509,12.15767],[125.45542,12.15798],[125.45488,12.1584],[125.45468,12.15922],[125.45413,12.16094],[125.45409,12.16158],[125.45414,12.16239],[125.45452,12.16357],[125.45491,12.16437],[125.4554,12.16511],[125.45591,12.16577],[125.45656,12.16647],[125.45695,12.16678],[125.45775,12.16659],[125.45789,12.16647],[125.45852,12.16632],[125.45886,12.16593],[125.45908,12.16601],[125.45966,12.16584],[125.46006,12.16603],[125.46017,12.16636],[125.45991,12.16704],[125.46034,12.16719],[125.46101,12.16737],[125.46106,12.16702],[125.4613,12.16699],[125.46128,12.16652],[125.46105,12.16626],[125.46111,12.16569],[125.46149,12.16541],[125.46232,12.16547],[125.46247,12.16574],[125.46292,12.16565],[125.46326,12.16527],[125.46371,12.16524],[125.46481,12.16456],[125.46503,12.1647],[125.46533,12.16457],[125.4656,12.16424],[125.46608,12.16446],[125.46593,12.1648],[125.46645,12.16487],[125.46627,12.16423],[125.46701,12.16433],[125.46723,12.16454],[125.46739,12.16548],[125.46734,12.16615],[125.46714,12.16641],[125.46783,12.16674],[125.46818,12.1665],[125.46839,12.16585],[125.46861,12.16585],[125.46853,12.16642],[125.46772,12.16798],[125.46118,12.19412],[125.44909,12.1951],[125.43527,12.19609],[125.4259,12.20268],[125.4078,12.21647],[125.39025,12.22997],[125.3789,12.23667],[125.36367,12.24561],[125.35714,12.24651],[125.34121,12.24641],[125.33637,12.24625],[125.32588,12.25128],[125.32137,12.2533],[125.30189,12.25061],[125.30185,12.22969],[125.30445,12.18607],[125.30988,12.15287],[125.30998,12.15218],[125.31662,12.15459],[125.33261,12.13203],[125.36294,12.11067],[125.37639,12.10608],[125.39132,12.10173],[125.38729,12.08171],[125.42805,12.06827],[125.44621,12.07283]]],[[[125.56417,12.09368],[125.56341,12.09391],[125.56274,12.09385],[125.56227,12.09321],[125.56193,12.09244],[125.56191,12.0919],[125.56218,12.09141],[125.56234,12.09154],[125.56278,12.09131],[125.56338,12.09155],[125.56351,12.09136],[125.56415,12.09123],[125.56435,12.09166],[125.56417,12.09191],[125.56429,12.09239],[125.56466,12.09229],[125.56472,12.09272],[125.56492,12.09299],[125.56499,12.09375],[125.56445,12.09359],[125.56417,12.09368]]],[[[125.5504,12.11933],[125.54921,12.11951],[125.54754,12.12005],[125.54724,12.12024],[125.54718,12.12049],[125.54682,12.12075],[125.54627,12.12091],[125.54602,12.12068],[125.5461,12.12023],[125.54642,12.11978],[125.54775,12.11861],[125.54835,12.11787],[125.54896,12.1174],[125.54878,12.11721],[125.54956,12.11702],[125.55061,12.11636],[125.55143,12.11556],[125.55178,12.11548],[125.55257,12.11461],[125.55288,12.114],[125.55326,12.113],[125.55385,12.11221],[125.55421,12.11188],[125.55501,12.111],[125.55665,12.1093],[125.55774,12.10808],[125.55967,12.10619],[125.56054,12.10509],[125.56078,12.10432],[125.56102,12.10384],[125.56125,12.10373],[125.56151,12.10305],[125.56187,12.10152],[125.56205,12.10017],[125.5622,12.09957],[125.563,12.09876],[125.56351,12.09865],[125.56407,12.09875],[125.56452,12.09862],[125.56558,12.0989],[125.56619,12.09896],[125.5676,12.09882],[125.56789,12.09901],[125.56824,12.09949],[125.56847,12.09997],[125.56869,12.09999],[125.56893,12.10032],[125.56897,12.10113],[125.56883,12.10145],[125.56884,12.10181],[125.5686,12.10244],[125.56856,12.10289],[125.56834,12.10354],[125.56849,12.10385],[125.5681,12.10457],[125.56782,12.10478],[125.56796,12.10526],[125.56755,12.10544],[125.56735,12.10616],[125.56717,12.10648],[125.56673,12.10681],[125.56688,12.107],[125.56669,12.10766],[125.56635,12.10747],[125.56602,12.10785],[125.56552,12.10781],[125.56518,12.10792],[125.56481,12.1082],[125.56476,12.1089],[125.56352,12.11048],[125.56348,12.11089],[125.5632,12.11086],[125.56297,12.11157],[125.56267,12.1115],[125.56228,12.11171],[125.56187,12.11174],[125.56154,12.11147],[125.56059,12.11152],[125.55874,12.11322],[125.55705,12.11468],[125.5565,12.11506],[125.55619,12.11552],[125.55615,12.11588],[125.55534,12.11645],[125.55477,12.11663],[125.55374,12.11725],[125.55344,12.11757],[125.55319,12.11812],[125.55288,12.11831],[125.55266,12.11899],[125.55225,12.11892],[125.55158,12.1192],[125.55136,12.11916],[125.5504,12.11933]]]]}},{"type":"Feature","properties":{"code":"0806026000","name":"Pagsanghan","kind":"Municipality","provinceCode":"0806000000","province":"Samar Province","areaKm2":33,"labelPoint":[124.74442,11.96587]},"geometry":{"type":"Polygon","coordinates":[[[124.70791,11.95826],[124.70745,11.95827],[124.70449,11.95713],[124.70331,11.95694],[124.70308,11.95671],[124.70203,11.95621],[124.70136,11.95456],[124.70116,11.95007],[124.70508,11.94502],[124.70951,11.94248],[124.71134,11.94192],[124.71323,11.94215],[124.71407,11.94432],[124.71517,11.94511],[124.7177,11.94525],[124.72086,11.94422],[124.72288,11.94501],[124.72389,11.94618],[124.72619,11.94595],[124.72748,11.94648],[124.72785,11.94669],[124.73007,11.94754],[124.73263,11.94772],[124.73332,11.94749],[124.73549,11.94568],[124.73809,11.94382],[124.73933,11.94159],[124.74285,11.94192],[124.748,11.94737],[124.75158,11.95182],[124.75633,11.95641],[124.75922,11.95921],[124.76341,11.96332],[124.76592,11.96179],[124.76844,11.95659],[124.77128,11.95461],[124.773,11.95508],[124.77515,11.95298],[124.77692,11.95131],[124.78159,11.94901],[124.78241,11.94688],[124.78565,11.94735],[124.79157,11.94909],[124.7941,11.95116],[124.79982,11.95155],[124.80313,11.95335],[124.80815,11.95405],[124.80032,11.96445],[124.79693,11.96202],[124.79475,11.96411],[124.79595,11.97037],[124.78783,11.98162],[124.78316,11.9881],[124.7788,11.98832],[124.77452,11.98655],[124.77201,11.98476],[124.76922,11.98246],[124.76779,11.98145],[124.76622,11.98121],[124.76587,11.98015],[124.76479,11.97976],[124.76282,11.98043],[124.76135,11.98241],[124.76091,11.98294],[124.76012,11.98405],[124.75924,11.98438],[124.75725,11.98347],[124.75622,11.98314],[124.7534,11.98225],[124.74782,11.98065],[124.74321,11.98108],[124.74092,11.98145],[124.73723,11.98252],[124.73518,11.98345],[124.73378,11.98437],[124.73085,11.98595],[124.72914,11.98595],[124.7278,11.9829],[124.72909,11.97892],[124.73081,11.97612],[124.73126,11.97456],[124.73101,11.97269],[124.72916,11.97225],[124.72708,11.97272],[124.72015,11.97555],[124.71842,11.97492],[124.71814,11.97235],[124.71916,11.97088],[124.7198,11.96781],[124.7188,11.96517],[124.7164,11.9621],[124.71289,11.95964],[124.71296,11.95914],[124.70884,11.95849],[124.70791,11.95826]]]}},{"type":"Feature","properties":{"code":"0804814000","name":"Palapag","kind":"Municipality","provinceCode":"0804800000","province":"Northern Samar","areaKm2":178,"labelPoint":[125.1412,12.5166]},"geometry":{"type":"MultiPolygon","coordinates":[[[[125.16779,12.4635],[125.21576,12.46512],[125.2158,12.46512],[125.23882,12.51137],[125.23952,12.51268],[125.23911,12.5128],[125.23861,12.51309],[125.23837,12.51309],[125.23757,12.51351],[125.2371,12.51343],[125.23621,12.51387],[125.23597,12.51345],[125.23527,12.513],[125.23474,12.51301],[125.23413,12.51328],[125.23407,12.51369],[125.23359,12.51394],[125.233,12.5151],[125.23281,12.51611],[125.2329,12.51651],[125.23319,12.51654],[125.23379,12.51685],[125.2339,12.51718],[125.23365,12.51748],[125.23297,12.51775],[125.23271,12.51776],[125.23211,12.51806],[125.23145,12.51803],[125.22913,12.51935],[125.22879,12.52],[125.22857,12.51999],[125.2286,12.52052],[125.22838,12.52103],[125.2278,12.5211],[125.22755,12.52067],[125.22731,12.5207],[125.22733,12.52113],[125.22722,12.5215],[125.22699,12.52174],[125.2266,12.52176],[125.22603,12.52155],[125.22579,12.52184],[125.22556,12.52258],[125.22516,12.52252],[125.22504,12.52225],[125.22435,12.52219],[125.22408,12.5227],[125.22391,12.52343],[125.22388,12.52394],[125.22427,12.52426],[125.22394,12.5246],[125.2241,12.52501],[125.22394,12.52538],[125.22398,12.52569],[125.22364,12.52603],[125.22294,12.527],[125.22249,12.52835],[125.22187,12.52883],[125.22072,12.52905],[125.22049,12.52893],[125.22047,12.52857],[125.22022,12.52782],[125.22037,12.5272],[125.22016,12.52709],[125.22009,12.52636],[125.21955,12.52625],[125.21945,12.52591],[125.21902,12.52542],[125.21924,12.52475],[125.2195,12.52449],[125.21986,12.52477],[125.22008,12.5245],[125.21994,12.52406],[125.21964,12.52363],[125.21884,12.52343],[125.2184,12.52362],[125.21748,12.52372],[125.2166,12.52363],[125.21602,12.52341],[125.21574,12.52318],[125.21512,12.52299],[125.21483,12.52303],[125.21426,12.52331],[125.21379,12.52428],[125.21329,12.5248],[125.21279,12.5255],[125.21258,12.52597],[125.21263,12.52655],[125.2128,12.5272],[125.21259,12.5275],[125.21242,12.52831],[125.21251,12.52853],[125.21211,12.52923],[125.21223,12.53097],[125.2124,12.53128],[125.21218,12.53222],[125.21178,12.5327],[125.21168,12.53306],[125.21142,12.53327],[125.21063,12.53413],[125.21002,12.53438],[125.20949,12.53438],[125.20794,12.53409],[125.2075,12.53438],[125.20605,12.53402],[125.20501,12.53416],[125.20436,12.53459],[125.20319,12.53514],[125.20211,12.53589],[125.20136,12.53623],[125.20069,12.53637],[125.20034,12.53662],[125.19951,12.53697],[125.19929,12.5373],[125.19923,12.53784],[125.19888,12.53853],[125.19878,12.53962],[125.19832,12.54062],[125.19776,12.54134],[125.19746,12.54151],[125.19682,12.54208],[125.19617,12.54227],[125.19538,12.54261],[125.19513,12.5428],[125.19457,12.54293],[125.19409,12.54327],[125.19305,12.54371],[125.19275,12.54408],[125.19245,12.54488],[125.19204,12.54529],[125.19164,12.54623],[125.1918,12.5468],[125.19242,12.54723],[125.19196,12.54796],[125.19143,12.54728],[125.19118,12.5471],[125.19059,12.54724],[125.18959,12.54778],[125.18874,12.5486],[125.18813,12.54887],[125.18775,12.54882],[125.18689,12.54945],[125.18669,12.5498],[125.18679,12.55102],[125.18674,12.5512],[125.18609,12.55157],[125.1856,12.55162],[125.18484,12.55187],[125.18458,12.55236],[125.18418,12.55273],[125.18396,12.55321],[125.18406,12.5543],[125.18349,12.55455],[125.18309,12.55444],[125.18267,12.55509],[125.1823,12.55587],[125.18195,12.55636],[125.18123,12.55664],[125.18066,12.55672],[125.17987,12.55664],[125.17971,12.55678],[125.17944,12.55741],[125.17929,12.55842],[125.1791,12.5588],[125.17888,12.55894],[125.17844,12.55958],[125.17802,12.55932],[125.17756,12.55923],[125.17654,12.55932],[125.17627,12.55947],[125.17583,12.56005],[125.17492,12.56029],[125.17455,12.5606],[125.17417,12.56066],[125.17356,12.56107],[125.17304,12.56107],[125.17238,12.56133],[125.17237,12.56165],[125.17202,12.56194],[125.17159,12.56174],[125.17091,12.5618],[125.17041,12.56194],[125.16938,12.56259],[125.16842,12.56376],[125.16759,12.56443],[125.16682,12.56482],[125.16608,12.56545],[125.16588,12.56579],[125.16531,12.56618],[125.16463,12.56632],[125.16404,12.56617],[125.16374,12.56642],[125.16249,12.56705],[125.16226,12.56704],[125.16161,12.56749],[125.16119,12.56829],[125.16066,12.56839],[125.16085,12.56869],[125.16047,12.56907],[125.16058,12.56935],[125.16026,12.56947],[125.16005,12.56983],[125.15959,12.57003],[125.15933,12.57069],[125.15856,12.5718],[125.15846,12.57229],[125.15789,12.57279],[125.15734,12.57307],[125.15591,12.57356],[125.15497,12.57404],[125.1548,12.57457],[125.15447,12.57487],[125.15413,12.57504],[125.15379,12.57495],[125.15343,12.57457],[125.15301,12.57459],[125.15259,12.57393],[125.1523,12.57371],[125.15159,12.57404],[125.15134,12.57447],[125.15107,12.57515],[125.15117,12.5754],[125.15091,12.57586],[125.15051,12.57592],[125.15016,12.57634],[125.14951,12.57736],[125.14935,12.57738],[125.14885,12.57786],[125.14879,12.57825],[125.14856,12.57834],[125.14857,12.5787],[125.14833,12.57877],[125.14837,12.57915],[125.14822,12.57984],[125.14802,12.58012],[125.14814,12.58058],[125.14796,12.58078],[125.14782,12.58156],[125.14758,12.58205],[125.14737,12.58212],[125.14709,12.58255],[125.14705,12.583],[125.14638,12.58364],[125.14635,12.58385],[125.1456,12.58434],[125.14577,12.58474],[125.14534,12.58483],[125.14453,12.58446],[125.1442,12.58421],[125.14352,12.58425],[125.14292,12.58406],[125.14251,12.58383],[125.14205,12.58342],[125.14211,12.58314],[125.14189,12.58298],[125.14133,12.58166],[125.14137,12.58134],[125.14114,12.58096],[125.14166,12.58014],[125.14195,12.57999],[125.1417,12.57972],[125.14174,12.57909],[125.14143,12.5787],[125.14138,12.57836],[125.14114,12.57823],[125.14088,12.57776],[125.14152,12.57682],[125.14152,12.57648],[125.14211,12.57638],[125.14216,12.5759],[125.14237,12.5757],[125.14249,12.5753],[125.14232,12.57492],[125.14231,12.57427],[125.14214,12.57412],[125.14179,12.57436],[125.14132,12.57447],[125.14011,12.57409],[125.13961,12.57424],[125.13911,12.57385],[125.13901,12.57347],[125.13874,12.57335],[125.13866,12.573],[125.13823,12.57244],[125.13771,12.57213],[125.13731,12.57194],[125.13708,12.57232],[125.13695,12.57281],[125.13665,12.57276],[125.13662,12.57312],[125.13601,12.57309],[125.13579,12.57283],[125.13605,12.57263],[125.13553,12.5721],[125.1348,12.57209],[125.13374,12.57225],[125.13214,12.5715],[125.13191,12.57122],[125.12985,12.57032],[125.12802,12.56938],[125.12691,12.56925],[125.12616,12.56935],[125.12526,12.56926],[125.12487,12.5691],[125.1241,12.5686],[125.12332,12.56829],[125.12206,12.56761],[125.12073,12.56716],[125.11941,12.56685],[125.1189,12.56649],[125.11849,12.56593],[125.11741,12.5651],[125.11658,12.56478],[125.11612,12.56474],[125.11529,12.565],[125.11463,12.56497],[125.11426,12.56486],[125.11388,12.56453],[125.11256,12.56374],[125.11163,12.56349],[125.11096,12.56344],[125.11052,12.56354],[125.11012,12.56381],[125.1095,12.56486],[125.10892,12.56561],[125.10881,12.56628],[125.10854,12.5669],[125.10828,12.56781],[125.10789,12.56863],[125.10771,12.56887],[125.10702,12.56946],[125.10645,12.56953],[125.10591,12.56935],[125.10573,12.56939],[125.10448,12.56841],[125.10429,12.56868],[125.104,12.56909],[125.10483,12.56986],[125.10441,12.5699],[125.10338,12.56924],[125.103,12.56927],[125.10216,12.56959],[125.1015,12.5701],[125.10095,12.57093],[125.1008,12.57135],[125.10042,12.57197],[125.10017,12.5729],[125.09966,12.57412],[125.09938,12.57517],[125.09919,12.57613],[125.09912,12.57732],[125.09915,12.57811],[125.09924,12.57869],[125.09951,12.57917],[125.09988,12.5795],[125.10012,12.58046],[125.09996,12.58082],[125.10003,12.58122],[125.09981,12.58163],[125.09951,12.58185],[125.09882,12.5818],[125.09863,12.58198],[125.09792,12.58225],[125.09726,12.58234],[125.09712,12.58252],[125.09647,12.58266],[125.09571,12.58268],[125.09465,12.58234],[125.09437,12.5824],[125.09419,12.58198],[125.09353,12.58149],[125.09273,12.58125],[125.09211,12.58138],[125.0918,12.58169],[125.09107,12.58174],[125.09057,12.58203],[125.09004,12.5825],[125.08953,12.58226],[125.08877,12.58258],[125.08821,12.5826],[125.08697,12.58245],[125.086,12.58196],[125.08583,12.5814],[125.08559,12.58142],[125.08542,12.58096],[125.08516,12.5808],[125.08488,12.58038],[125.08475,12.57994],[125.08424,12.57947],[125.08387,12.57928],[125.08356,12.57932],[125.08342,12.5789],[125.08311,12.57873],[125.0824,12.5786],[125.08213,12.57844],[125.08206,12.57815],[125.08163,12.57768],[125.08065,12.57734],[125.07988,12.57735],[125.07893,12.5777],[125.07869,12.57803],[125.07802,12.57833],[125.07748,12.57835],[125.07738,12.57855],[125.07684,12.57855],[125.07646,12.57868],[125.07608,12.5786],[125.07519,12.5787],[125.07422,12.57899],[125.07282,12.57882],[125.07278,12.57841],[125.07254,12.57806],[125.07276,12.57705],[125.07303,12.57686],[125.07311,12.57658],[125.07304,12.57611],[125.07344,12.57597],[125.07336,12.57519],[125.07313,12.57454],[125.07294,12.57424],[125.07318,12.57396],[125.07321,12.57369],[125.07383,12.57289],[125.07421,12.5723],[125.07452,12.57213],[125.075,12.57206],[125.07524,12.57224],[125.07542,12.57196],[125.07617,12.57217],[125.07629,12.57235],[125.07689,12.57188],[125.07685,12.57168],[125.07641,12.57168],[125.07718,12.57093],[125.07698,12.57039],[125.07638,12.57003],[125.07563,12.57001],[125.07549,12.56971],[125.07503,12.57008],[125.07472,12.57012],[125.07443,12.5705],[125.07448,12.57105],[125.07399,12.57061],[125.07344,12.57045],[125.07325,12.57019],[125.07284,12.57047],[125.07272,12.57006],[125.07241,12.57009],[125.07207,12.56953],[125.072,12.56903],[125.07236,12.56872],[125.07261,12.56872],[125.07314,12.56795],[125.07347,12.56803],[125.07368,12.56785],[125.07412,12.56776],[125.07457,12.56746],[125.07469,12.56715],[125.07501,12.56702],[125.07514,12.56628],[125.0751,12.56574],[125.07546,12.56521],[125.07592,12.5648],[125.07606,12.56422],[125.07637,12.5639],[125.07668,12.5631],[125.07688,12.56291],[125.07739,12.56211],[125.0776,12.56201],[125.07836,12.5619],[125.07895,12.56159],[125.07928,12.56123],[125.07986,12.56085],[125.08015,12.56037],[125.08044,12.56022],[125.08101,12.56013],[125.0809,12.55973],[125.08047,12.5598],[125.07967,12.5599],[125.07893,12.55987],[125.07846,12.55954],[125.07868,12.5592],[125.07939,12.55873],[125.0796,12.55849],[125.07985,12.55868],[125.0803,12.55864],[125.08043,12.55827],[125.08046,12.55766],[125.08111,12.55775],[125.08113,12.55753],[125.08055,12.55727],[125.08033,12.55697],[125.08076,12.55674],[125.08054,12.55613],[125.08021,12.5557],[125.08037,12.55534],[125.08011,12.55438],[125.0798,12.55361],[125.07943,12.55315],[125.07973,12.55266],[125.08028,12.55247],[125.08059,12.55257],[125.08115,12.55241],[125.08168,12.55237],[125.08182,12.5522],[125.08258,12.55189],[125.08195,12.55138],[125.08172,12.55063],[125.08148,12.55039],[125.08126,12.54992],[125.08133,12.54964],[125.08113,12.54943],[125.08121,12.54913],[125.08091,12.54865],[125.08044,12.54837],[125.08026,12.54806],[125.08046,12.5473],[125.08042,12.5466],[125.08026,12.54602],[125.08033,12.54582],[125.0797,12.54534],[125.07944,12.54514],[125.07962,12.54447],[125.07976,12.54439],[125.07998,12.54358],[125.08032,12.54327],[125.08061,12.54326],[125.08121,12.54356],[125.08139,12.54336],[125.0808,12.54285],[125.08068,12.54251],[125.08099,12.54209],[125.08086,12.54179],[125.08104,12.54103],[125.08141,12.54077],[125.08068,12.54028],[125.08031,12.54019],[125.08004,12.53977],[125.07946,12.53945],[125.07938,12.53885],[125.07909,12.53896],[125.07874,12.53889],[125.07813,12.53857],[125.07761,12.53801],[125.07728,12.5378],[125.07718,12.53757],[125.07682,12.53733],[125.07924,12.52245],[125.0802,12.51654],[125.08074,12.51326],[125.08229,12.50206],[125.08299,12.50248],[125.0837,12.50253],[125.08403,12.50235],[125.08425,12.50183],[125.08412,12.50145],[125.0828,12.50005],[125.08274,12.4998],[125.08288,12.49879],[125.08279,12.49855],[125.08304,12.49662],[125.08494,12.48211],[125.08598,12.47422],[125.07582,12.47355],[125.07626,12.4731],[125.07668,12.47242],[125.07695,12.47241],[125.07763,12.47295],[125.07938,12.47303],[125.07957,12.47292],[125.07986,12.47243],[125.07986,12.47214],[125.08024,12.47144],[125.08071,12.47139],[125.08125,12.47099],[125.08093,12.4704],[125.08072,12.46969],[125.08063,12.46903],[125.08119,12.46815],[125.0821,12.46766],[125.08235,12.46733],[125.08286,12.46717],[125.08331,12.46742],[125.0834,12.46718],[125.0833,12.46676],[125.08354,12.46644],[125.08406,12.46629],[125.084,12.46606],[125.08352,12.46578],[125.08364,12.46532],[125.08425,12.46506],[125.08421,12.46478],[125.08389,12.46447],[125.08406,12.46431],[125.0846,12.46423],[125.08571,12.46379],[125.08513,12.46345],[125.08513,12.46317],[125.08554,12.46289],[125.08572,12.46259],[125.08575,12.4622],[125.08545,12.46194],[125.08506,12.46204],[125.08451,12.46204],[125.08448,12.46154],[125.08478,12.46142],[125.08533,12.46165],[125.08547,12.46095],[125.10739,12.46139],[125.12558,12.46206],[125.13976,12.46254],[125.16715,12.46348],[125.16779,12.4635]]],[[[125.14344,12.60189],[125.14243,12.60185],[125.14221,12.60149],[125.14155,12.60139],[125.14109,12.6016],[125.14093,12.60144],[125.14032,12.60167],[125.13971,12.60177],[125.13864,12.60145],[125.13837,12.60163],[125.13788,12.60119],[125.13783,12.6008],[125.13742,12.60018],[125.13714,12.59998],[125.13706,12.59936],[125.13635,12.59919],[125.13616,12.5989],[125.13639,12.59793],[125.13628,12.59743],[125.13656,12.59708],[125.13629,12.59669],[125.13617,12.59591],[125.13629,12.59566],[125.13636,12.59411],[125.1366,12.59362],[125.13693,12.59317],[125.13688,12.59298],[125.1371,12.59253],[125.13784,12.59207],[125.13804,12.59184],[125.13852,12.59066],[125.13882,12.59054],[125.13903,12.59074],[125.13918,12.59019],[125.13897,12.58946],[125.13891,12.58874],[125.13928,12.58789],[125.13963,12.58744],[125.13974,12.58705],[125.1402,12.58672],[125.14036,12.58648],[125.14109,12.58595],[125.14143,12.58582],[125.14216,12.58508],[125.14248,12.58494],[125.14345,12.58494],[125.14399,12.58516],[125.1442,12.58507],[125.14454,12.58523],[125.14541,12.58615],[125.14617,12.5864],[125.14661,12.58699],[125.14668,12.58725],[125.14649,12.58747],[125.14692,12.58802],[125.14734,12.58826],[125.14777,12.58876],[125.1483,12.58887],[125.14882,12.5894],[125.14904,12.5902],[125.14891,12.59042],[125.14897,12.59098],[125.14889,12.59181],[125.14846,12.59242],[125.14853,12.59269],[125.14836,12.5931],[125.14812,12.5933],[125.14807,12.59378],[125.14792,12.59406],[125.14789,12.59494],[125.14774,12.59523],[125.14771,12.59574],[125.1481,12.59598],[125.14806,12.59645],[125.14771,12.59694],[125.14752,12.59736],[125.14719,12.59739],[125.147,12.59759],[125.14684,12.59851],[125.14689,12.59882],[125.14661,12.59914],[125.14599,12.59944],[125.14545,12.59991],[125.14518,12.59997],[125.14499,12.6003],[125.14479,12.60106],[125.14444,12.60126],[125.14381,12.60182],[125.14344,12.60189]]],[[[125.12894,12.5779],[125.12889,12.57826],[125.12838,12.57895],[125.12787,12.57915],[125.12738,12.57899],[125.12733,12.57879],[125.12761,12.57824],[125.12797,12.57788],[125.1283,12.57782],[125.12894,12.5779]]],[[[125.0308,12.47113],[125.02602,12.47036],[125.01158,12.46974],[125.01206,12.45664],[125.032,12.458],[125.03827,12.45841],[125.03815,12.45977],[125.03732,12.46209],[125.03615,12.46415],[125.03427,12.46555],[125.03167,12.46648],[125.03039,12.46729],[125.02992,12.46817],[125.03032,12.46972],[125.0308,12.47113]]]]}},{"type":"Feature","properties":{"code":"0804815000","name":"Pambujan","kind":"Municipality","provinceCode":"0804800000","province":"Northern Samar","areaKm2":162,"labelPoint":[124.93566,12.39292]},"geometry":{"type":"Polygon","coordinates":[[[124.89951,12.56784],[124.89869,12.56809],[124.89776,12.56851],[124.89713,12.56892],[124.8968,12.56929],[124.89636,12.56954],[124.89378,12.5707],[124.89315,12.57124],[124.8925,12.57165],[124.89188,12.57184],[124.89163,12.57167],[124.89028,12.57162],[124.89024,12.57211],[124.88992,12.57306],[124.88992,12.57411],[124.88961,12.57446],[124.88978,12.57471],[124.88969,12.57534],[124.88891,12.57589],[124.88863,12.57635],[124.8885,12.57679],[124.88828,12.57676],[124.88805,12.57723],[124.88741,12.57735],[124.88704,12.57762],[124.88669,12.57756],[124.88662,12.57794],[124.88573,12.57779],[124.8853,12.57789],[124.88451,12.57772],[124.8843,12.57778],[124.88396,12.57744],[124.88342,12.57742],[124.88317,12.57724],[124.88279,12.57726],[124.88212,12.57721],[124.88212,12.57749],[124.88175,12.57778],[124.88123,12.57727],[124.87985,12.57761],[124.8796,12.57739],[124.8788,12.57744],[124.87804,12.57718],[124.87761,12.57731],[124.87676,12.57721],[124.87619,12.57751],[124.87585,12.5773],[124.875,12.5778],[124.87508,12.57819],[124.87531,12.57855],[124.87493,12.57921],[124.87441,12.57941],[124.87393,12.57975],[124.87343,12.57967],[124.87318,12.58002],[124.87235,12.58014],[124.87242,12.57978],[124.87226,12.5795],[124.87173,12.57964],[124.87127,12.57951],[124.87114,12.58003],[124.87069,12.58022],[124.86916,12.58039],[124.86818,12.58033],[124.86803,12.5807],[124.8673,12.58111],[124.86712,12.58165],[124.86678,12.58128],[124.8664,12.58163],[124.86606,12.58216],[124.86583,12.582],[124.86562,12.58222],[124.86518,12.58212],[124.8648,12.58176],[124.86429,12.58205],[124.86401,12.58174],[124.86354,12.58184],[124.86312,12.58213],[124.86282,12.58255],[124.86284,12.58297],[124.86233,12.58304],[124.86225,12.58332],[124.86186,12.58343],[124.86114,12.58304],[124.86056,12.58314],[124.86034,12.58366],[124.86029,12.58407],[124.85995,12.58404],[124.85985,12.58431],[124.85872,12.58462],[124.85848,12.58456],[124.8583,12.58423],[124.85806,12.5842],[124.85748,12.5836],[124.85748,12.58323],[124.85716,12.58325],[124.857,12.58276],[124.85724,12.58236],[124.85776,12.58201],[124.85799,12.58165],[124.85837,12.5813],[124.85933,12.58088],[124.85987,12.58048],[124.86012,12.58046],[124.86096,12.57999],[124.86142,12.57939],[124.86186,12.57926],[124.86203,12.57901],[124.86244,12.57888],[124.86252,12.57861],[124.86334,12.57813],[124.86437,12.57803],[124.86468,12.57814],[124.86497,12.57778],[124.8654,12.57774],[124.86647,12.57736],[124.86726,12.57693],[124.86849,12.57651],[124.86882,12.57676],[124.86909,12.57671],[124.86992,12.57627],[124.87041,12.57645],[124.87132,12.57591],[124.87266,12.57574],[124.87334,12.57525],[124.87457,12.57499],[124.87498,12.57437],[124.87534,12.57368],[124.87433,12.57273],[124.87444,12.57268],[124.87556,12.57379],[124.87604,12.57355],[124.87641,12.57318],[124.87721,12.57286],[124.87755,12.57262],[124.87828,12.57187],[124.87863,12.5714],[124.87901,12.57042],[124.8791,12.56992],[124.87943,12.56943],[124.87963,12.56895],[124.88016,12.56832],[124.88073,12.56777],[124.88126,12.56735],[124.88225,12.5661],[124.88257,12.56584],[124.88268,12.56556],[124.8827,12.56501],[124.88249,12.56174],[124.88236,12.56065],[124.88191,12.5582],[124.88146,12.55671],[124.8817,12.55713],[124.88257,12.55624],[124.88923,12.55218],[124.89473,12.54883],[124.89622,12.54892],[124.89636,12.54786],[124.89713,12.54657],[124.8975,12.54497],[124.90891,12.53365],[124.90852,12.53096],[124.90779,12.52913],[124.90751,12.52792],[124.90753,12.52689],[124.90803,12.52644],[124.90871,12.52655],[124.90978,12.52704],[124.91061,12.5275],[124.91184,12.52759],[124.91264,12.52738],[124.91351,12.52649],[124.91479,12.52601],[124.91584,12.52597],[124.91678,12.52616],[124.91741,12.52683],[124.91866,12.52789],[124.91918,12.52818],[124.92069,12.5283],[124.92141,12.52795],[124.92214,12.5269],[124.92284,12.52529],[124.9236,12.52451],[124.92427,12.52417],[124.92545,12.52427],[124.92691,12.52444],[124.92796,12.52444],[124.92879,12.5242],[124.92935,12.52359],[124.92946,12.52216],[124.92901,12.52128],[124.92799,12.5207],[124.92719,12.52016],[124.92635,12.51897],[124.92499,12.51598],[124.92416,12.51458],[124.92238,12.51107],[124.92168,12.50896],[124.92065,12.50686],[124.92005,12.50535],[124.9198,12.50288],[124.91941,12.49989],[124.91961,12.49865],[124.9203,12.49785],[124.91722,12.48101],[124.91685,12.47891],[124.91561,12.47216],[124.91407,12.47158],[124.91347,12.47059],[124.9159,12.46861],[124.91649,12.46779],[124.91713,12.46627],[124.91787,12.46576],[124.91944,12.46532],[124.92015,12.46491],[124.9206,12.46433],[124.92071,12.46359],[124.9204,12.46274],[124.92105,12.46158],[124.92274,12.46087],[124.92308,12.45991],[124.92319,12.45905],[124.92231,12.45538],[124.92131,12.4534],[124.92037,12.45156],[124.91973,12.44989],[124.91964,12.44942],[124.92004,12.44788],[124.91998,12.44711],[124.9197,12.44632],[124.91905,12.44541],[124.91913,12.445],[124.91998,12.44412],[124.91205,12.42911],[124.89909,12.40461],[124.88749,12.38266],[124.90724,12.36689],[124.92765,12.35091],[124.95777,12.34395],[124.96159,12.354],[124.96927,12.37307],[124.97293,12.38218],[124.97354,12.39437],[124.97397,12.40359],[124.97423,12.40827],[124.97467,12.4172],[124.97528,12.42943],[124.97562,12.43635],[124.97589,12.44167],[124.97624,12.44865],[124.97668,12.45559],[124.97539,12.46491],[124.97272,12.47165],[124.97096,12.4761],[124.96739,12.48662],[124.96457,12.49512],[124.96244,12.50662],[124.96088,12.51727],[124.96031,12.52749],[124.9611,12.53775],[124.96145,12.54225],[124.96449,12.54759],[124.9633,12.54752],[124.96285,12.5476],[124.96257,12.5481],[124.9629,12.54873],[124.96332,12.54903],[124.9637,12.54907],[124.96527,12.54875],[124.96606,12.54875],[124.96633,12.54887],[124.96633,12.54927],[124.96567,12.55057],[124.96527,12.55164],[124.96503,12.552],[124.9647,12.55226],[124.96375,12.55268],[124.96319,12.55312],[124.96237,12.55487],[124.96191,12.55553],[124.96189,12.55588],[124.9623,12.55693],[124.9625,12.55791],[124.96203,12.5579],[124.962,12.55861],[124.96161,12.55899],[124.9611,12.55915],[124.96096,12.56021],[124.96165,12.56062],[124.96224,12.56127],[124.96287,12.56146],[124.96354,12.5621],[124.96455,12.56275],[124.96431,12.56288],[124.96354,12.56261],[124.96375,12.56339],[124.96414,12.56383],[124.96426,12.56414],[124.96415,12.56473],[124.9636,12.56603],[124.96358,12.56639],[124.96339,12.56696],[124.96338,12.56746],[124.96357,12.56786],[124.96361,12.56822],[124.96344,12.56864],[124.96282,12.56952],[124.96239,12.5705],[124.96163,12.57169],[124.96118,12.57223],[124.96092,12.57269],[124.96118,12.57296],[124.96121,12.57339],[124.96084,12.57356],[124.96072,12.57406],[124.96031,12.57477],[124.95935,12.57591],[124.95908,12.57532],[124.9589,12.57549],[124.95893,12.57596],[124.95909,12.57634],[124.95935,12.57644],[124.95951,12.57691],[124.95937,12.57772],[124.95955,12.57857],[124.95989,12.57916],[124.96021,12.57941],[124.96108,12.57974],[124.96155,12.58016],[124.96174,12.58056],[124.96191,12.58131],[124.96204,12.58141],[124.96197,12.58196],[124.96163,12.58235],[124.96139,12.58221],[124.96106,12.58246],[124.96044,12.58253],[124.95971,12.58286],[124.95939,12.58313],[124.95905,12.58323],[124.95879,12.58312],[124.95777,12.5834],[124.95649,12.58411],[124.95599,12.58408],[124.95569,12.58371],[124.95586,12.5834],[124.95581,12.58254],[124.95546,12.58176],[124.95489,12.58069],[124.95454,12.58023],[124.954,12.57931],[124.95401,12.57915],[124.95361,12.57853],[124.95331,12.57826],[124.95258,12.57787],[124.95112,12.57731],[124.95005,12.5768],[124.94945,12.57635],[124.94885,12.57606],[124.94835,12.57593],[124.94749,12.57583],[124.94678,12.57582],[124.94583,12.5759],[124.94554,12.57577],[124.94538,12.57534],[124.94517,12.57517],[124.9451,12.57481],[124.94412,12.5733],[124.94283,12.57174],[124.94243,12.57147],[124.94202,12.57102],[124.94132,12.57086],[124.94106,12.57051],[124.94076,12.57039],[124.94021,12.57036],[124.93972,12.57056],[124.93926,12.57002],[124.93779,12.56926],[124.93709,12.56905],[124.93678,12.56886],[124.93504,12.56817],[124.93305,12.56753],[124.9318,12.56734],[124.93099,12.56701],[124.93027,12.56688],[124.92963,12.56694],[124.92921,12.56714],[124.9287,12.56708],[124.92793,12.56717],[124.92691,12.5671],[124.92618,12.56679],[124.92567,12.56659],[124.92462,12.56663],[124.92385,12.56673],[124.92236,12.56669],[124.92147,12.56662],[124.91949,12.56681],[124.9183,12.56673],[124.91801,12.56677],[124.91669,12.56669],[124.91594,12.56671],[124.91504,12.56683],[124.91423,12.56667],[124.91385,12.5667],[124.91331,12.56688],[124.91285,12.56685],[124.91191,12.56663],[124.91064,12.56688],[124.90953,12.56691],[124.9089,12.56707],[124.90787,12.56706],[124.90757,12.56695],[124.90679,12.56694],[124.90543,12.56715],[124.90398,12.56715],[124.90319,12.567],[124.90159,12.56727],[124.90127,12.56725],[124.90054,12.56744],[124.89951,12.56784]]]}},{"type":"Feature","properties":{"code":"0806022000","name":"Paranas","kind":"Municipality","provinceCode":"0806000000","province":"Samar Province","areaKm2":513,"labelPoint":[125.14118,11.89464]},"geometry":{"type":"Polygon","coordinates":[[[125.19247,12.00367],[125.14156,12.00963],[125.11635,11.99295],[125.09479,11.99342],[125.06168,11.98314],[125.05507,11.98091],[125.05615,11.96947],[125.05648,11.96122],[125.06667,11.95275],[125.05311,11.94289],[125.04999,11.93526],[125.0522,11.93256],[125.05027,11.92623],[125.04976,11.92255],[125.04368,11.91946],[125.03702,11.9161],[125.03751,11.90686],[125.04459,11.89137],[125.03663,11.88453],[125.0384,11.87049],[125.04605,11.84665],[125.04805,11.84122],[125.04834,11.84048],[125.05226,11.82454],[125.05132,11.82431],[125.05049,11.8235],[125.04865,11.82187],[125.04765,11.82133],[125.04547,11.82086],[125.0435,11.8209],[125.04471,11.81906],[125.04523,11.81778],[125.0401,11.81355],[125.02618,11.81265],[125.01894,11.79881],[125.01685,11.79421],[125.01317,11.78337],[125.01205,11.78081],[125.01135,11.77782],[125.01161,11.77795],[125.0121,11.77861],[125.01259,11.77844],[125.01292,11.77849],[125.01294,11.77742],[125.01313,11.77742],[125.01368,11.77655],[125.01398,11.77633],[125.01423,11.77638],[125.01439,11.77596],[125.01489,11.77554],[125.01554,11.77528],[125.01568,11.77504],[125.01608,11.77496],[125.01609,11.77464],[125.01649,11.77433],[125.01683,11.77378],[125.01731,11.77372],[125.01743,11.77327],[125.01715,11.77312],[125.01738,11.77282],[125.0181,11.77269],[125.01796,11.77244],[125.01834,11.77217],[125.01836,11.77177],[125.01895,11.77182],[125.01935,11.77184],[125.0201,11.77069],[125.01987,11.77043],[125.01986,11.77014],[125.02051,11.76887],[125.02137,11.76738],[125.02188,11.76652],[125.02193,11.76624],[125.02239,11.76553],[125.02285,11.76531],[125.02336,11.76534],[125.02374,11.76561],[125.02417,11.76617],[125.02458,11.76594],[125.02572,11.76644],[125.02646,11.76658],[125.02685,11.76682],[125.02694,11.76651],[125.0274,11.76666],[125.02778,11.76659],[125.02836,11.76692],[125.02892,11.76711],[125.02897,11.76693],[125.03003,11.76658],[125.03037,11.76639],[125.03042,11.76601],[125.03075,11.76578],[125.03112,11.76594],[125.03143,11.76568],[125.03174,11.76521],[125.0321,11.76501],[125.03246,11.76503],[125.03303,11.76426],[125.03344,11.76397],[125.03346,11.76379],[125.03435,11.76312],[125.03439,11.76257],[125.03489,11.76224],[125.03541,11.76164],[125.03591,11.76171],[125.0361,11.76151],[125.03608,11.76089],[125.03662,11.76021],[125.03689,11.75963],[125.03717,11.75942],[125.03741,11.75903],[125.03786,11.75868],[125.03802,11.75859],[125.03802,11.7581],[125.03852,11.75793],[125.03894,11.75711],[125.04073,11.75518],[125.04124,11.75466],[125.04238,11.7531],[125.04305,11.75246],[125.04327,11.75215],[125.04288,11.75192],[125.04245,11.75197],[125.04167,11.75181],[125.04142,11.75161],[125.04139,11.75118],[125.04187,11.75083],[125.04216,11.75036],[125.04294,11.75005],[125.04306,11.74989],[125.0436,11.75],[125.04379,11.75029],[125.04411,11.75002],[125.04444,11.75003],[125.04434,11.74917],[125.04392,11.74854],[125.04329,11.74787],[125.04241,11.7474],[125.04201,11.74662],[125.04197,11.74591],[125.0416,11.74668],[125.04134,11.74698],[125.04122,11.74595],[125.04154,11.74529],[125.04205,11.74533],[125.04231,11.74518],[125.0422,11.74478],[125.0413,11.74494],[125.04113,11.74472],[125.04053,11.74466],[125.04067,11.74414],[125.04007,11.74416],[125.03955,11.74398],[125.03928,11.74352],[125.03934,11.74333],[125.039,11.74313],[125.03868,11.74272],[125.03891,11.74202],[125.03908,11.74132],[125.03954,11.74076],[125.03981,11.73983],[125.03978,11.73951],[125.04043,11.73894],[125.04046,11.73816],[125.04064,11.73748],[125.04043,11.73736],[125.04058,11.73695],[125.04054,11.73646],[125.04038,11.73593],[125.0405,11.73577],[125.04033,11.73531],[125.04057,11.73438],[125.04035,11.7344],[125.04031,11.73334],[125.04015,11.73297],[125.04011,11.73254],[125.04023,11.73146],[125.04071,11.72924],[125.04078,11.72828],[125.04087,11.72791],[125.04088,11.72718],[125.04071,11.72628],[125.04075,11.72602],[125.04075,11.72545],[125.04068,11.72521],[125.0405,11.72372],[125.04011,11.72182],[125.04011,11.7211],[125.04032,11.71975],[125.04071,11.71916],[125.04103,11.71851],[125.04138,11.71802],[125.04188,11.71785],[125.04247,11.71788],[125.04307,11.71809],[125.04371,11.71819],[125.04445,11.71847],[125.04659,11.71975],[125.04776,11.7201],[125.04864,11.72017],[125.04913,11.71986],[125.04928,11.7192],[125.05635,11.71847],[125.06627,11.73054],[125.07834,11.72991],[125.11472,11.75143],[125.12552,11.75782],[125.17601,11.79414],[125.21298,11.83278],[125.22824,11.84587],[125.2422,11.85784],[125.25418,11.86961],[125.25329,11.87215],[125.24306,11.89131],[125.24063,11.89587],[125.23397,11.91879],[125.2255,11.93774],[125.20017,11.9883],[125.19247,12.00367]]]}},{"type":"Feature","properties":{"code":"0806013000","name":"Pinabacdao","kind":"Municipality","provinceCode":"0806000000","province":"Samar Province","areaKm2":99,"labelPoint":[125.0377,11.53404]},"geometry":{"type":"Polygon","coordinates":[[[124.98386,11.58447],[124.98731,11.5826],[124.99141,11.57906],[124.9926,11.57956],[124.99328,11.57891],[124.99365,11.57877],[124.99421,11.57838],[124.99481,11.57827],[124.99498,11.57802],[124.99491,11.57766],[124.99452,11.57741],[124.99455,11.57707],[124.99495,11.5772],[124.99526,11.577],[124.99512,11.57678],[124.99516,11.57634],[124.99488,11.576],[124.99526,11.57566],[124.99568,11.57551],[124.9962,11.57512],[124.99627,11.57482],[124.99663,11.575],[124.99723,11.57472],[124.99732,11.57434],[124.9982,11.57424],[124.9984,11.57407],[124.99851,11.57343],[124.99931,11.57336],[124.99884,11.57295],[124.99862,11.57254],[124.99864,11.5721],[124.99892,11.57203],[124.99893,11.57153],[124.99917,11.57097],[124.99949,11.57124],[125.00016,11.57081],[125.00041,11.57086],[125.00074,11.57126],[125.00209,11.57027],[125.00249,11.56938],[125.00294,11.56832],[125.00305,11.56746],[125.00333,11.56713],[125.00414,11.56668],[125.00447,11.56608],[125.0046,11.56518],[125.00472,11.56494],[125.00596,11.56446],[125.00628,11.56423],[125.00668,11.56324],[125.00715,11.56305],[125.00832,11.56288],[125.00798,11.56257],[125.00701,11.56188],[125.00698,11.5599],[125.00878,11.55045],[125.01015,11.54261],[125.01116,11.53612],[125.01153,11.5335],[125.01296,11.52336],[125.01346,11.52061],[125.01491,11.50805],[125.03996,11.50812],[125.04188,11.49987],[125.04397,11.49054],[125.082,11.49653],[125.13697,11.51432],[125.14038,11.53306],[125.13713,11.54811],[125.11969,11.54307],[125.11759,11.54238],[125.11258,11.54121],[125.09407,11.53887],[125.0874,11.53801],[125.07201,11.53932],[125.06202,11.5445],[125.05205,11.55895],[125.04288,11.56593],[125.038,11.56971],[125.03412,11.57337],[125.02319,11.58339],[125.02149,11.58519],[125.02047,11.58615],[125.01778,11.5882],[125.01593,11.58952],[125.01826,11.602],[125.01282,11.60193],[125.00942,11.60693],[125.00814,11.61298],[125.00348,11.61444],[124.99791,11.62063],[124.99877,11.62955],[124.99904,11.63699],[124.99884,11.63774],[124.99846,11.63808],[124.99832,11.63851],[124.99791,11.63872],[124.99768,11.63977],[124.99697,11.64021],[124.99694,11.64043],[124.99698,11.64078],[124.9966,11.64107],[124.99618,11.64073],[124.996,11.64],[124.99517,11.63984],[124.99444,11.64036],[124.99393,11.64126],[124.99232,11.64154],[124.99171,11.64153],[124.99051,11.64123],[124.98985,11.64087],[124.98888,11.63995],[124.98826,11.63876],[124.98883,11.63858],[124.98875,11.63774],[124.98887,11.63742],[124.98862,11.63721],[124.98872,11.63699],[124.98856,11.63658],[124.98866,11.63585],[124.98849,11.63478],[124.98846,11.63395],[124.98853,11.63373],[124.98842,11.63322],[124.98875,11.63268],[124.98852,11.63231],[124.9891,11.63177],[124.98957,11.63171],[124.98965,11.63107],[124.9895,11.63107],[124.98956,11.63035],[124.98944,11.63007],[124.98958,11.62984],[124.98948,11.62878],[124.98969,11.62755],[124.98966,11.62729],[124.98996,11.62713],[124.99015,11.62681],[124.99096,11.62621],[124.99137,11.62574],[124.99209,11.62543],[124.9922,11.62514],[124.9929,11.6248],[124.99326,11.62414],[124.99373,11.62377],[124.99432,11.62242],[124.99455,11.622],[124.99465,11.62117],[124.99485,11.62087],[124.99462,11.62059],[124.9946,11.61959],[124.9947,11.61939],[124.99456,11.61892],[124.99449,11.6182],[124.99432,11.61768],[124.99401,11.61728],[124.99372,11.61656],[124.99377,11.61589],[124.99348,11.61578],[124.99367,11.61538],[124.99396,11.61516],[124.99378,11.61452],[124.99348,11.61469],[124.99326,11.61484],[124.99258,11.61485],[124.99232,11.61432],[124.99203,11.61399],[124.99154,11.61309],[124.99126,11.6124],[124.99115,11.61181],[124.99,11.61182],[124.99005,11.61211],[124.98957,11.61314],[124.98938,11.61369],[124.989,11.61387],[124.9891,11.61424],[124.98903,11.61461],[124.98844,11.61504],[124.9887,11.61555],[124.98828,11.61665],[124.98767,11.61701],[124.98743,11.61734],[124.98749,11.6176],[124.9864,11.61737],[124.98591,11.61737],[124.98498,11.61697],[124.98387,11.61621],[124.98346,11.61572],[124.98326,11.61581],[124.98273,11.6155],[124.98228,11.61504],[124.98229,11.61475],[124.98167,11.61473],[124.98162,11.6145],[124.98111,11.61446],[124.98034,11.61387],[124.97986,11.61376],[124.97923,11.61318],[124.97907,11.61327],[124.97856,11.61288],[124.97822,11.61278],[124.97804,11.61248],[124.9777,11.61225],[124.97727,11.61216],[124.97683,11.61191],[124.97644,11.61157],[124.97611,11.61143],[124.97595,11.6112],[124.97563,11.61127],[124.97556,11.611],[124.97504,11.61073],[124.97452,11.61033],[124.97396,11.60975],[124.97338,11.60865],[124.97327,11.60837],[124.97354,11.60808],[124.97317,11.60742],[124.97218,11.60791],[124.97184,11.60838],[124.97082,11.60786],[124.97094,11.60746],[124.97079,11.60689],[124.9706,11.60673],[124.97055,11.60636],[124.97025,11.60564],[124.97003,11.60544],[124.96994,11.60507],[124.96905,11.60365],[124.96887,11.60321],[124.96844,11.60256],[124.96814,11.60225],[124.96766,11.60157],[124.96756,11.6013],[124.96778,11.60113],[124.96753,11.60082],[124.96684,11.60074],[124.965,11.59976],[124.97551,11.5892],[124.97925,11.58666],[124.97945,11.58642],[124.97999,11.58614],[124.98063,11.58637],[124.98104,11.58607],[124.98386,11.58447]]]}},{"type":"Feature","properties":{"code":"0802618000","name":"Quinapondan","kind":"Municipality","provinceCode":"0802600000","province":"Eastern Samar","areaKm2":86,"labelPoint":[125.51075,11.17473]},"geometry":{"type":"MultiPolygon","coordinates":[[[[125.45636,11.1938],[125.47168,11.18003],[125.4858,11.15592],[125.49131,11.14645],[125.49803,11.13354],[125.49999,11.1223],[125.5088,11.11172],[125.51264,11.1013],[125.51266,11.10105],[125.51304,11.10098],[125.51282,11.10136],[125.51357,11.10175],[125.51391,11.10174],[125.51431,11.10205],[125.51466,11.10288],[125.51472,11.10336],[125.51444,11.10428],[125.51414,11.10456],[125.5147,11.10515],[125.51479,11.10579],[125.51491,11.10604],[125.5153,11.10524],[125.51541,11.10373],[125.51572,11.1033],[125.5163,11.10332],[125.51636,11.104],[125.51669,11.10429],[125.51696,11.10476],[125.51708,11.10552],[125.51708,11.10606],[125.51743,11.10613],[125.51759,11.10645],[125.51808,11.10661],[125.51839,11.10682],[125.51876,11.10681],[125.51905,11.10722],[125.51892,11.10858],[125.51893,11.10899],[125.51915,11.10963],[125.51892,11.11006],[125.51914,11.11033],[125.51907,11.11068],[125.51855,11.11091],[125.5184,11.11142],[125.51875,11.1117],[125.51942,11.11165],[125.51989,11.11186],[125.52031,11.11184],[125.52033,11.11211],[125.51971,11.11323],[125.51936,11.11308],[125.5193,11.11284],[125.51898,11.11262],[125.51854,11.11259],[125.51819,11.11235],[125.51784,11.11257],[125.51794,11.11327],[125.51789,11.11402],[125.51897,11.11452],[125.51901,11.11499],[125.51856,11.11492],[125.51825,11.11457],[125.51793,11.11446],[125.51751,11.11465],[125.51668,11.11455],[125.51621,11.11422],[125.51592,11.11429],[125.51601,11.1147],[125.51637,11.11477],[125.51702,11.11516],[125.51689,11.11549],[125.51699,11.11604],[125.51669,11.11622],[125.51675,11.11652],[125.51655,11.117],[125.51654,11.11774],[125.51668,11.11814],[125.51748,11.11823],[125.51798,11.11862],[125.5182,11.11867],[125.51832,11.11919],[125.51781,11.11915],[125.51756,11.11959],[125.51745,11.12018],[125.51706,11.12022],[125.51651,11.12048],[125.51662,11.12114],[125.51645,11.12148],[125.51684,11.12139],[125.51717,11.12151],[125.5166,11.1225],[125.51678,11.12282],[125.51661,11.12307],[125.51672,11.1233],[125.51643,11.12379],[125.51659,11.12417],[125.51679,11.12409],[125.51716,11.12441],[125.51714,11.1246],[125.51783,11.12485],[125.51769,11.12546],[125.51815,11.12621],[125.518,11.12673],[125.5177,11.12678],[125.5176,11.1271],[125.51756,11.12776],[125.51793,11.12786],[125.51811,11.12862],[125.51786,11.12952],[125.51753,11.13005],[125.51741,11.1304],[125.5172,11.13038],[125.51707,11.13103],[125.51722,11.13106],[125.51687,11.13185],[125.51721,11.13193],[125.51737,11.13219],[125.51767,11.13321],[125.51746,11.13409],[125.51769,11.13415],[125.51794,11.13349],[125.51825,11.13292],[125.5186,11.13293],[125.5188,11.13269],[125.51947,11.13296],[125.51949,11.13373],[125.51959,11.13418],[125.51994,11.13495],[125.52011,11.13517],[125.52009,11.13601],[125.51967,11.13692],[125.51958,11.13786],[125.51956,11.1383],[125.51968,11.13876],[125.51964,11.13935],[125.51968,11.14],[125.51985,11.14051],[125.52031,11.14072],[125.52043,11.14097],[125.52116,11.1411],[125.52232,11.14195],[125.5226,11.14229],[125.52362,11.14299],[125.52392,11.14293],[125.52323,11.14224],[125.52284,11.14169],[125.52265,11.14125],[125.52262,11.14087],[125.5227,11.13992],[125.52314,11.13899],[125.52307,11.13854],[125.52315,11.13802],[125.52339,11.13758],[125.52343,11.13688],[125.52336,11.13664],[125.52371,11.13563],[125.52357,11.13506],[125.52304,11.13385],[125.52304,11.13338],[125.52283,11.13316],[125.52307,11.13274],[125.52372,11.1327],[125.52419,11.13299],[125.52457,11.13287],[125.52504,11.13293],[125.52499,11.13243],[125.5247,11.13235],[125.52453,11.13196],[125.5249,11.13166],[125.5246,11.13108],[125.52466,11.13077],[125.5241,11.13082],[125.52383,11.13095],[125.52355,11.13054],[125.52378,11.13042],[125.52369,11.13005],[125.52337,11.12987],[125.5233,11.12949],[125.52309,11.12923],[125.5224,11.12901],[125.52221,11.12869],[125.52185,11.12879],[125.52191,11.12802],[125.52253,11.12729],[125.52288,11.12728],[125.52334,11.12866],[125.52356,11.12904],[125.52399,11.12946],[125.52457,11.12928],[125.52499,11.129],[125.5255,11.1291],[125.52467,11.12962],[125.52465,11.13],[125.52487,11.1306],[125.52486,11.13102],[125.52521,11.13119],[125.52596,11.13209],[125.52646,11.13225],[125.52747,11.13187],[125.52752,11.13221],[125.5272,11.13234],[125.52693,11.13294],[125.5265,11.13359],[125.52624,11.13377],[125.5262,11.13405],[125.52661,11.13454],[125.52689,11.13444],[125.52736,11.13479],[125.52771,11.13482],[125.52805,11.13458],[125.52881,11.13389],[125.52954,11.13407],[125.52961,11.1342],[125.53027,11.13467],[125.53049,11.13446],[125.53126,11.13462],[125.5315,11.13432],[125.53113,11.13335],[125.53069,11.1328],[125.53076,11.13232],[125.53064,11.13198],[125.5304,11.1318],[125.53008,11.13191],[125.52983,11.13226],[125.53003,11.13254],[125.5297,11.13279],[125.52933,11.13242],[125.52878,11.13233],[125.52859,11.13179],[125.52787,11.13177],[125.52788,11.13145],[125.52823,11.13132],[125.52863,11.13178],[125.52913,11.13158],[125.52934,11.13131],[125.52975,11.1316],[125.53096,11.13163],[125.53112,11.13232],[125.5309,11.13262],[125.53136,11.1332],[125.53179,11.13321],[125.53178,11.13242],[125.53245,11.13287],[125.53261,11.13311],[125.53244,11.13363],[125.53208,11.13328],[125.53187,11.13329],[125.5318,11.13401],[125.53166,11.13432],[125.53204,11.13487],[125.53223,11.13529],[125.53218,11.13582],[125.53236,11.13616],[125.5324,11.13671],[125.53256,11.13692],[125.53252,11.13724],[125.53221,11.13743],[125.5315,11.13749],[125.53143,11.13784],[125.53099,11.13807],[125.53089,11.1389],[125.5313,11.14006],[125.53171,11.14026],[125.53171,11.14058],[125.53125,11.14104],[125.53084,11.1408],[125.53057,11.14109],[125.53035,11.1411],[125.52984,11.14187],[125.52995,11.14239],[125.53017,11.1427],[125.53019,11.14322],[125.52938,11.14448],[125.5292,11.14454],[125.52898,11.14514],[125.52926,11.14551],[125.52922,11.146],[125.529,11.14645],[125.529,11.14704],[125.52879,11.14734],[125.52912,11.14751],[125.52948,11.14786],[125.52947,11.14858],[125.52969,11.14967],[125.52992,11.14971],[125.53048,11.14935],[125.53071,11.14936],[125.53101,11.1491],[125.53175,11.14883],[125.53228,11.14898],[125.53269,11.14895],[125.53377,11.14941],[125.53404,11.14986],[125.53431,11.14988],[125.53461,11.15022],[125.53487,11.15148],[125.53485,11.15194],[125.53451,11.15288],[125.53503,11.15283],[125.53504,11.15244],[125.53555,11.15076],[125.53609,11.15062],[125.53639,11.15098],[125.53657,11.15061],[125.53704,11.15055],[125.53796,11.15086],[125.53851,11.15045],[125.5387,11.15056],[125.53961,11.15042],[125.54021,11.15059],[125.54015,11.15106],[125.53999,11.15121],[125.54017,11.15162],[125.54005,11.15225],[125.54044,11.15251],[125.54086,11.15305],[125.54125,11.15338],[125.5419,11.15308],[125.54265,11.15313],[125.54284,11.15341],[125.54308,11.15315],[125.54282,11.15293],[125.54278,11.15266],[125.54307,11.15239],[125.54297,11.15187],[125.54357,11.15141],[125.54444,11.15135],[125.54471,11.1512],[125.54567,11.15089],[125.54642,11.15102],[125.54667,11.15093],[125.54687,11.15061],[125.54771,11.15015],[125.54811,11.15037],[125.54826,11.14976],[125.54883,11.14999],[125.55,11.14961],[125.55053,11.14955],[125.55088,11.14971],[125.55101,11.14908],[125.55143,11.14834],[125.55174,11.14809],[125.55178,11.14785],[125.55146,11.14681],[125.55153,11.14642],[125.55193,11.14607],[125.55261,11.14588],[125.55331,11.14603],[125.55339,11.14542],[125.55354,11.14519],[125.5533,11.145],[125.55271,11.14483],[125.55266,11.14442],[125.55296,11.14398],[125.55319,11.14383],[125.55394,11.14371],[125.55424,11.14382],[125.55498,11.14309],[125.55541,11.1431],[125.55609,11.14351],[125.55609,11.14434],[125.55642,11.14426],[125.55672,11.14463],[125.55664,11.14498],[125.55612,11.14468],[125.55503,11.14465],[125.55464,11.14497],[125.55425,11.14498],[125.55406,11.14521],[125.55448,11.14578],[125.55394,11.14614],[125.55426,11.14653],[125.55473,11.14663],[125.55489,11.14702],[125.55443,11.14731],[125.55404,11.14707],[125.55374,11.14672],[125.55305,11.14711],[125.55313,11.14768],[125.5534,11.14806],[125.55387,11.1483],[125.55446,11.14896],[125.55512,11.1491],[125.5554,11.14928],[125.55556,11.14969],[125.5562,11.14956],[125.55625,11.14989],[125.55669,11.15015],[125.55704,11.15001],[125.55713,11.15037],[125.55694,11.15072],[125.55732,11.15067],[125.5577,11.15031],[125.55861,11.15082],[125.55909,11.15098],[125.55941,11.15132],[125.55975,11.15086],[125.55982,11.15138],[125.56086,11.15141],[125.56107,11.15155],[125.56081,11.15183],[125.56086,11.15215],[125.56139,11.15216],[125.5616,11.15169],[125.56212,11.15135],[125.56233,11.15138],[125.56259,11.15187],[125.56305,11.15201],[125.56338,11.15179],[125.56365,11.15141],[125.56437,11.15144],[125.56496,11.15135],[125.56528,11.15141],[125.56562,11.15066],[125.56586,11.15108],[125.56663,11.15196],[125.5667,11.15234],[125.56699,11.15268],[125.56721,11.15334],[125.56722,11.15362],[125.56684,11.15396],[125.56672,11.15425],[125.56601,11.16167],[125.56601,11.16171],[125.56538,11.16766],[125.56465,11.17463],[125.56745,11.18157],[125.56743,11.18186],[125.5683,11.18232],[125.56825,11.18253],[125.56829,11.18344],[125.56841,11.18376],[125.56776,11.18377],[125.56758,11.18428],[125.56728,11.18476],[125.56705,11.18496],[125.56709,11.18536],[125.56691,11.18557],[125.5665,11.18558],[125.56637,11.18603],[125.56539,11.18621],[125.56468,11.1862],[125.56431,11.1865],[125.56424,11.18615],[125.5638,11.1859],[125.56317,11.1862],[125.56249,11.18639],[125.56148,11.18729],[125.56103,11.18741],[125.55955,11.18755],[125.55928,11.187],[125.55935,11.18656],[125.55971,11.18615],[125.55988,11.18566],[125.55987,11.18536],[125.55954,11.1849],[125.55973,11.1843],[125.5598,11.18306],[125.55868,11.18242],[125.55787,11.18201],[125.55754,11.18166],[125.55706,11.18161],[125.55681,11.18175],[125.55636,11.18232],[125.55631,11.18276],[125.55593,11.18272],[125.55604,11.18233],[125.55562,11.18215],[125.55526,11.18186],[125.55506,11.18225],[125.55534,11.18237],[125.55544,11.18295],[125.55528,11.18328],[125.55474,11.18357],[125.55489,11.18391],[125.55441,11.18441],[125.55453,11.18461],[125.5542,11.18503],[125.55413,11.18459],[125.55368,11.18439],[125.55293,11.18357],[125.55249,11.1834],[125.55209,11.18357],[125.55201,11.18417],[125.5516,11.18456],[125.55112,11.18471],[125.55159,11.18533],[125.5515,11.18612],[125.55153,11.18648],[125.55128,11.18711],[125.55145,11.18734],[125.5513,11.18817],[125.54999,11.18923],[125.54956,11.18977],[125.54928,11.18969],[125.54908,11.18932],[125.54862,11.18939],[125.54821,11.18969],[125.54834,11.1899],[125.54808,11.19051],[125.54817,11.19097],[125.54807,11.19161],[125.54807,11.19225],[125.54747,11.19297],[125.54709,11.19314],[125.54641,11.19319],[125.54581,11.19284],[125.54547,11.19248],[125.54526,11.19204],[125.54501,11.19182],[125.54474,11.19123],[125.54432,11.19105],[125.5441,11.19075],[125.5442,11.19056],[125.54389,11.19001],[125.54321,11.1892],[125.54279,11.18923],[125.54257,11.18986],[125.54185,11.18929],[125.54088,11.18906],[125.54023,11.18874],[125.53967,11.18888],[125.53982,11.18925],[125.53982,11.19003],[125.53949,11.1902],[125.53973,11.19108],[125.53999,11.19167],[125.53962,11.19258],[125.54038,11.19347],[125.54093,11.1944],[125.54099,11.1948],[125.54074,11.19521],[125.54027,11.19576],[125.53953,11.19562],[125.53927,11.19534],[125.53907,11.19463],[125.53883,11.19442],[125.53818,11.19356],[125.53781,11.1936],[125.53746,11.1938],[125.53697,11.19364],[125.53587,11.19407],[125.53529,11.19415],[125.53502,11.19404],[125.53491,11.19461],[125.53437,11.19487],[125.53461,11.19502],[125.53502,11.19602],[125.53482,11.19639],[125.53409,11.19622],[125.53379,11.19634],[125.53387,11.1969],[125.53433,11.19726],[125.53467,11.19783],[125.53439,11.1982],[125.53312,11.19856],[125.53301,11.19886],[125.53313,11.1993],[125.53343,11.19955],[125.53359,11.19995],[125.53391,11.20041],[125.53423,11.20057],[125.53465,11.20057],[125.53527,11.20089],[125.53556,11.20085],[125.53654,11.20129],[125.53653,11.20201],[125.53701,11.203],[125.53691,11.20363],[125.53716,11.20446],[125.53746,11.20476],[125.5375,11.20501],[125.5379,11.20556],[125.53801,11.20616],[125.53776,11.20658],[125.53749,11.2067],[125.53669,11.20666],[125.53619,11.20647],[125.53554,11.20563],[125.53542,11.20609],[125.53518,11.20642],[125.53544,11.20684],[125.53544,11.20745],[125.53554,11.20791],[125.53586,11.20792],[125.53624,11.2082],[125.53672,11.20828],[125.5373,11.20849],[125.53776,11.20879],[125.53834,11.20871],[125.5386,11.20887],[125.53861,11.20923],[125.53879,11.20958],[125.53894,11.21046],[125.53883,11.21142],[125.53897,11.2126],[125.53893,11.21303],[125.53918,11.21353],[125.53923,11.21395],[125.53904,11.21466],[125.539,11.21522],[125.53855,11.21579],[125.53809,11.21586],[125.53731,11.21538],[125.53681,11.2147],[125.53635,11.21463],[125.53557,11.21485],[125.53513,11.21448],[125.53469,11.21432],[125.53465,11.2139],[125.5344,11.21354],[125.53407,11.21367],[125.53407,11.21448],[125.53328,11.21483],[125.53275,11.2143],[125.53246,11.2142],[125.53207,11.21442],[125.53187,11.21438],[125.53098,11.21392],[125.53064,11.21441],[125.52979,11.21485],[125.52927,11.21452],[125.52894,11.21453],[125.52818,11.21399],[125.52767,11.21324],[125.52732,11.21358],[125.52682,11.21352],[125.52665,11.21387],[125.52612,11.21376],[125.52552,11.21352],[125.52488,11.21309],[125.52419,11.21322],[125.52396,11.2131],[125.52371,11.21271],[125.52341,11.21266],[125.52247,11.21212],[125.52194,11.21218],[125.52174,11.21206],[125.51896,11.21258],[125.51824,11.20933],[125.51237,11.20939],[125.50407,11.21035],[125.48514,11.2182],[125.48291,11.22215],[125.46204,11.23014],[125.44358,11.23044],[125.44413,11.21808],[125.44792,11.20155],[125.45636,11.1938]]],[[[125.52796,11.12674],[125.52777,11.1265],[125.52795,11.12591],[125.52816,11.12572],[125.52849,11.12579],[125.52837,11.12613],[125.52865,11.12631],[125.52851,11.12662],[125.52796,11.12674]]],[[[125.52688,11.12904],[125.52627,11.12871],[125.52592,11.12789],[125.52592,11.12749],[125.5263,11.12731],[125.52641,11.12838],[125.5267,11.1284],[125.52688,11.12904]]],[[[125.52797,11.13097],[125.52758,11.13096],[125.52785,11.13045],[125.52797,11.13097]]],[[[125.52182,11.1355],[125.52114,11.13544],[125.52066,11.13576],[125.52026,11.13541],[125.52039,11.13453],[125.52053,11.1343],[125.52097,11.13399],[125.52143,11.13414],[125.52161,11.13473],[125.52217,11.13485],[125.52259,11.13474],[125.52274,11.13494],[125.52239,11.13548],[125.52182,11.1355]]],[[[125.53491,11.13649],[125.53463,11.13646],[125.5346,11.13583],[125.53418,11.13489],[125.53386,11.13478],[125.53375,11.13437],[125.53352,11.13433],[125.53311,11.13453],[125.53274,11.13487],[125.53268,11.13522],[125.53239,11.13521],[125.53256,11.13476],[125.53259,11.1341],[125.5329,11.13419],[125.53342,11.13384],[125.53365,11.13344],[125.53432,11.13344],[125.53464,11.13323],[125.53476,11.13289],[125.53497,11.13284],[125.53509,11.13352],[125.53461,11.13357],[125.53449,11.13459],[125.53458,11.13504],[125.5354,11.13527],[125.53555,11.13549],[125.5354,11.13582],[125.53561,11.13622],[125.53532,11.13642],[125.53491,11.13649]]],[[[125.53625,11.13828],[125.53591,11.13809],[125.53577,11.13763],[125.53545,11.13768],[125.53487,11.13753],[125.53456,11.13732],[125.53432,11.1377],[125.53407,11.13755],[125.53418,11.13721],[125.53483,11.13693],[125.53524,11.13703],[125.53577,11.13657],[125.53577,11.13617],[125.53603,11.13599],[125.53644,11.13614],[125.53671,11.13659],[125.53715,11.13653],[125.53723,11.13605],[125.53774,11.13594],[125.53792,11.13606],[125.53859,11.13617],[125.53941,11.13643],[125.53961,11.13669],[125.53952,11.13697],[125.5388,11.13695],[125.53866,11.13748],[125.53832,11.13798],[125.53801,11.13818],[125.53669,11.13821],[125.53625,11.13828]]],[[[125.54181,11.14095],[125.54217,11.1411],[125.54225,11.14167],[125.54266,11.14141],[125.54294,11.14178],[125.54339,11.14203],[125.54365,11.14232],[125.54347,11.14281],[125.54291,11.14315],[125.54256,11.14291],[125.54236,11.14302],[125.54163,11.14266],[125.54167,11.14228],[125.54108,11.14148],[125.54095,11.14148],[125.54102,11.14087],[125.54123,11.14051],[125.54152,11.14055],[125.54181,11.14095]]],[[[125.54632,11.14254],[125.54551,11.14219],[125.54578,11.1418],[125.54609,11.14162],[125.54662,11.14167],[125.54699,11.1414],[125.54745,11.14147],[125.54757,11.14193],[125.54736,11.14215],[125.54685,11.14206],[125.54662,11.14248],[125.54632,11.14254]]],[[[125.5412,11.14282],[125.54064,11.14274],[125.54017,11.14252],[125.54052,11.14226],[125.54155,11.14266],[125.5412,11.14282]]],[[[125.54718,11.14354],[125.54692,11.14316],[125.54732,11.14291],[125.54747,11.14327],[125.54718,11.14354]]],[[[125.54913,11.14397],[125.54829,11.14344],[125.5481,11.14299],[125.54782,11.14275],[125.54722,11.14261],[125.54767,11.14208],[125.54795,11.14195],[125.54844,11.14201],[125.54869,11.14183],[125.54894,11.1423],[125.54881,11.14271],[125.54904,11.14333],[125.54925,11.14347],[125.54913,11.14397]]],[[[125.54976,11.14519],[125.54959,11.14483],[125.54982,11.14454],[125.55031,11.14454],[125.55094,11.14418],[125.55141,11.1443],[125.55182,11.14428],[125.55215,11.14454],[125.55204,11.14476],[125.55166,11.14495],[125.55085,11.1451],[125.55022,11.14496],[125.54976,11.14519]]]]}},{"type":"Feature","properties":{"code":"0804816000","name":"Rosario","kind":"Municipality","provinceCode":"0804800000","province":"Northern Samar","areaKm2":61,"labelPoint":[124.43071,12.50578]},"geometry":{"type":"MultiPolygon","coordinates":[[[[124.40752,12.53419],[124.40733,12.52131],[124.40685,12.51118],[124.40676,12.49877],[124.40651,12.46725],[124.42815,12.45581],[124.4292,12.45527],[124.43211,12.45372],[124.43283,12.45336],[124.43577,12.4518],[124.45222,12.44301],[124.45348,12.47582],[124.4538,12.48416],[124.45412,12.49174],[124.45439,12.49959],[124.45477,12.5096],[124.45502,12.51614],[124.45534,12.52449],[124.4552,12.53298],[124.4548,12.53375],[124.45448,12.53401],[124.45412,12.53395],[124.4534,12.53398],[124.45302,12.53374],[124.45249,12.53384],[124.45225,12.53376],[124.45165,12.53391],[124.45132,12.53368],[124.45095,12.53361],[124.45024,12.5337],[124.44952,12.53346],[124.44906,12.53381],[124.44807,12.53379],[124.44729,12.5341],[124.44637,12.53433],[124.44575,12.5344],[124.44524,12.53419],[124.44508,12.5337],[124.44502,12.53319],[124.44515,12.53292],[124.44551,12.53282],[124.44568,12.53247],[124.44628,12.532],[124.44601,12.5318],[124.44551,12.53191],[124.44501,12.53182],[124.44472,12.53188],[124.44468,12.5322],[124.44395,12.53305],[124.4438,12.53291],[124.44318,12.53312],[124.4431,12.53355],[124.44239,12.53472],[124.44208,12.53479],[124.44141,12.53521],[124.44114,12.53501],[124.44073,12.53493],[124.44057,12.53534],[124.43898,12.53569],[124.43845,12.53555],[124.43836,12.53589],[124.43792,12.53586],[124.43779,12.53601],[124.4369,12.53619],[124.43628,12.53625],[124.436,12.53612],[124.4353,12.53475],[124.43536,12.53442],[124.4351,12.53426],[124.43471,12.53366],[124.4347,12.53344],[124.43391,12.53251],[124.43375,12.53219],[124.43325,12.53217],[124.43283,12.53165],[124.43221,12.53133],[124.43201,12.53143],[124.42983,12.53034],[124.42933,12.53018],[124.42932,12.52979],[124.42905,12.52973],[124.42898,12.53013],[124.42916,12.53051],[124.42917,12.53083],[124.4285,12.5309],[124.42821,12.53077],[124.42801,12.53111],[124.42775,12.53125],[124.42734,12.53151],[124.42679,12.5323],[124.4264,12.5327],[124.42548,12.53273],[124.42462,12.533],[124.42459,12.53328],[124.42431,12.53355],[124.42383,12.53372],[124.42342,12.5335],[124.42318,12.53413],[124.42367,12.53451],[124.42409,12.53519],[124.42419,12.53573],[124.42402,12.53707],[124.42378,12.538],[124.42338,12.5386],[124.42332,12.53883],[124.42278,12.53956],[124.42238,12.53997],[124.42189,12.54095],[124.42174,12.54106],[124.42151,12.54155],[124.42134,12.54167],[124.42119,12.54218],[124.42119,12.54256],[124.42083,12.54281],[124.42109,12.54308],[124.42107,12.54426],[124.42081,12.54516],[124.42005,12.54569],[124.41913,12.54608],[124.41868,12.5462],[124.41801,12.54593],[124.41695,12.54589],[124.41616,12.54635],[124.4158,12.54635],[124.41586,12.54665],[124.41563,12.54692],[124.41543,12.54784],[124.41521,12.54816],[124.41524,12.54882],[124.41485,12.54922],[124.41435,12.54933],[124.41394,12.54926],[124.41375,12.54938],[124.41305,12.54937],[124.41225,12.54906],[124.41143,12.54844],[124.41117,12.54862],[124.41051,12.54849],[124.40993,12.54817],[124.40943,12.54762],[124.4087,12.54752],[124.40846,12.54715],[124.4081,12.54721],[124.4078,12.54705],[124.4075,12.54727],[124.4076,12.54756],[124.40735,12.54771],[124.40642,12.54797],[124.40605,12.54789],[124.40588,12.54766],[124.40534,12.54765],[124.40508,12.54746],[124.40473,12.54761],[124.40429,12.54742],[124.40394,12.54742],[124.40352,12.54781],[124.40366,12.54821],[124.40331,12.54849],[124.40305,12.54897],[124.40289,12.54899],[124.40255,12.54952],[124.40203,12.54977],[124.40136,12.5497],[124.40086,12.54912],[124.4002,12.54909],[124.40005,12.54971],[124.40003,12.55021],[124.39841,12.54385],[124.39722,12.54259],[124.40259,12.53821],[124.40634,12.53513],[124.40752,12.53419]]],[[[124.45623,12.54884],[124.45577,12.54874],[124.45507,12.5488],[124.45476,12.54868],[124.45461,12.54834],[124.45429,12.54687],[124.45421,12.54635],[124.45448,12.54555],[124.45484,12.54419],[124.45459,12.54383],[124.45473,12.54353],[124.45503,12.54339],[124.45541,12.5434],[124.45615,12.54379],[124.45658,12.54427],[124.45684,12.54438],[124.45703,12.54515],[124.45678,12.54546],[124.45677,12.54584],[124.4573,12.54639],[124.4575,12.54636],[124.45778,12.54684],[124.45777,12.5477],[124.45719,12.54808],[124.45687,12.54858],[124.45654,12.54881],[124.45623,12.54884]]],[[[124.43668,12.56079],[124.43598,12.56072],[124.43581,12.56089],[124.43513,12.56104],[124.43531,12.56132],[124.43504,12.56198],[124.43543,12.56198],[124.43558,12.56275],[124.43536,12.56314],[124.43495,12.56332],[124.43452,12.56308],[124.43414,12.56305],[124.4331,12.56323],[124.43221,12.56289],[124.43161,12.56292],[124.43163,12.56314],[124.43196,12.56367],[124.43161,12.56405],[124.43207,12.56423],[124.43192,12.56486],[124.43177,12.56491],[124.43168,12.56543],[124.4314,12.56536],[124.43172,12.56615],[124.43161,12.56636],[124.43182,12.56669],[124.43187,12.56761],[124.43219,12.56758],[124.43217,12.5671],[124.4327,12.56648],[124.43347,12.56602],[124.43355,12.56571],[124.43386,12.56557],[124.43412,12.56507],[124.43496,12.56496],[124.43585,12.56537],[124.43617,12.56535],[124.43635,12.56568],[124.43631,12.56702],[124.43608,12.5673],[124.43628,12.56788],[124.43606,12.56838],[124.43618,12.56869],[124.43554,12.56904],[124.43551,12.56953],[124.43528,12.56978],[124.43487,12.56973],[124.43463,12.56941],[124.43408,12.56907],[124.43412,12.56964],[124.43399,12.56989],[124.43343,12.56991],[124.43308,12.57033],[124.43297,12.57105],[124.43272,12.57164],[124.43235,12.57211],[124.43222,12.57245],[124.43177,12.57257],[124.43143,12.57305],[124.43086,12.57282],[124.43076,12.57313],[124.43107,12.57374],[124.43117,12.57498],[124.43105,12.57544],[124.43081,12.57689],[124.43059,12.57708],[124.43031,12.57786],[124.43042,12.57815],[124.42998,12.57832],[124.43002,12.57887],[124.42973,12.57882],[124.42955,12.57978],[124.42914,12.58019],[124.42864,12.58007],[124.42819,12.57938],[124.42793,12.57928],[124.42729,12.57935],[124.42712,12.57971],[124.42733,12.58053],[124.42753,12.58071],[124.42767,12.58118],[124.42739,12.58148],[124.42718,12.58101],[124.42677,12.58059],[124.42628,12.58051],[124.42538,12.58109],[124.42478,12.58099],[124.42448,12.58115],[124.42372,12.58097],[124.42326,12.58058],[124.4218,12.57979],[124.42159,12.57945],[124.42169,12.57884],[124.42155,12.57835],[124.42188,12.57775],[124.42196,12.57673],[124.4222,12.57612],[124.42244,12.57597],[124.42238,12.57554],[124.42274,12.57491],[124.4233,12.57457],[124.42282,12.57434],[124.42268,12.57408],[124.42267,12.57357],[124.42232,12.57289],[124.42174,12.57314],[124.42152,12.57311],[124.42158,12.57272],[124.42093,12.57165],[124.42114,12.57143],[124.42082,12.57054],[124.42057,12.57064],[124.42056,12.56986],[124.42037,12.56949],[124.42032,12.56844],[124.41991,12.56777],[124.41998,12.56752],[124.41935,12.56688],[124.4192,12.56641],[124.41931,12.56624],[124.41921,12.56557],[124.41877,12.56561],[124.41856,12.56522],[124.41876,12.56502],[124.41854,12.56464],[124.41854,12.5641],[124.41873,12.56374],[124.41925,12.56335],[124.41905,12.56302],[124.4188,12.563],[124.41846,12.5633],[124.41788,12.56359],[124.41759,12.56341],[124.41714,12.56358],[124.41652,12.56321],[124.41655,12.56299],[124.41601,12.56285],[124.41593,12.56247],[124.41538,12.56241],[124.4149,12.56211],[124.41499,12.56179],[124.41474,12.56171],[124.41445,12.56132],[124.414,12.56111],[124.4138,12.56079],[124.41351,12.55972],[124.41306,12.55944],[124.41285,12.55897],[124.41297,12.5587],[124.41295,12.55814],[124.41275,12.55817],[124.41273,12.5576],[124.41243,12.55708],[124.41286,12.55644],[124.41354,12.55611],[124.41384,12.55657],[124.41448,12.55561],[124.41478,12.55536],[124.41503,12.55555],[124.4151,12.55495],[124.41563,12.55465],[124.41574,12.55431],[124.41608,12.55434],[124.41633,12.55383],[124.41628,12.55358],[124.41684,12.55301],[124.41731,12.5531],[124.41755,12.55337],[124.418,12.55343],[124.41845,12.55332],[124.41885,12.55307],[124.41904,12.55345],[124.4194,12.55327],[124.41969,12.55278],[124.41992,12.55275],[124.42004,12.55223],[124.42031,12.55208],[124.42068,12.55147],[124.42141,12.55158],[124.42164,12.55144],[124.42116,12.55092],[124.4216,12.5505],[124.4215,12.55011],[124.42211,12.54997],[124.42264,12.54921],[124.4235,12.54901],[124.42365,12.54918],[124.42408,12.54894],[124.42413,12.54854],[124.4245,12.54833],[124.42456,12.54809],[124.42496,12.54787],[124.42533,12.54796],[124.42553,12.54753],[124.42521,12.54733],[124.42513,12.54702],[124.42545,12.5469],[124.42575,12.54607],[124.42593,12.54609],[124.42645,12.54553],[124.42659,12.54482],[124.42697,12.54472],[124.42721,12.54426],[124.42781,12.54398],[124.42803,12.54348],[124.42907,12.5428],[124.42962,12.54258],[124.42985,12.54314],[124.4302,12.54311],[124.43072,12.54245],[124.43064,12.54185],[124.43156,12.54159],[124.43173,12.54134],[124.4324,12.54095],[124.43277,12.54054],[124.43311,12.54045],[124.43359,12.54065],[124.43389,12.54011],[124.43403,12.54013],[124.43414,12.54],[124.43402,12.53954],[124.43441,12.53906],[124.43545,12.53904],[124.43545,12.53849],[124.43621,12.53829],[124.43726,12.53812],[124.43754,12.53833],[124.43785,12.53819],[124.43779,12.53796],[124.43804,12.53767],[124.43834,12.53784],[124.43854,12.53763],[124.43963,12.53727],[124.44011,12.53716],[124.44048,12.53722],[124.44143,12.53699],[124.442,12.53697],[124.4426,12.53661],[124.44356,12.53646],[124.44389,12.53675],[124.44389,12.53695],[124.44419,12.53729],[124.44448,12.53666],[124.44441,12.53634],[124.44511,12.53606],[124.44561,12.536],[124.4473,12.53601],[124.44731,12.53622],[124.44775,12.53657],[124.44784,12.53725],[124.44839,12.53741],[124.44835,12.53796],[124.44844,12.53826],[124.44911,12.53881],[124.44952,12.53842],[124.44996,12.53835],[124.44981,12.53929],[124.44998,12.53945],[124.45082,12.5391],[124.45095,12.53882],[124.45123,12.53887],[124.45149,12.53935],[124.45226,12.53948],[124.45274,12.53993],[124.45306,12.54044],[124.45339,12.54073],[124.4536,12.54144],[124.45335,12.54186],[124.45353,12.54196],[124.45329,12.54238],[124.45332,12.54294],[124.45355,12.54313],[124.45351,12.54342],[124.45365,12.54381],[124.45416,12.54459],[124.45399,12.54485],[124.45412,12.54517],[124.45367,12.54549],[124.45403,12.54584],[124.45396,12.54639],[124.454,12.54696],[124.45415,12.54722],[124.45421,12.54806],[124.45398,12.54833],[124.45406,12.54877],[124.45439,12.54918],[124.45487,12.54992],[124.45567,12.55065],[124.45602,12.55076],[124.45601,12.5512],[124.45623,12.5517],[124.4565,12.55178],[124.45634,12.55237],[124.45631,12.55287],[124.45614,12.55313],[124.45615,12.55368],[124.4559,12.55437],[124.45556,12.55487],[124.45547,12.5553],[124.45526,12.5556],[124.45465,12.55562],[124.45408,12.55533],[124.45353,12.55555],[124.45347,12.55585],[124.45303,12.55579],[124.45276,12.55657],[124.45368,12.55676],[124.45384,12.55723],[124.45409,12.55758],[124.45404,12.55801],[124.45381,12.55801],[124.45366,12.55897],[124.45378,12.55915],[124.45332,12.55947],[124.45329,12.55964],[124.45263,12.55951],[124.45204,12.5595],[124.45179,12.55906],[124.45166,12.55862],[124.45144,12.55836],[124.45093,12.5581],[124.45074,12.55829],[124.45016,12.55772],[124.44983,12.55766],[124.44964,12.55788],[124.4492,12.55774],[124.44894,12.55814],[124.44874,12.55808],[124.44851,12.55873],[124.44905,12.55867],[124.449,12.55995],[124.44875,12.56033],[124.44809,12.56067],[124.44728,12.56057],[124.44699,12.56069],[124.44677,12.56052],[124.44605,12.5604],[124.44576,12.56057],[124.44554,12.56039],[124.44503,12.56064],[124.44429,12.56046],[124.444,12.56047],[124.44326,12.56026],[124.44309,12.56002],[124.4428,12.55998],[124.44263,12.55972],[124.44276,12.55917],[124.44306,12.55842],[124.44334,12.55806],[124.44344,12.5576],[124.44275,12.55745],[124.44203,12.55782],[124.44166,12.55825],[124.44131,12.55823],[124.44107,12.5574],[124.44116,12.55728],[124.44082,12.55666],[124.44056,12.55655],[124.44049,12.55704],[124.43996,12.55728],[124.44009,12.55757],[124.44002,12.55817],[124.43973,12.55937],[124.43941,12.56001],[124.43961,12.56051],[124.43959,12.56102],[124.43947,12.56153],[124.43912,12.56156],[124.43864,12.56199],[124.43827,12.56177],[124.43812,12.56125],[124.43748,12.56081],[124.43668,12.56079]]],[[[124.42827,12.5331],[124.42837,12.53293],[124.429,12.53268],[124.42952,12.5331],[124.43003,12.53325],[124.43037,12.53356],[124.43089,12.53384],[124.43123,12.53424],[124.43149,12.53437],[124.43154,12.53467],[124.43182,12.53491],[124.43227,12.53497],[124.43256,12.53524],[124.43244,12.53558],[124.43321,12.53575],[124.43357,12.53561],[124.43439,12.53599],[124.43481,12.53653],[124.4347,12.5368],[124.43417,12.53722],[124.43391,12.53714],[124.43335,12.5377],[124.43305,12.53783],[124.43276,12.53815],[124.43241,12.53887],[124.43235,12.53942],[124.43214,12.53974],[124.43167,12.5401],[124.43143,12.54045],[124.43112,12.54041],[124.43094,12.54072],[124.43045,12.5408],[124.43011,12.54095],[124.42976,12.54094],[124.42954,12.5413],[124.42917,12.54138],[124.42884,12.54177],[124.42831,12.54191],[124.42703,12.54275],[124.42667,12.5432],[124.42559,12.54375],[124.42502,12.54389],[124.42476,12.5441],[124.42401,12.54381],[124.42371,12.54344],[124.42372,12.54319],[124.42343,12.5427],[124.42309,12.54264],[124.4227,12.54228],[124.42248,12.54174],[124.42305,12.54058],[124.4235,12.53991],[124.42443,12.53876],[124.42461,12.53846],[124.42527,12.53638],[124.42519,12.53601],[124.42529,12.53493],[124.42515,12.53459],[124.42573,12.53438],[124.42645,12.53441],[124.42781,12.53334],[124.42827,12.5331]]]]}},{"type":"Feature","properties":{"code":"0802619000","name":"Salcedo","kind":"Municipality","provinceCode":"0802600000","province":"Eastern Samar","areaKm2":119,"labelPoint":[125.64553,11.17135]},"geometry":{"type":"MultiPolygon","coordinates":[[[[125.6043,11.18895],[125.60411,11.18903],[125.60413,11.18959],[125.6043,11.18981],[125.60474,11.18991],[125.60572,11.19063],[125.60649,11.19082],[125.60688,11.19101],[125.60779,11.19164],[125.60865,11.19181],[125.60871,11.19219],[125.60828,11.19257],[125.60797,11.19247],[125.60781,11.19272],[125.60708,11.1931],[125.60656,11.19326],[125.6062,11.19393],[125.60576,11.19451],[125.60536,11.19471],[125.60475,11.1947],[125.60416,11.19438],[125.60369,11.194],[125.60327,11.19385],[125.60316,11.19366],[125.60248,11.19322],[125.60195,11.1926],[125.60136,11.19246],[125.60102,11.19207],[125.60087,11.19169],[125.60071,11.19087],[125.60011,11.19017],[125.59984,11.19004],[125.59967,11.18905],[125.59946,11.18847],[125.59898,11.18823],[125.59831,11.18822],[125.59801,11.18805],[125.59777,11.18823],[125.59713,11.18839],[125.59688,11.18834],[125.59609,11.18798],[125.59555,11.18728],[125.59484,11.18678],[125.59423,11.18683],[125.59374,11.18713],[125.59284,11.18733],[125.59231,11.18776],[125.59188,11.18829],[125.59104,11.18859],[125.59061,11.18862],[125.59032,11.18847],[125.58986,11.18853],[125.58962,11.18835],[125.58883,11.18802],[125.58836,11.18772],[125.58812,11.18776],[125.5877,11.18719],[125.58763,11.18678],[125.58772,11.1863],[125.58851,11.18486],[125.58854,11.18448],[125.58889,11.18366],[125.58939,11.18348],[125.5895,11.18305],[125.5898,11.1825],[125.59038,11.18207],[125.59129,11.18166],[125.59265,11.1813],[125.59327,11.18107],[125.59461,11.18026],[125.59521,11.18013],[125.59545,11.17994],[125.59592,11.17983],[125.59669,11.18008],[125.59698,11.18047],[125.59794,11.18026],[125.59782,11.17997],[125.59775,11.1792],[125.59738,11.17905],[125.59707,11.17954],[125.59676,11.17958],[125.59651,11.17913],[125.59612,11.17892],[125.59609,11.1785],[125.5947,11.17866],[125.59433,11.17845],[125.59439,11.17906],[125.59404,11.17956],[125.59341,11.18003],[125.59293,11.18024],[125.59245,11.18028],[125.59214,11.1799],[125.59216,11.1796],[125.59241,11.17862],[125.59283,11.1782],[125.59275,11.17801],[125.59219,11.17802],[125.59185,11.17832],[125.59201,11.1789],[125.59183,11.17951],[125.59148,11.18019],[125.59122,11.18035],[125.59016,11.1804],[125.58952,11.18029],[125.58877,11.18011],[125.58851,11.17996],[125.58791,11.1794],[125.58821,11.17877],[125.58738,11.17929],[125.58713,11.17915],[125.58708,11.17875],[125.58668,11.17883],[125.58693,11.17954],[125.58689,11.18013],[125.58678,11.18034],[125.58613,11.18048],[125.5856,11.1801],[125.5854,11.17929],[125.58499,11.17913],[125.58471,11.17919],[125.5843,11.17903],[125.58417,11.17876],[125.58371,11.17937],[125.5835,11.17934],[125.58275,11.17953],[125.58209,11.17947],[125.58169,11.1793],[125.58156,11.1796],[125.58186,11.18015],[125.58182,11.1807],[125.58208,11.18083],[125.58211,11.18132],[125.58155,11.18199],[125.58101,11.18217],[125.5804,11.18203],[125.58015,11.18156],[125.57983,11.18128],[125.57947,11.1812],[125.57914,11.18129],[125.5794,11.18193],[125.57912,11.18225],[125.57835,11.18252],[125.57796,11.1824],[125.57699,11.18289],[125.57626,11.18279],[125.57557,11.1831],[125.57523,11.18353],[125.57426,11.18414],[125.57386,11.18377],[125.57491,11.1834],[125.57464,11.18309],[125.57435,11.18323],[125.57398,11.18291],[125.57392,11.18262],[125.57329,11.18265],[125.57288,11.18225],[125.57275,11.18175],[125.5723,11.18194],[125.57147,11.18207],[125.57094,11.18237],[125.57062,11.18289],[125.57026,11.18279],[125.57013,11.18234],[125.56978,11.18207],[125.5692,11.18178],[125.5691,11.18128],[125.56848,11.18116],[125.56783,11.18118],[125.56748,11.18134],[125.56745,11.18157],[125.56465,11.17463],[125.56538,11.16766],[125.56601,11.16171],[125.56601,11.16167],[125.56672,11.15425],[125.56684,11.15396],[125.56722,11.15362],[125.56721,11.15334],[125.56699,11.15268],[125.5667,11.15234],[125.56663,11.15196],[125.56586,11.15108],[125.56562,11.15066],[125.56628,11.15062],[125.56648,11.15031],[125.56705,11.14985],[125.56805,11.14975],[125.5683,11.1496],[125.5686,11.14911],[125.56875,11.14862],[125.56905,11.1484],[125.5695,11.1485],[125.56945,11.14893],[125.56958,11.14995],[125.57028,11.1502],[125.57097,11.14989],[125.57144,11.14982],[125.57188,11.1499],[125.57249,11.14984],[125.57253,11.14972],[125.57206,11.1494],[125.57123,11.14915],[125.57086,11.14874],[125.57099,11.14809],[125.57155,11.14778],[125.57264,11.14773],[125.57277,11.14736],[125.57245,11.14705],[125.57214,11.14701],[125.57165,11.14672],[125.57122,11.14635],[125.57044,11.14612],[125.5701,11.14579],[125.56971,11.14567],[125.56909,11.14527],[125.56871,11.14446],[125.56834,11.14399],[125.56788,11.14369],[125.56759,11.14317],[125.56766,11.14298],[125.56743,11.1426],[125.56698,11.1422],[125.56662,11.1415],[125.56654,11.14076],[125.56615,11.13983],[125.5662,11.13927],[125.56682,11.1393],[125.56757,11.13992],[125.5676,11.14007],[125.56835,11.14046],[125.56861,11.1407],[125.56918,11.14071],[125.56874,11.14037],[125.56858,11.13994],[125.56839,11.13977],[125.56836,11.13934],[125.56816,11.13888],[125.5679,11.13862],[125.56776,11.1381],[125.5678,11.13768],[125.56765,11.13746],[125.56786,11.13705],[125.56792,11.13662],[125.5682,11.1364],[125.5681,11.1362],[125.56748,11.13614],[125.56689,11.13576],[125.5668,11.13501],[125.56686,11.13454],[125.56625,11.13455],[125.56614,11.13445],[125.56618,11.13388],[125.56655,11.13332],[125.56597,11.13319],[125.566,11.13274],[125.56662,11.13254],[125.56685,11.13218],[125.56738,11.13181],[125.56753,11.13121],[125.5673,11.13099],[125.56685,11.13157],[125.56586,11.13232],[125.56538,11.1325],[125.56487,11.13258],[125.56427,11.13242],[125.5638,11.13173],[125.56369,11.13137],[125.56333,11.13123],[125.56295,11.13135],[125.56279,11.1316],[125.56248,11.13158],[125.56206,11.13107],[125.56193,11.1307],[125.5622,11.13048],[125.56302,11.13054],[125.56334,11.13016],[125.56313,11.12957],[125.56292,11.12954],[125.5629,11.12914],[125.56274,11.12883],[125.56272,11.12843],[125.56223,11.12799],[125.56125,11.12814],[125.56058,11.12756],[125.56051,11.12783],[125.56006,11.12789],[125.5593,11.12748],[125.55888,11.12673],[125.55895,11.1263],[125.55951,11.1259],[125.56024,11.12593],[125.56045,11.12521],[125.56099,11.125],[125.56116,11.12476],[125.56221,11.12459],[125.56255,11.12502],[125.56324,11.12499],[125.56364,11.12475],[125.56493,11.12481],[125.56567,11.12496],[125.56577,11.12557],[125.56603,11.12594],[125.56643,11.12601],[125.5667,11.12625],[125.56678,11.12652],[125.56789,11.1275],[125.56912,11.12781],[125.56946,11.12772],[125.56955,11.12734],[125.56931,11.1266],[125.56943,11.12625],[125.56978,11.12581],[125.56945,11.12482],[125.56922,11.12448],[125.56834,11.12403],[125.56799,11.12417],[125.56725,11.12407],[125.56692,11.12363],[125.56693,11.12273],[125.56727,11.12226],[125.56771,11.12212],[125.56806,11.12225],[125.56813,11.12291],[125.56808,11.12353],[125.56828,11.12365],[125.56905,11.12364],[125.56974,11.12396],[125.56974,11.12369],[125.57018,11.12333],[125.57037,11.12298],[125.57084,11.12285],[125.57109,11.1226],[125.57161,11.12254],[125.57167,11.12207],[125.57217,11.12154],[125.57204,11.12111],[125.57234,11.12018],[125.57194,11.11936],[125.57161,11.11909],[125.57154,11.11877],[125.57121,11.1183],[125.57085,11.11801],[125.57106,11.11724],[125.57159,11.1171],[125.57194,11.1175],[125.57319,11.11746],[125.57341,11.11752],[125.5737,11.11802],[125.57419,11.11835],[125.5745,11.11756],[125.57548,11.11715],[125.57506,11.11647],[125.57378,11.11545],[125.57421,11.11521],[125.5749,11.11541],[125.57516,11.11482],[125.57489,11.11449],[125.57439,11.11407],[125.57437,11.11364],[125.57406,11.11348],[125.5741,11.11304],[125.57384,11.11293],[125.574,11.11245],[125.57435,11.11248],[125.57467,11.11224],[125.57443,11.11184],[125.57374,11.112],[125.57443,11.11076],[125.57452,11.11041],[125.57424,11.11028],[125.57442,11.10967],[125.5747,11.10963],[125.57493,11.10989],[125.57515,11.10958],[125.57502,11.10915],[125.57435,11.10884],[125.5747,11.10841],[125.57481,11.10808],[125.57517,11.10805],[125.57557,11.10755],[125.57752,11.10732],[125.57858,11.10701],[125.5789,11.10713],[125.57899,11.10767],[125.57944,11.10784],[125.58004,11.10831],[125.58017,11.10875],[125.58043,11.10918],[125.58089,11.10945],[125.58121,11.10951],[125.58164,11.10935],[125.58208,11.10896],[125.58229,11.1091],[125.58223,11.11017],[125.58238,11.11061],[125.5827,11.11071],[125.58363,11.11044],[125.58385,11.11134],[125.5841,11.11175],[125.58448,11.1121],[125.585,11.11204],[125.58538,11.11222],[125.58535,11.11182],[125.58462,11.11087],[125.58446,11.11047],[125.58475,11.11033],[125.58495,11.11064],[125.58539,11.11091],[125.58558,11.11079],[125.58585,11.11115],[125.58561,11.11168],[125.58572,11.11198],[125.58599,11.11214],[125.5866,11.11225],[125.58679,11.11203],[125.58718,11.11224],[125.58748,11.11254],[125.58796,11.11267],[125.58817,11.11287],[125.58802,11.11318],[125.58862,11.11334],[125.5887,11.11314],[125.58916,11.11312],[125.58964,11.11374],[125.58986,11.11389],[125.5907,11.11372],[125.59092,11.11374],[125.59135,11.11427],[125.59194,11.11448],[125.5923,11.11483],[125.59232,11.11507],[125.59141,11.11506],[125.59124,11.11547],[125.59175,11.11576],[125.59196,11.1161],[125.59245,11.11618],[125.59262,11.11597],[125.59266,11.11552],[125.59335,11.11568],[125.59344,11.11551],[125.59384,11.11559],[125.59453,11.11586],[125.59511,11.11562],[125.59558,11.11578],[125.59637,11.11584],[125.59662,11.11624],[125.59715,11.11652],[125.59719,11.11699],[125.59748,11.11697],[125.59777,11.11651],[125.59828,11.11631],[125.5987,11.11625],[125.59933,11.11655],[125.59961,11.1173],[125.5999,11.11765],[125.60052,11.11732],[125.60093,11.11739],[125.6016,11.11824],[125.60209,11.11817],[125.60236,11.11824],[125.60276,11.11862],[125.60321,11.11856],[125.60355,11.11874],[125.60399,11.11863],[125.60441,11.11878],[125.60466,11.11912],[125.60469,11.1194],[125.60429,11.11964],[125.6037,11.11959],[125.60355,11.11978],[125.60422,11.12049],[125.60441,11.12085],[125.60487,11.12086],[125.60556,11.1212],[125.60607,11.12091],[125.60632,11.12034],[125.60588,11.11975],[125.60612,11.11951],[125.60739,11.1196],[125.60792,11.11979],[125.60826,11.12032],[125.60915,11.12095],[125.61005,11.12094],[125.6102,11.12107],[125.61024,11.12151],[125.61055,11.1218],[125.61096,11.12183],[125.6117,11.12247],[125.61217,11.12263],[125.61297,11.12272],[125.61361,11.12258],[125.61412,11.12217],[125.61499,11.12191],[125.61594,11.12195],[125.61642,11.1221],[125.61661,11.12258],[125.6165,11.1239],[125.61614,11.12454],[125.61617,11.12492],[125.61598,11.12562],[125.61611,11.12624],[125.61658,11.12662],[125.61707,11.12673],[125.61771,11.12703],[125.61781,11.12773],[125.61814,11.12816],[125.61848,11.12834],[125.61976,11.12843],[125.62013,11.12857],[125.62112,11.12911],[125.62199,11.12918],[125.62353,11.12922],[125.62495,11.12974],[125.62562,11.13015],[125.62603,11.1306],[125.62659,11.13107],[125.6271,11.13135],[125.62724,11.13155],[125.62809,11.13198],[125.6287,11.13236],[125.62916,11.1328],[125.62962,11.13293],[125.63063,11.13286],[125.63139,11.13322],[125.63199,11.13329],[125.63257,11.13384],[125.63344,11.13418],[125.63429,11.13464],[125.63465,11.13477],[125.63503,11.13506],[125.63558,11.13523],[125.63603,11.13549],[125.63644,11.13595],[125.63699,11.13643],[125.63755,11.13667],[125.63825,11.13682],[125.63895,11.13715],[125.63973,11.13717],[125.64038,11.13731],[125.64101,11.1376],[125.64094,11.13772],[125.64168,11.13811],[125.6421,11.13821],[125.64278,11.1386],[125.64306,11.13886],[125.64358,11.13887],[125.64375,11.13908],[125.64462,11.13923],[125.64514,11.13899],[125.64552,11.13894],[125.64609,11.13905],[125.64681,11.13955],[125.64746,11.13916],[125.64768,11.13879],[125.64803,11.13865],[125.64917,11.13911],[125.64961,11.13956],[125.64973,11.14013],[125.65039,11.14042],[125.65136,11.14056],[125.65216,11.1409],[125.65292,11.1411],[125.65336,11.14106],[125.65376,11.14086],[125.65465,11.14166],[125.65553,11.1421],[125.65651,11.14236],[125.65694,11.14217],[125.65789,11.14208],[125.65856,11.14232],[125.65937,11.14254],[125.65943,11.14198],[125.65883,11.14012],[125.65934,11.14155],[125.65969,11.14232],[125.6605,11.14238],[125.66105,11.14257],[125.66083,11.14206],[125.66084,11.14158],[125.66129,11.14107],[125.66165,11.14098],[125.66234,11.1403],[125.66235,11.14011],[125.66269,11.13954],[125.66357,11.13974],[125.66436,11.14],[125.66545,11.14005],[125.66561,11.13988],[125.66522,11.13927],[125.66528,11.13873],[125.66547,11.13823],[125.66597,11.13763],[125.66602,11.13704],[125.66637,11.13633],[125.66642,11.13594],[125.66686,11.1355],[125.66668,11.13528],[125.66616,11.13578],[125.66553,11.13592],[125.6649,11.13523],[125.66473,11.13493],[125.66392,11.13444],[125.66379,11.13418],[125.66368,11.13305],[125.66349,11.13287],[125.66281,11.13315],[125.66217,11.13311],[125.66185,11.13286],[125.66157,11.13196],[125.66119,11.13179],[125.66117,11.13137],[125.66152,11.13133],[125.66167,11.13087],[125.66179,11.13002],[125.6622,11.12962],[125.66282,11.12863],[125.66279,11.12825],[125.66305,11.1279],[125.66324,11.12687],[125.66275,11.127],[125.66224,11.12673],[125.66212,11.12615],[125.66175,11.12565],[125.66151,11.12551],[125.66105,11.12468],[125.66083,11.12371],[125.66019,11.12369],[125.65998,11.12381],[125.65931,11.12377],[125.65829,11.12332],[125.65785,11.12298],[125.65766,11.1226],[125.65806,11.12218],[125.65842,11.12211],[125.65899,11.12172],[125.66039,11.12171],[125.6611,11.12187],[125.66153,11.12221],[125.66177,11.12304],[125.66203,11.12292],[125.66276,11.12281],[125.66287,11.12243],[125.66339,11.12238],[125.66365,11.1218],[125.66434,11.12169],[125.66487,11.12177],[125.66533,11.12139],[125.66456,11.12139],[125.66425,11.12106],[125.66451,11.12081],[125.66386,11.1204],[125.66374,11.11998],[125.66386,11.11944],[125.66432,11.11903],[125.66449,11.11871],[125.665,11.1182],[125.66534,11.11772],[125.66523,11.11692],[125.66535,11.11672],[125.66625,11.11652],[125.66676,11.11672],[125.66767,11.11655],[125.66848,11.11683],[125.6696,11.11629],[125.66978,11.11603],[125.6702,11.11581],[125.67079,11.11579],[125.6719,11.11552],[125.67291,11.11546],[125.67348,11.11527],[125.67409,11.11518],[125.67518,11.11439],[125.67665,11.11382],[125.67698,11.11391],[125.67722,11.11366],[125.6776,11.11368],[125.67794,11.11349],[125.67819,11.11364],[125.67898,11.1136],[125.67944,11.1133],[125.68,11.11321],[125.68012,11.11295],[125.68051,11.11293],[125.68155,11.11235],[125.68216,11.11232],[125.68237,11.11254],[125.68258,11.11233],[125.68305,11.11217],[125.68339,11.11225],[125.68446,11.11176],[125.6852,11.11131],[125.68587,11.1114],[125.68631,11.11137],[125.68719,11.11079],[125.68812,11.11077],[125.68827,11.11034],[125.68865,11.11016],[125.6893,11.11018],[125.68967,11.11001],[125.68986,11.10978],[125.69067,11.10922],[125.69123,11.10844],[125.69104,11.10795],[125.69147,11.10776],[125.69239,11.10784],[125.69285,11.10768],[125.69326,11.10781],[125.69469,11.10802],[125.69515,11.10819],[125.69529,11.10811],[125.69619,11.1085],[125.69681,11.10884],[125.69759,11.10903],[125.69787,11.10933],[125.69827,11.10897],[125.6985,11.10902],[125.69887,11.10937],[125.70098,11.1115],[125.70201,11.11453],[125.7019,11.11457],[125.70305,11.11725],[125.70329,11.11777],[125.70486,11.11937],[125.7054,11.11974],[125.70476,11.12022],[125.70324,11.121],[125.70237,11.12158],[125.70239,11.12184],[125.70209,11.12276],[125.70175,11.12331],[125.70158,11.12367],[125.70073,11.12465],[125.70036,11.12529],[125.69995,11.12638],[125.69963,11.1267],[125.69957,11.12693],[125.69667,11.12969],[125.69539,11.13124],[125.695,11.13188],[125.6942,11.1335],[125.69378,11.13409],[125.69325,11.13498],[125.69201,11.13685],[125.69185,11.13743],[125.69154,11.13807],[125.69127,11.13898],[125.69081,11.14005],[125.6904,11.14077],[125.69002,11.14181],[125.68958,11.14264],[125.68873,11.14365],[125.68874,11.1447],[125.68847,11.14522],[125.68848,11.14568],[125.68843,11.14604],[125.68855,11.14658],[125.68849,11.14705],[125.6881,11.14827],[125.68804,11.14913],[125.68792,11.14965],[125.68799,11.15021],[125.68763,11.15057],[125.6872,11.15141],[125.68712,11.15213],[125.68683,11.15309],[125.68662,11.15473],[125.68647,11.15532],[125.68634,11.15638],[125.68592,11.15806],[125.6859,11.15837],[125.68548,11.16043],[125.68521,11.16057],[125.68518,11.16144],[125.68508,11.16186],[125.68516,11.16282],[125.68538,11.16314],[125.68545,11.1637],[125.68589,11.16394],[125.68614,11.16442],[125.68589,11.16501],[125.68605,11.1653],[125.68581,11.16622],[125.68564,11.1666],[125.68516,11.16697],[125.68507,11.16719],[125.68462,11.1674],[125.68443,11.16791],[125.68437,11.16844],[125.68387,11.16875],[125.68358,11.16941],[125.68335,11.16955],[125.68312,11.17001],[125.68309,11.17041],[125.68323,11.1706],[125.68293,11.17084],[125.6824,11.1708],[125.68175,11.1717],[125.68151,11.17248],[125.68088,11.17256],[125.68009,11.17309],[125.67956,11.17313],[125.67926,11.17392],[125.67898,11.17439],[125.67812,11.17628],[125.67726,11.17791],[125.67689,11.17875],[125.67615,11.18093],[125.67553,11.18223],[125.675,11.18351],[125.67452,11.18442],[125.6744,11.18478],[125.67353,11.18635],[125.67307,11.18702],[125.67166,11.18905],[125.67128,11.18907],[125.67099,11.18929],[125.67083,11.18969],[125.67022,11.19059],[125.67023,11.19079],[125.66969,11.19211],[125.66898,11.19319],[125.66873,11.19338],[125.66836,11.19417],[125.66807,11.19437],[125.66798,11.19471],[125.66763,11.195],[125.66773,11.19524],[125.66701,11.19604],[125.66682,11.1964],[125.6664,11.19675],[125.6662,11.1971],[125.66581,11.19744],[125.66541,11.19797],[125.66513,11.1982],[125.6643,11.19859],[125.66335,11.1992],[125.66277,11.19938],[125.66207,11.19991],[125.66157,11.2],[125.66128,11.20029],[125.6598,11.20132],[125.65907,11.20193],[125.65876,11.20208],[125.65849,11.20245],[125.65796,11.20287],[125.65689,11.2039],[125.65583,11.20463],[125.65462,11.20529],[125.65352,11.20561],[125.65252,11.2061],[125.65195,11.20674],[125.65151,11.20669],[125.65044,11.20695],[125.64987,11.20729],[125.64928,11.20664],[125.64846,11.20615],[125.6481,11.20631],[125.64767,11.20667],[125.64698,11.20703],[125.64598,11.20786],[125.64373,11.20885],[125.64301,11.20913],[125.64132,11.20959],[125.63988,11.21015],[125.63924,11.21033],[125.63856,11.21064],[125.63716,11.21102],[125.6365,11.21114],[125.63573,11.21111],[125.63523,11.21116],[125.63351,11.21199],[125.63255,11.21239],[125.63224,11.21271],[125.632,11.21271],[125.63138,11.21309],[125.63122,11.213],[125.63024,11.21377],[125.62984,11.21365],[125.62933,11.21394],[125.62951,11.21407],[125.62959,11.21474],[125.6294,11.2154],[125.62909,11.21549],[125.62899,11.21517],[125.62855,11.21502],[125.62785,11.21526],[125.6275,11.21557],[125.62723,11.21544],[125.62705,11.2158],[125.62719,11.21626],[125.62768,11.21639],[125.62779,11.21671],[125.62749,11.21685],[125.62748,11.21738],[125.62688,11.21757],[125.62673,11.21822],[125.62643,11.21845],[125.62608,11.21852],[125.62554,11.21902],[125.62546,11.21925],[125.62457,11.21975],[125.62458,11.22004],[125.62516,11.22014],[125.62491,11.22077],[125.62446,11.22123],[125.62406,11.22091],[125.62342,11.22083],[125.6227,11.22103],[125.62177,11.22077],[125.62125,11.22106],[125.6204,11.22182],[125.61992,11.22201],[125.61937,11.2229],[125.61889,11.22305],[125.61862,11.22339],[125.61823,11.22369],[125.61776,11.22375],[125.61707,11.22417],[125.61694,11.2245],[125.61607,11.2252],[125.61547,11.22561],[125.61509,11.22577],[125.61484,11.22631],[125.61419,11.22682],[125.61369,11.2266],[125.61272,11.22674],[125.61194,11.22754],[125.61185,11.22805],[125.61135,11.22861],[125.61067,11.22895],[125.61026,11.22896],[125.60977,11.22926],[125.60932,11.22916],[125.60886,11.22944],[125.60847,11.22927],[125.60803,11.2295],[125.60798,11.22975],[125.60701,11.22982],[125.60641,11.22972],[125.60614,11.22997],[125.60584,11.22986],[125.60579,11.22909],[125.60549,11.22932],[125.60551,11.22976],[125.60508,11.23004],[125.60472,11.23012],[125.60343,11.23104],[125.60323,11.23106],[125.6029,11.23139],[125.60236,11.23153],[125.60163,11.23183],[125.60141,11.23207],[125.60083,11.23215],[125.60023,11.23242],[125.59948,11.23242],[125.59879,11.23251],[125.5984,11.23248],[125.59787,11.23225],[125.59747,11.23246],[125.59687,11.23238],[125.59672,11.23248],[125.59553,11.23222],[125.59481,11.23174],[125.59464,11.2315],[125.59418,11.23129],[125.59404,11.23103],[125.5932,11.23075],[125.59284,11.23045],[125.59236,11.22991],[125.59236,11.22932],[125.59249,11.22895],[125.59194,11.22917],[125.59094,11.22863],[125.58994,11.22856],[125.58953,11.22846],[125.58882,11.22863],[125.58834,11.2286],[125.58804,11.22826],[125.58777,11.22819],[125.58734,11.22778],[125.58703,11.22703],[125.58733,11.22651],[125.58735,11.2263],[125.58778,11.22541],[125.58822,11.22494],[125.58886,11.2247],[125.58938,11.22492],[125.58992,11.22468],[125.59068,11.22467],[125.59114,11.22438],[125.59141,11.22466],[125.5919,11.22439],[125.592,11.2239],[125.59189,11.2235],[125.59188,11.22293],[125.59225,11.22214],[125.59212,11.22188],[125.5922,11.22138],[125.59293,11.22082],[125.59321,11.22074],[125.59322,11.22045],[125.59343,11.22021],[125.59416,11.22003],[125.59458,11.22],[125.59541,11.21953],[125.59582,11.21918],[125.5965,11.21887],[125.59725,11.21872],[125.59791,11.21796],[125.59786,11.21749],[125.59817,11.21701],[125.59864,11.21672],[125.59888,11.21674],[125.59921,11.21642],[125.59978,11.21619],[125.6007,11.21602],[125.60099,11.21567],[125.60132,11.21548],[125.60189,11.21538],[125.60213,11.21502],[125.6029,11.21468],[125.60303,11.21453],[125.60357,11.21435],[125.60418,11.21369],[125.60532,11.21301],[125.60576,11.21248],[125.60608,11.21235],[125.60723,11.21167],[125.60742,11.21112],[125.60802,11.21094],[125.60883,11.21048],[125.61018,11.2101],[125.61053,11.20979],[125.61064,11.20939],[125.61164,11.20921],[125.61175,11.20888],[125.61259,11.20839],[125.61335,11.2081],[125.61357,11.20792],[125.61405,11.20771],[125.6147,11.20731],[125.61495,11.20665],[125.61559,11.20627],[125.61594,11.20622],[125.61618,11.206],[125.6163,11.20554],[125.61662,11.20512],[125.6172,11.20459],[125.6176,11.20446],[125.61777,11.20413],[125.61852,11.20383],[125.61919,11.20328],[125.61949,11.20322],[125.61971,11.2027],[125.62037,11.20254],[125.62056,11.20216],[125.62119,11.20179],[125.6214,11.20142],[125.62076,11.20159],[125.61999,11.20147],[125.6197,11.20093],[125.6199,11.20071],[125.61986,11.20044],[125.62064,11.19968],[125.62109,11.19905],[125.62134,11.19895],[125.62138,11.19852],[125.62163,11.1982],[125.62289,11.19753],[125.62322,11.1976],[125.62404,11.19797],[125.62481,11.1978],[125.62547,11.19733],[125.6262,11.1972],[125.62673,11.19741],[125.62683,11.19726],[125.62741,11.19697],[125.62772,11.19666],[125.62713,11.19652],[125.62648,11.19677],[125.62609,11.19667],[125.62546,11.19707],[125.62461,11.19741],[125.62405,11.19755],[125.62375,11.19738],[125.62364,11.19704],[125.62333,11.19715],[125.62273,11.19715],[125.62224,11.19735],[125.62142,11.1972],[125.62118,11.19642],[125.62058,11.19601],[125.62071,11.19553],[125.62042,11.1953],[125.61964,11.19518],[125.61978,11.19462],[125.61918,11.19494],[125.61884,11.19489],[125.61866,11.19508],[125.61862,11.1962],[125.61852,11.19653],[125.6178,11.19739],[125.61755,11.19737],[125.61732,11.19703],[125.61644,11.19648],[125.61607,11.19617],[125.61549,11.19652],[125.61513,11.19648],[125.61496,11.1961],[125.61513,11.19582],[125.61501,11.19558],[125.61448,11.19576],[125.61427,11.19595],[125.61373,11.19618],[125.61327,11.19597],[125.61316,11.19538],[125.61331,11.19481],[125.61324,11.1943],[125.61334,11.19401],[125.61362,11.19387],[125.61429,11.19385],[125.61531,11.19396],[125.61592,11.1944],[125.61611,11.19479],[125.61658,11.19443],[125.61669,11.19412],[125.61653,11.19387],[125.61596,11.19391],[125.61532,11.19361],[125.61461,11.19304],[125.6147,11.19277],[125.61461,11.19239],[125.61441,11.19236],[125.61401,11.19175],[125.61401,11.19155],[125.61487,11.19097],[125.61513,11.19064],[125.61541,11.1906],[125.6158,11.19088],[125.61618,11.19063],[125.61624,11.19034],[125.61597,11.19006],[125.61593,11.18979],[125.6155,11.18961],[125.61583,11.18898],[125.61488,11.18858],[125.61454,11.18858],[125.61462,11.18923],[125.61435,11.18999],[125.61384,11.19056],[125.61312,11.19105],[125.61303,11.19139],[125.61244,11.19196],[125.61185,11.19207],[125.61158,11.19237],[125.61128,11.19248],[125.61099,11.19228],[125.6108,11.19193],[125.61079,11.19144],[125.61094,11.19126],[125.6106,11.19083],[125.61042,11.19109],[125.60985,11.19124],[125.60942,11.19099],[125.60935,11.1907],[125.60863,11.19077],[125.60834,11.19051],[125.60825,11.19093],[125.60773,11.19097],[125.60699,11.19043],[125.60595,11.19033],[125.60564,11.19018],[125.60461,11.18947],[125.6043,11.18895]]],[[[125.66199,11.11046],[125.66129,11.11064],[125.66017,11.11043],[125.65894,11.11043],[125.65854,11.11012],[125.65837,11.10977],[125.65811,11.10862],[125.6576,11.10802],[125.65709,11.10782],[125.65625,11.1078],[125.65504,11.10807],[125.65441,11.10845],[125.65381,11.10843],[125.65342,11.10807],[125.65306,11.10747],[125.65299,11.1069],[125.65302,11.10613],[125.65323,11.1054],[125.65352,11.10491],[125.65383,11.10473],[125.65388,11.10448],[125.65427,11.10441],[125.65475,11.10416],[125.65506,11.10376],[125.65539,11.10387],[125.65546,11.10436],[125.6561,11.10442],[125.65643,11.10425],[125.65722,11.10455],[125.65804,11.10505],[125.65851,11.10551],[125.65902,11.10635],[125.65955,11.10694],[125.66013,11.10679],[125.66059,11.10713],[125.6614,11.10754],[125.66144,11.10778],[125.66197,11.10861],[125.66221,11.10979],[125.66199,11.11046]]],[[[125.67727,11.11219],[125.6766,11.11221],[125.67582,11.11212],[125.6757,11.11195],[125.67583,11.1116],[125.67583,11.111],[125.67538,11.11059],[125.67479,11.11021],[125.6746,11.11024],[125.67447,11.10956],[125.67402,11.10914],[125.67361,11.10928],[125.67331,11.1102],[125.67301,11.11036],[125.67299,11.11084],[125.67254,11.11124],[125.67199,11.11122],[125.67143,11.11083],[125.66969,11.11119],[125.66921,11.11117],[125.6685,11.11082],[125.668,11.11126],[125.66766,11.11172],[125.66735,11.11184],[125.6655,11.11174],[125.66473,11.11125],[125.66401,11.11114],[125.66358,11.11075],[125.66327,11.11004],[125.6633,11.10943],[125.66348,11.109],[125.66301,11.10845],[125.66365,11.10814],[125.66395,11.10831],[125.66419,11.10791],[125.66387,11.10719],[125.66391,11.10637],[125.66427,11.10605],[125.66518,11.10604],[125.66497,11.10542],[125.66478,11.10521],[125.664,11.10512],[125.66411,11.10414],[125.66426,11.10351],[125.66461,11.10296],[125.66495,11.10295],[125.66507,11.10316],[125.66476,11.1038],[125.66471,11.10427],[125.66501,11.10473],[125.66564,11.10466],[125.6659,11.10393],[125.66621,11.10406],[125.66718,11.10408],[125.66748,11.10338],[125.66726,11.1031],[125.66633,11.10263],[125.66617,11.10238],[125.66549,11.10229],[125.66523,11.10194],[125.66495,11.10211],[125.66474,11.10196],[125.66429,11.10058],[125.66425,11.09977],[125.66396,11.09916],[125.66411,11.09877],[125.66481,11.09874],[125.66557,11.09988],[125.66621,11.1001],[125.66654,11.09995],[125.667,11.10039],[125.66755,11.10056],[125.66775,11.10041],[125.66714,11.09962],[125.66718,11.09935],[125.66746,11.09904],[125.66781,11.09908],[125.66798,11.0988],[125.66733,11.09876],[125.66681,11.09851],[125.66675,11.09824],[125.66704,11.09789],[125.66698,11.09739],[125.66726,11.09714],[125.66743,11.09654],[125.66774,11.09629],[125.66779,11.09605],[125.66755,11.09556],[125.66777,11.0947],[125.66818,11.09422],[125.66824,11.0937],[125.66782,11.0938],[125.66772,11.09361],[125.66789,11.093],[125.66816,11.09262],[125.66814,11.09209],[125.66779,11.09169],[125.66783,11.09126],[125.66831,11.09101],[125.66911,11.09081],[125.66946,11.09087],[125.67171,11.09202],[125.6721,11.09251],[125.67284,11.0929],[125.67336,11.09301],[125.67498,11.09432],[125.67579,11.09477],[125.67577,11.09505],[125.67628,11.09544],[125.67645,11.0962],[125.6766,11.09642],[125.6766,11.09686],[125.67642,11.09746],[125.67667,11.09767],[125.67671,11.09842],[125.67694,11.09875],[125.67713,11.09939],[125.67704,11.10003],[125.67728,11.10065],[125.67684,11.10091],[125.67682,11.1012],[125.6765,11.10132],[125.6768,11.10186],[125.6764,11.10201],[125.67625,11.10227],[125.67689,11.1023],[125.67734,11.1022],[125.67758,11.102],[125.67773,11.10148],[125.67798,11.10142],[125.67796,11.10101],[125.67828,11.10072],[125.67885,11.10049],[125.67925,11.10043],[125.6799,11.10048],[125.68041,11.10064],[125.68091,11.10065],[125.68193,11.10006],[125.68255,11.10037],[125.68308,11.10042],[125.68314,11.10013],[125.68379,11.0999],[125.68407,11.10005],[125.68436,11.09959],[125.6847,11.09954],[125.68492,11.0997],[125.68488,11.10015],[125.68561,11.1002],[125.68549,11.10062],[125.68516,11.10103],[125.68465,11.10109],[125.68428,11.1008],[125.68402,11.10109],[125.68401,11.10164],[125.68369,11.10228],[125.68387,11.1028],[125.68377,11.10313],[125.68348,11.10343],[125.68307,11.10356],[125.68317,11.1045],[125.68297,11.10477],[125.68268,11.10487],[125.68281,11.1052],[125.68265,11.10596],[125.68272,11.10689],[125.68305,11.10706],[125.68321,11.10741],[125.68311,11.10845],[125.6827,11.10926],[125.68227,11.10965],[125.68144,11.1098],[125.68054,11.11027],[125.68042,11.11042],[125.67945,11.11095],[125.67847,11.11172],[125.67727,11.11219]]],[[[125.58149,11.10421],[125.58121,11.10426],[125.58035,11.10404],[125.5803,11.10382],[125.58088,11.10386],[125.5824,11.10376],[125.58149,11.10421]]],[[[125.57589,11.1073],[125.57505,11.10695],[125.5748,11.10657],[125.57454,11.1064],[125.57445,11.10593],[125.57462,11.10587],[125.57461,11.10537],[125.5748,11.10525],[125.57419,11.10408],[125.57367,11.10365],[125.57338,11.1038],[125.57296,11.10375],[125.5725,11.10393],[125.57228,11.10386],[125.57192,11.1034],[125.5712,11.10353],[125.57032,11.1033],[125.5702,11.10305],[125.56991,11.10297],[125.5696,11.10246],[125.56876,11.10205],[125.56851,11.10121],[125.56851,11.1008],[125.56883,11.10018],[125.56938,11.09962],[125.56989,11.09945],[125.56995,11.09914],[125.57098,11.09803],[125.57117,11.09756],[125.57111,11.09725],[125.57159,11.09666],[125.57175,11.09661],[125.5722,11.09606],[125.57231,11.09579],[125.57294,11.09536],[125.57315,11.09538],[125.57375,11.09479],[125.57462,11.09456],[125.57503,11.09434],[125.57537,11.09441],[125.57601,11.09385],[125.57659,11.0937],[125.5766,11.09325],[125.57736,11.09304],[125.57805,11.09307],[125.57824,11.0932],[125.5788,11.09325],[125.57932,11.09355],[125.58004,11.0942],[125.5805,11.09431],[125.58135,11.09511],[125.58178,11.09557],[125.58273,11.09567],[125.5827,11.09588],[125.58298,11.09612],[125.58323,11.09609],[125.58356,11.09635],[125.58364,11.09699],[125.58384,11.09729],[125.58455,11.0978],[125.58464,11.09818],[125.58542,11.09952],[125.58497,11.09971],[125.58397,11.09897],[125.58359,11.09916],[125.58344,11.09948],[125.58365,11.0997],[125.58406,11.09983],[125.58427,11.10081],[125.5838,11.10193],[125.58361,11.10198],[125.58358,11.10259],[125.58346,11.10296],[125.58218,11.10336],[125.58193,11.1036],[125.58144,11.10375],[125.5807,11.1038],[125.57987,11.10365],[125.57974,11.1035],[125.57926,11.1037],[125.5795,11.1039],[125.57916,11.10426],[125.57878,11.10443],[125.57881,11.10475],[125.57836,11.10524],[125.57844,11.10556],[125.5791,11.1065],[125.57889,11.10672],[125.57851,11.10677],[125.57842,11.10633],[125.57807,11.10649],[125.57763,11.10697],[125.57706,11.10702],[125.57678,11.10725],[125.57589,11.1073]]]]}},{"type":"Feature","properties":{"code":"0804817000","name":"San Antonio","kind":"Municipality","provinceCode":"0804800000","province":"Northern Samar","areaKm2":28,"labelPoint":[124.26379,12.41106]},"geometry":{"type":"Polygon","coordinates":[[[124.28514,12.39022],[124.28507,12.39094],[124.28529,12.39211],[124.28432,12.3931],[124.28337,12.39425],[124.2826,12.39543],[124.28222,12.39612],[124.28181,12.39704],[124.28006,12.40187],[124.28001,12.4026],[124.27971,12.40361],[124.2797,12.40403],[124.27931,12.40569],[124.27915,12.40663],[124.27889,12.4087],[124.27888,12.41059],[124.27904,12.41133],[124.27919,12.41148],[124.27946,12.41212],[124.27984,12.41355],[124.27986,12.41371],[124.27976,12.41446],[124.27948,12.41499],[124.27876,12.41564],[124.27842,12.41616],[124.27798,12.41705],[124.27716,12.41802],[124.27671,12.41893],[124.27621,12.4198],[124.27594,12.42075],[124.27516,12.42139],[124.27467,12.42223],[124.27404,12.42286],[124.27374,12.42333],[124.27334,12.42418],[124.27361,12.42429],[124.27388,12.42535],[124.27371,12.42616],[124.27361,12.42636],[124.27311,12.42661],[124.27245,12.42717],[124.27207,12.42769],[124.27174,12.42879],[124.27125,12.42945],[124.27072,12.42964],[124.26986,12.43051],[124.26961,12.4309],[124.26906,12.43211],[124.26869,12.4333],[124.26855,12.43401],[124.26832,12.43469],[124.26798,12.43508],[124.26794,12.43531],[124.26743,12.43598],[124.26649,12.43697],[124.26545,12.43787],[124.26508,12.43842],[124.26524,12.43876],[124.26487,12.43928],[124.26425,12.44036],[124.26362,12.44093],[124.26332,12.44141],[124.26332,12.44169],[124.26311,12.44207],[124.26249,12.44278],[124.26241,12.44304],[124.2618,12.44339],[124.26168,12.44364],[124.26192,12.44388],[124.26151,12.44403],[124.26094,12.44469],[124.26023,12.44558],[124.25966,12.44652],[124.25911,12.44702],[124.2588,12.44755],[124.25851,12.44825],[124.25836,12.44889],[124.25795,12.45006],[124.25734,12.45113],[124.25688,12.45154],[124.25572,12.45307],[124.25525,12.45352],[124.25397,12.45509],[124.25297,12.45623],[124.25238,12.45697],[124.25189,12.45746],[124.2509,12.45819],[124.25003,12.45861],[124.24938,12.45904],[124.24713,12.45945],[124.2464,12.45949],[124.24572,12.45943],[124.24489,12.45926],[124.24402,12.45893],[124.24334,12.45876],[124.24224,12.45815],[124.24187,12.45772],[124.24141,12.45734],[124.24064,12.45616],[124.24026,12.45508],[124.23997,12.45353],[124.23989,12.45259],[124.23995,12.45163],[124.23993,12.45052],[124.23999,12.44988],[124.24018,12.44928],[124.24032,12.4483],[124.24049,12.44776],[124.24064,12.44676],[124.24057,12.44595],[124.24076,12.44477],[124.24074,12.44418],[124.24094,12.44351],[124.241,12.44262],[124.24113,12.44161],[124.24115,12.44047],[124.24134,12.43973],[124.24144,12.43869],[124.24174,12.43784],[124.24212,12.43606],[124.24235,12.43543],[124.24234,12.4352],[124.24256,12.4341],[124.24263,12.43346],[124.24323,12.43174],[124.24331,12.43111],[124.24349,12.43078],[124.24345,12.43052],[124.24366,12.42983],[124.24417,12.4285],[124.24434,12.42759],[124.24463,12.42695],[124.24484,12.42624],[124.24528,12.42551],[124.24557,12.42516],[124.24559,12.42395],[124.24584,12.42297],[124.24593,12.42113],[124.24606,12.41947],[124.24639,12.41903],[124.24684,12.41878],[124.24714,12.4179],[124.24737,12.41748],[124.24778,12.41724],[124.24801,12.41682],[124.24797,12.41571],[124.24802,12.41483],[124.24776,12.4139],[124.24776,12.41323],[124.24798,12.41187],[124.24794,12.41098],[124.24812,12.41079],[124.24826,12.41025],[124.24851,12.40859],[124.2485,12.40812],[124.24881,12.40751],[124.2494,12.40651],[124.24948,12.40623],[124.24945,12.40556],[124.2496,12.405],[124.24972,12.40396],[124.24986,12.40353],[124.25039,12.4028],[124.25095,12.4014],[124.25109,12.40058],[124.2516,12.39973],[124.25179,12.39901],[124.25218,12.39824],[124.25243,12.39708],[124.25295,12.39602],[124.25341,12.39552],[124.25393,12.39392],[124.25412,12.39356],[124.25438,12.39251],[124.25471,12.3917],[124.25501,12.39001],[124.25507,12.38935],[124.25535,12.38856],[124.2556,12.38813],[124.25588,12.38727],[124.25614,12.38583],[124.25714,12.38406],[124.25772,12.38286],[124.25808,12.38187],[124.2582,12.38178],[124.25863,12.38048],[124.25898,12.3799],[124.25933,12.37967],[124.25954,12.37885],[124.26025,12.37741],[124.2605,12.37674],[124.26207,12.37415],[124.26222,12.37403],[124.2628,12.37325],[124.26331,12.37238],[124.26364,12.37193],[124.26504,12.37032],[124.26576,12.36917],[124.26593,12.36906],[124.26713,12.36747],[124.26747,12.36689],[124.26792,12.36627],[124.26844,12.36515],[124.26881,12.3645],[124.26916,12.36404],[124.26965,12.36325],[124.27016,12.36307],[124.27072,12.36268],[124.2711,12.36263],[124.27177,12.36233],[124.27236,12.36228],[124.27317,12.36236],[124.274,12.36238],[124.27443,12.36231],[124.27606,12.3626],[124.27739,12.36303],[124.27793,12.36346],[124.27874,12.36461],[124.27891,12.36527],[124.27963,12.36669],[124.28001,12.36715],[124.28045,12.36796],[124.28094,12.36865],[124.28145,12.36951],[124.28203,12.3708],[124.28242,12.37143],[124.28313,12.3737],[124.28333,12.37467],[124.28349,12.37495],[124.28355,12.37554],[124.28395,12.37673],[124.28412,12.37755],[124.28389,12.37817],[124.28407,12.37914],[124.28458,12.38088],[124.28501,12.38214],[124.28561,12.38448],[124.28561,12.38503],[124.28572,12.38551],[124.28542,12.38746],[124.28521,12.38934],[124.28514,12.39022]]]}},{"type":"Feature","properties":{"code":"0804818000","name":"San Isidro","kind":"Municipality","provinceCode":"0804800000","province":"Northern Samar","areaKm2":182,"labelPoint":[124.39959,12.34283]},"geometry":{"type":"Polygon","coordinates":[[[124.34056,12.37405],[124.34048,12.37368],[124.34028,12.37362],[124.34017,12.37242],[124.33997,12.37204],[124.3391,12.3715],[124.33878,12.37162],[124.33847,12.37207],[124.33812,12.37173],[124.33754,12.37137],[124.33779,12.37096],[124.33704,12.37043],[124.33711,12.37024],[124.33801,12.37077],[124.33752,12.3701],[124.33724,12.37006],[124.3369,12.36942],[124.33644,12.3692],[124.33613,12.36868],[124.3359,12.36852],[124.33517,12.36766],[124.33467,12.36643],[124.3345,12.3654],[124.33454,12.36447],[124.33461,12.36407],[124.33441,12.36351],[124.33532,12.36288],[124.33558,12.36247],[124.33567,12.36145],[124.3362,12.36055],[124.33581,12.36024],[124.33571,12.3599],[124.33537,12.35963],[124.33528,12.35888],[124.33555,12.35832],[124.33544,12.35778],[124.33556,12.3568],[124.33589,12.35682],[124.33596,12.35615],[124.33574,12.35505],[124.3359,12.3538],[124.3358,12.3535],[124.33577,12.35267],[124.33581,12.35226],[124.33576,12.35151],[124.33548,12.35159],[124.33521,12.35132],[124.33455,12.35024],[124.3337,12.34907],[124.33317,12.34803],[124.33321,12.34752],[124.33338,12.34711],[124.3335,12.34557],[124.33386,12.34467],[124.33422,12.34395],[124.33435,12.34343],[124.33428,12.34257],[124.33433,12.34214],[124.3342,12.34162],[124.33473,12.34096],[124.33467,12.34057],[124.33484,12.34031],[124.33475,12.34006],[124.33505,12.33904],[124.33531,12.33895],[124.33581,12.33823],[124.3359,12.33788],[124.33595,12.33701],[124.33606,12.33641],[124.33603,12.33573],[124.33624,12.33539],[124.33612,12.33518],[124.33643,12.33471],[124.33657,12.33377],[124.33673,12.33328],[124.33676,12.33263],[124.33708,12.33204],[124.33753,12.33159],[124.33773,12.33089],[124.33763,12.33054],[124.33797,12.33043],[124.33824,12.32979],[124.3382,12.32925],[124.33849,12.32908],[124.33834,12.32828],[124.33871,12.3279],[124.33844,12.32777],[124.33876,12.32743],[124.33903,12.32676],[124.33945,12.32642],[124.33997,12.32561],[124.34011,12.32525],[124.34011,12.32459],[124.34032,12.32436],[124.34074,12.32418],[124.34163,12.32405],[124.34205,12.32388],[124.34296,12.32308],[124.34304,12.32266],[124.34303,12.32069],[124.34276,12.31999],[124.34294,12.31989],[124.34338,12.32065],[124.3435,12.32059],[124.34442,12.32108],[124.34454,12.3208],[124.3442,12.32044],[124.34366,12.32013],[124.34333,12.31982],[124.34294,12.31919],[124.34254,12.31789],[124.34269,12.31745],[124.34221,12.31726],[124.34116,12.31633],[124.34056,12.3168],[124.33982,12.31695],[124.33969,12.31711],[124.33921,12.31697],[124.33872,12.31595],[124.33884,12.31547],[124.33839,12.31541],[124.33805,12.31475],[124.33837,12.31478],[124.33873,12.31436],[124.33915,12.31412],[124.33914,12.31364],[124.33975,12.31259],[124.33973,12.31233],[124.34025,12.31215],[124.34049,12.31145],[124.34058,12.31051],[124.34069,12.31017],[124.34115,12.30941],[124.34112,12.30905],[124.34155,12.30848],[124.3419,12.30825],[124.34224,12.30846],[124.34274,12.30808],[124.34351,12.30717],[124.34437,12.30596],[124.34511,12.30454],[124.34514,12.30392],[124.34536,12.30358],[124.3453,12.30301],[124.34537,12.30255],[124.3451,12.30231],[124.34576,12.30179],[124.34571,12.30161],[124.34599,12.30096],[124.34635,12.30047],[124.3467,12.29967],[124.347,12.29933],[124.34723,12.29889],[124.34725,12.29858],[124.34755,12.29812],[124.34775,12.29721],[124.34757,12.29631],[124.34747,12.29573],[124.34688,12.29469],[124.34671,12.29418],[124.34645,12.29389],[124.34655,12.29313],[124.34567,12.29217],[124.34544,12.29198],[124.34572,12.29151],[124.34631,12.29149],[124.34645,12.29092],[124.34673,12.29118],[124.34712,12.29106],[124.34728,12.29066],[124.34725,12.29041],[124.34765,12.28977],[124.34851,12.29027],[124.34892,12.29034],[124.34922,12.29073],[124.34982,12.29061],[124.34988,12.29106],[124.35114,12.29131],[124.35218,12.29092],[124.3526,12.29065],[124.35393,12.28968],[124.35472,12.28894],[124.35496,12.28852],[124.35519,12.28789],[124.35509,12.28752],[124.35512,12.28688],[124.35523,12.28647],[124.35547,12.28627],[124.35544,12.28582],[124.35577,12.28508],[124.35583,12.28432],[124.35594,12.28389],[124.3562,12.28366],[124.3571,12.28215],[124.35769,12.28178],[124.35859,12.28221],[124.35917,12.28231],[124.35947,12.28147],[124.35991,12.28093],[124.36053,12.28079],[124.36154,12.28126],[124.36201,12.28103],[124.3625,12.28095],[124.36283,12.28102],[124.36354,12.28153],[124.36402,12.28194],[124.36436,12.28203],[124.36677,12.28129],[124.36736,12.28166],[124.36842,12.2832],[124.42633,12.2833],[124.43941,12.29817],[124.46297,12.32492],[124.47709,12.34096],[124.48176,12.3589],[124.46916,12.36746],[124.4627,12.37184],[124.43208,12.39263],[124.39978,12.41456],[124.36583,12.41556],[124.35478,12.41592],[124.35313,12.41591],[124.33304,12.41565],[124.32332,12.41625],[124.32331,12.41558],[124.32318,12.41489],[124.32324,12.41409],[124.32309,12.41384],[124.32331,12.41321],[124.32325,12.41267],[124.32332,12.41224],[124.3232,12.41182],[124.3232,12.41134],[124.32338,12.41044],[124.32365,12.40982],[124.32413,12.40894],[124.32401,12.4081],[124.32446,12.40711],[124.32447,12.40664],[124.32366,12.40576],[124.32344,12.40568],[124.323,12.40514],[124.32301,12.40473],[124.32285,12.40436],[124.32291,12.40406],[124.32273,12.40373],[124.32274,12.40301],[124.32292,12.40251],[124.32353,12.40161],[124.32417,12.40108],[124.32455,12.40027],[124.32482,12.39987],[124.32504,12.39923],[124.32538,12.39876],[124.32572,12.39795],[124.32576,12.39724],[124.32592,12.3968],[124.32539,12.39665],[124.3254,12.39615],[124.32558,12.39549],[124.32611,12.39565],[124.32635,12.39534],[124.3267,12.39444],[124.32672,12.39385],[124.32693,12.39344],[124.32696,12.39314],[124.3273,12.3923],[124.32835,12.39113],[124.32874,12.39006],[124.32855,12.38967],[124.32861,12.38947],[124.32799,12.38761],[124.32777,12.38725],[124.32735,12.38687],[124.32729,12.38654],[124.32649,12.38599],[124.32666,12.38537],[124.32615,12.38505],[124.32628,12.38485],[124.32682,12.38533],[124.32706,12.38506],[124.32756,12.38545],[124.32793,12.38516],[124.32831,12.38485],[124.32833,12.38465],[124.32876,12.38447],[124.32892,12.38414],[124.32892,12.38355],[124.32864,12.3832],[124.32845,12.38222],[124.32818,12.38134],[124.32835,12.38032],[124.32896,12.37883],[124.32982,12.37759],[124.33017,12.37717],[124.33091,12.37578],[124.33143,12.37514],[124.33178,12.37487],[124.33235,12.37487],[124.33268,12.37545],[124.33321,12.37575],[124.33332,12.37626],[124.33361,12.37648],[124.33426,12.37731],[124.33528,12.3778],[124.33533,12.37863],[124.33514,12.37922],[124.33497,12.37941],[124.33508,12.38073],[124.33546,12.38139],[124.33558,12.38202],[124.33616,12.3819],[124.33622,12.38178],[124.33826,12.38044],[124.33864,12.38028],[124.33921,12.37985],[124.33929,12.37964],[124.33972,12.37932],[124.33968,12.37893],[124.33927,12.37864],[124.33994,12.37789],[124.33998,12.37765],[124.34016,12.37696],[124.34052,12.3768],[124.3404,12.37633],[124.34061,12.37609],[124.34098,12.3761],[124.34112,12.37519],[124.34071,12.37491],[124.34052,12.37432],[124.34056,12.37405]]]}},{"type":"Feature","properties":{"code":"0806025000","name":"San Jorge","kind":"Municipality","provinceCode":"0806000000","province":"Samar Province","areaKm2":269,"labelPoint":[124.90161,11.96612]},"geometry":{"type":"Polygon","coordinates":[[[124.82019,11.94641],[124.81679,11.94068],[124.81378,11.93913],[124.81545,11.93301],[124.8209,11.92962],[124.82505,11.92368],[124.82962,11.91938],[124.83765,11.91125],[124.84391,11.90659],[124.8492,11.90264],[124.86129,11.89589],[124.86638,11.88712],[124.88136,11.89262],[124.89063,11.89607],[124.9004,11.89949],[124.91128,11.90319],[124.92032,11.90926],[124.93942,11.91533],[124.96921,11.91425],[124.9811,11.95735],[124.9692,11.95602],[124.96017,11.98057],[124.95425,11.99738],[124.97911,12.00751],[124.97843,12.02772],[124.97841,12.02829],[124.97803,12.03977],[124.97637,12.04584],[124.97383,12.06887],[124.9717,12.07721],[124.89084,12.07055],[124.89648,12.05528],[124.87305,12.04905],[124.85499,12.04667],[124.84892,12.04209],[124.84648,12.04042],[124.84476,12.039],[124.84241,12.03664],[124.83707,12.02624],[124.82948,12.02827],[124.83203,12.01958],[124.83868,12.01862],[124.8427,12.01804],[124.84453,12.01091],[124.84711,12.00335],[124.85091,11.99807],[124.84383,11.9973],[124.82831,11.99464],[124.81988,11.98753],[124.81988,11.98752],[124.81513,11.97796],[124.82001,11.97559],[124.82564,11.97363],[124.82822,11.97277],[124.83289,11.97128],[124.82972,11.96266],[124.82236,11.95005],[124.8215,11.94856],[124.82019,11.94641]]]}},{"type":"Feature","properties":{"code":"0804819000","name":"San Jose","kind":"Municipality","provinceCode":"0804800000","province":"Northern Samar","areaKm2":81,"labelPoint":[124.48539,12.49605]},"geometry":{"type":"MultiPolygon","coordinates":[[[[124.49645,12.53199],[124.49608,12.53236],[124.49571,12.53246],[124.49527,12.53273],[124.49496,12.53352],[124.49444,12.53377],[124.4941,12.53377],[124.49352,12.53359],[124.4932,12.53396],[124.49291,12.53339],[124.49252,12.53342],[124.49252,12.53367],[124.49139,12.53428],[124.49099,12.534],[124.49077,12.53405],[124.48986,12.53426],[124.48947,12.53397],[124.48917,12.53356],[124.48891,12.53341],[124.48824,12.53336],[124.48777,12.53314],[124.4874,12.53307],[124.48689,12.53339],[124.48677,12.53372],[124.48647,12.53391],[124.48564,12.53395],[124.48542,12.53381],[124.4853,12.53316],[124.48516,12.53296],[124.4837,12.53191],[124.48367,12.53144],[124.48431,12.5299],[124.48433,12.52962],[124.48416,12.52921],[124.48383,12.52903],[124.48301,12.52901],[124.48276,12.52893],[124.48264,12.52862],[124.48264,12.52761],[124.4825,12.52737],[124.48187,12.52737],[124.48181,12.52786],[124.48189,12.5284],[124.48132,12.52883],[124.48117,12.52932],[124.48062,12.53002],[124.47977,12.53133],[124.47911,12.5314],[124.47873,12.53163],[124.47856,12.53203],[124.47882,12.53254],[124.47855,12.53308],[124.47857,12.53332],[124.47896,12.53355],[124.47885,12.53391],[124.47896,12.53444],[124.47846,12.53502],[124.47818,12.53508],[124.47792,12.53538],[124.47792,12.53576],[124.47749,12.53605],[124.47747,12.53645],[124.47731,12.53665],[124.4769,12.53667],[124.4766,12.53684],[124.47583,12.5364],[124.47526,12.53645],[124.47484,12.53669],[124.47454,12.53719],[124.47425,12.53726],[124.47335,12.53684],[124.47337,12.53626],[124.47367,12.53606],[124.47342,12.53581],[124.47329,12.53542],[124.47343,12.5353],[124.47328,12.5345],[124.47304,12.53432],[124.47291,12.53387],[124.47301,12.5335],[124.47262,12.53334],[124.47267,12.5331],[124.47253,12.53255],[124.47257,12.5321],[124.47222,12.53184],[124.47231,12.53132],[124.47273,12.53102],[124.47212,12.53089],[124.4719,12.53054],[124.47195,12.53005],[124.47184,12.52959],[124.47159,12.52913],[124.47146,12.52857],[124.47127,12.5283],[124.47124,12.52785],[124.47074,12.5271],[124.47058,12.52668],[124.47021,12.5265],[124.47016,12.52592],[124.46968,12.52587],[124.46944,12.52511],[124.46891,12.52445],[124.46829,12.52403],[124.46729,12.52262],[124.46749,12.522],[124.46658,12.52179],[124.46652,12.52152],[124.46645,12.52142],[124.46396,12.52097],[124.46356,12.5213],[124.46325,12.52126],[124.46282,12.52178],[124.46247,12.5224],[124.46177,12.52284],[124.4614,12.52321],[124.46104,12.52377],[124.46036,12.52394],[124.46016,12.52441],[124.45987,12.52479],[124.45959,12.52479],[124.45946,12.52509],[124.45951,12.52607],[124.45931,12.52687],[124.45962,12.52681],[124.45974,12.52704],[124.45964,12.52756],[124.45988,12.52787],[124.45947,12.52913],[124.45908,12.52982],[124.45935,12.53001],[124.45981,12.52999],[124.46037,12.5303],[124.46144,12.53044],[124.46219,12.53086],[124.46236,12.53144],[124.46262,12.53168],[124.46264,12.53206],[124.46289,12.53209],[124.4633,12.53286],[124.46378,12.53268],[124.46411,12.53282],[124.46481,12.53292],[124.46519,12.53311],[124.46546,12.53345],[124.46562,12.53395],[124.46584,12.53425],[124.46614,12.53433],[124.46653,12.53467],[124.46699,12.53575],[124.46703,12.53656],[124.46724,12.53703],[124.46705,12.5374],[124.46713,12.53783],[124.4669,12.53847],[124.46721,12.53887],[124.4675,12.53888],[124.46753,12.5393],[124.4672,12.53991],[124.46741,12.54069],[124.46677,12.54177],[124.46652,12.54207],[124.46609,12.54198],[124.46574,12.54225],[124.46609,12.54283],[124.46579,12.54331],[124.46623,12.54373],[124.46622,12.54437],[124.46694,12.54504],[124.46696,12.54531],[124.46668,12.54601],[124.4664,12.54613],[124.46557,12.54614],[124.4654,12.54638],[124.46494,12.5467],[124.46472,12.54633],[124.46436,12.54599],[124.46449,12.5456],[124.46383,12.54473],[124.46356,12.54376],[124.46369,12.5434],[124.46353,12.5427],[124.46371,12.54224],[124.46326,12.54217],[124.46262,12.54164],[124.46284,12.54144],[124.46222,12.5409],[124.46188,12.54009],[124.46156,12.54024],[124.46118,12.53986],[124.46077,12.54012],[124.46031,12.53986],[124.46023,12.5396],[124.45992,12.53967],[124.45981,12.54024],[124.45934,12.54021],[124.45913,12.54046],[124.45881,12.54057],[124.45862,12.54084],[124.45761,12.54101],[124.45687,12.53986],[124.45695,12.5396],[124.4561,12.53793],[124.45586,12.53714],[124.45598,12.53665],[124.45618,12.53629],[124.45611,12.53602],[124.45654,12.5357],[124.45626,12.53517],[124.45554,12.53472],[124.45527,12.53472],[124.45487,12.53453],[124.45463,12.53468],[124.45447,12.53438],[124.4548,12.53375],[124.4552,12.53298],[124.45534,12.52449],[124.45502,12.51614],[124.45477,12.5096],[124.45439,12.49959],[124.45412,12.49174],[124.4538,12.48416],[124.45348,12.47582],[124.45222,12.44301],[124.46387,12.43708],[124.48625,12.42578],[124.49571,12.421],[124.49825,12.42026],[124.50193,12.43461],[124.50367,12.44129],[124.50761,12.4576],[124.51342,12.47962],[124.5156,12.4885],[124.518,12.49823],[124.52403,12.52148],[124.52448,12.52318],[124.52422,12.5237],[124.52394,12.52368],[124.52313,12.52286],[124.52277,12.52262],[124.52215,12.52234],[124.5208,12.52223],[124.52016,12.52243],[124.51948,12.52252],[124.51834,12.52219],[124.51749,12.52209],[124.51676,12.52179],[124.51635,12.52174],[124.51584,12.52153],[124.51555,12.5213],[124.51524,12.52079],[124.51516,12.52048],[124.51493,12.52036],[124.51472,12.52065],[124.51449,12.5206],[124.51409,12.52008],[124.51393,12.52042],[124.51346,12.5203],[124.51267,12.51985],[124.51238,12.51935],[124.51151,12.51942],[124.50938,12.5205],[124.50856,12.52114],[124.50834,12.52147],[124.50804,12.5227],[124.50771,12.52264],[124.50726,12.52245],[124.50663,12.52294],[124.50671,12.52308],[124.50613,12.52378],[124.50551,12.52417],[124.5047,12.52442],[124.50413,12.5247],[124.504,12.5251],[124.50365,12.52545],[124.50322,12.52563],[124.50286,12.52601],[124.50257,12.5259],[124.50186,12.52609],[124.50151,12.52628],[124.50103,12.52632],[124.50103,12.52597],[124.50054,12.5257],[124.5,12.52594],[124.49995,12.52645],[124.50019,12.52676],[124.50022,12.52709],[124.50003,12.52751],[124.49997,12.52802],[124.49947,12.52844],[124.49849,12.5296],[124.49853,12.52979],[124.49811,12.53027],[124.49765,12.53064],[124.49767,12.53078],[124.49727,12.53118],[124.49679,12.5313],[124.49647,12.53156],[124.49645,12.53199]]],[[[124.50242,12.5329],[124.50206,12.53279],[124.50232,12.5324],[124.50214,12.5321],[124.50219,12.5317],[124.50246,12.53125],[124.50322,12.53093],[124.50343,12.5305],[124.50373,12.53066],[124.50411,12.53068],[124.50419,12.53091],[124.50547,12.53075],[124.50595,12.53082],[124.50677,12.53028],[124.50711,12.53023],[124.50701,12.52965],[124.50721,12.52937],[124.50755,12.52944],[124.50835,12.52901],[124.50845,12.52935],[124.50872,12.52965],[124.50956,12.52958],[124.51012,12.52979],[124.51019,12.53055],[124.51,12.53062],[124.51017,12.53106],[124.50967,12.53148],[124.50919,12.53154],[124.50844,12.53152],[124.50798,12.53172],[124.50732,12.53185],[124.507,12.53231],[124.50642,12.53252],[124.50573,12.53262],[124.50508,12.53279],[124.50493,12.53265],[124.50439,12.53265],[124.50412,12.53276],[124.50344,12.53276],[124.50277,12.53301],[124.50242,12.5329]]],[[[124.46783,12.55812],[124.46703,12.55789],[124.46692,12.55747],[124.46704,12.55697],[124.46696,12.55647],[124.46709,12.5558],[124.46758,12.55511],[124.46796,12.55528],[124.46816,12.55606],[124.46841,12.5565],[124.46839,12.55683],[124.46854,12.55718],[124.46801,12.55805],[124.46783,12.55812]]],[[[124.48617,12.55355],[124.48587,12.55328],[124.48593,12.55273],[124.4854,12.55215],[124.4856,12.5519],[124.48562,12.5514],[124.48598,12.55103],[124.48633,12.55087],[124.48638,12.55055],[124.48683,12.55016],[124.48702,12.54954],[124.48729,12.54939],[124.48762,12.54897],[124.48769,12.5481],[124.48793,12.54806],[124.48821,12.54764],[124.48837,12.54715],[124.48818,12.54675],[124.48854,12.54611],[124.48889,12.54601],[124.48875,12.54556],[124.48895,12.54516],[124.48917,12.54514],[124.48927,12.54453],[124.48941,12.54428],[124.48985,12.54428],[124.49008,12.54404],[124.49041,12.54408],[124.4905,12.54362],[124.49043,12.54328],[124.49067,12.54322],[124.49093,12.54261],[124.49126,12.54214],[124.49189,12.54252],[124.49198,12.54269],[124.4925,12.54248],[124.49217,12.5418],[124.49175,12.54159],[124.49217,12.5413],[124.49237,12.54172],[124.49285,12.54162],[124.49289,12.54122],[124.49313,12.54092],[124.49265,12.54068],[124.49295,12.54049],[124.49322,12.54094],[124.4937,12.54118],[124.49409,12.54088],[124.49364,12.53986],[124.4939,12.5396],[124.49447,12.53946],[124.49482,12.53954],[124.49572,12.53947],[124.49635,12.53935],[124.49753,12.53974],[124.49763,12.54036],[124.49695,12.54097],[124.49718,12.54155],[124.49768,12.54187],[124.4977,12.54222],[124.49674,12.54233],[124.49633,12.54205],[124.49624,12.54231],[124.49652,12.54251],[124.49657,12.54307],[124.49619,12.54389],[124.49621,12.54433],[124.4959,12.5448],[124.49514,12.5457],[124.49492,12.54615],[124.49438,12.54634],[124.4941,12.54658],[124.49407,12.54698],[124.49379,12.54757],[124.49376,12.54818],[124.49344,12.54851],[124.49348,12.54891],[124.49296,12.54917],[124.49278,12.54974],[124.49249,12.55022],[124.49231,12.55029],[124.49192,12.55089],[124.49162,12.55091],[124.49166,12.55015],[124.49128,12.54991],[124.49016,12.55008],[124.48999,12.55083],[124.48966,12.55121],[124.48963,12.55145],[124.48919,12.55163],[124.48922,12.55206],[124.48887,12.55216],[124.48855,12.55249],[124.48807,12.55266],[124.4879,12.55283],[124.48785,12.55342],[124.48727,12.5533],[124.48712,12.55317],[124.48651,12.55328],[124.48652,12.55354],[124.48617,12.55355]]],[[[124.48607,12.58643],[124.48572,12.58643],[124.48527,12.58613],[124.48472,12.58626],[124.48439,12.58606],[124.48384,12.58604],[124.48368,12.58572],[124.48337,12.5857],[124.48251,12.58524],[124.48232,12.58498],[124.48204,12.58498],[124.4819,12.58473],[124.48155,12.58473],[124.48131,12.58436],[124.48107,12.58446],[124.48053,12.58415],[124.48076,12.58369],[124.48071,12.58321],[124.48047,12.58294],[124.48071,12.58278],[124.4812,12.5821],[124.48156,12.58212],[124.48176,12.58165],[124.4816,12.58135],[124.48151,12.58083],[124.48127,12.58071],[124.48099,12.58085],[124.48044,12.58148],[124.48023,12.58185],[124.47964,12.58195],[124.47929,12.58184],[124.4789,12.58191],[124.47822,12.58137],[124.47766,12.58144],[124.47714,12.58092],[124.47629,12.58087],[124.47617,12.58126],[124.47565,12.5814],[124.4754,12.5813],[124.47522,12.58153],[124.47462,12.58149],[124.4743,12.58085],[124.47383,12.58069],[124.4736,12.57958],[124.4738,12.57922],[124.47358,12.5787],[124.47419,12.57848],[124.47452,12.57871],[124.47501,12.57826],[124.47492,12.57802],[124.47539,12.57759],[124.47596,12.57782],[124.47624,12.57752],[124.47638,12.57709],[124.47721,12.57709],[124.4776,12.57734],[124.47821,12.5769],[124.47867,12.57673],[124.47911,12.57625],[124.47912,12.57576],[124.47959,12.57568],[124.48004,12.57583],[124.47999,12.57613],[124.48043,12.57631],[124.48045,12.5756],[124.48062,12.57527],[124.48106,12.57496],[124.48148,12.57492],[124.4821,12.57525],[124.48245,12.57511],[124.48269,12.57482],[124.48255,12.57441],[124.48272,12.5742],[124.48231,12.57399],[124.48244,12.57367],[124.48293,12.5732],[124.48356,12.57323],[124.48412,12.57297],[124.48489,12.57306],[124.48506,12.57243],[124.48544,12.57209],[124.48608,12.57168],[124.48627,12.57128],[124.48765,12.57091],[124.48797,12.57075],[124.48777,12.57037],[124.48786,12.57014],[124.4891,12.57029],[124.48963,12.57019],[124.48958,12.56982],[124.48982,12.56963],[124.48993,12.56907],[124.49027,12.56891],[124.49059,12.56849],[124.49063,12.56809],[124.49045,12.56765],[124.49055,12.56714],[124.49011,12.56694],[124.48925,12.56709],[124.48881,12.56697],[124.48889,12.56639],[124.48925,12.56586],[124.48942,12.56535],[124.48994,12.56497],[124.48994,12.56428],[124.49019,12.564],[124.49036,12.56339],[124.48983,12.56209],[124.48951,12.56194],[124.4891,12.56215],[124.48881,12.56163],[124.48875,12.56126],[124.48923,12.5607],[124.48936,12.56026],[124.48962,12.56039],[124.48991,12.561],[124.49016,12.56124],[124.49093,12.56163],[124.49167,12.56218],[124.49263,12.56267],[124.49301,12.56245],[124.49318,12.56201],[124.49277,12.56204],[124.49256,12.56234],[124.49224,12.5619],[124.49268,12.56173],[124.4927,12.56154],[124.49225,12.56092],[124.49213,12.56052],[124.49231,12.55984],[124.49236,12.55929],[124.49253,12.5589],[124.49325,12.55816],[124.49357,12.55806],[124.4939,12.55749],[124.49425,12.55729],[124.49484,12.5572],[124.49501,12.55689],[124.49488,12.55628],[124.49493,12.55577],[124.49526,12.55514],[124.4953,12.55476],[124.49491,12.55418],[124.49494,12.55342],[124.49469,12.55303],[124.49387,12.55295],[124.4938,12.55263],[124.49407,12.55068],[124.49425,12.5502],[124.49456,12.54997],[124.49568,12.55047],[124.49559,12.55085],[124.49575,12.55105],[124.49635,12.55106],[124.49655,12.55083],[124.49623,12.55006],[124.49594,12.54968],[124.49558,12.54956],[124.4948,12.54903],[124.49508,12.5481],[124.4957,12.54741],[124.49641,12.54719],[124.49749,12.54624],[124.49787,12.54657],[124.49781,12.54551],[124.49798,12.54517],[124.49802,12.54469],[124.49829,12.54443],[124.49867,12.54448],[124.49911,12.54417],[124.49945,12.54422],[124.50004,12.54449],[124.50027,12.54422],[124.50024,12.54359],[124.50039,12.54326],[124.50066,12.54304],[124.49995,12.54247],[124.49968,12.5419],[124.49986,12.54119],[124.4998,12.5407],[124.50054,12.54055],[124.50126,12.54068],[124.50139,12.54096],[124.50199,12.54123],[124.50228,12.54121],[124.50231,12.54159],[124.50251,12.5419],[124.50277,12.54166],[124.50305,12.54187],[124.5034,12.54174],[124.50358,12.54193],[124.50412,12.54189],[124.50484,12.54226],[124.50499,12.5428],[124.50471,12.54315],[124.5049,12.54366],[124.50432,12.54356],[124.50461,12.54443],[124.50461,12.54508],[124.50476,12.54526],[124.50604,12.545],[124.50644,12.5448],[124.5063,12.54442],[124.5069,12.54433],[124.50733,12.54399],[124.50784,12.54409],[124.5077,12.54473],[124.50837,12.54449],[124.50829,12.54425],[124.50887,12.54407],[124.50906,12.54416],[124.51004,12.54391],[124.51017,12.54375],[124.51058,12.54374],[124.51116,12.54337],[124.51151,12.54412],[124.51209,12.54412],[124.51229,12.54346],[124.51249,12.54313],[124.51232,12.543],[124.51276,12.54251],[124.5146,12.54251],[124.51486,12.54274],[124.51546,12.54233],[124.51557,12.54267],[124.51661,12.5431],[124.51692,12.54307],[124.51735,12.5424],[124.51775,12.54267],[124.5182,12.54254],[124.51869,12.54273],[124.51904,12.54271],[124.5194,12.54293],[124.51976,12.5429],[124.51988,12.54257],[124.52056,12.54331],[124.52088,12.5434],[124.5211,12.54371],[124.521,12.54402],[124.52108,12.54449],[124.52087,12.54465],[124.52114,12.54518],[124.52109,12.54587],[124.52139,12.54622],[124.5214,12.54715],[124.5212,12.54745],[124.52084,12.54765],[124.52027,12.54779],[124.52013,12.5482],[124.51973,12.54843],[124.51937,12.54842],[124.51927,12.54874],[124.51904,12.54882],[124.51858,12.54871],[124.51841,12.54839],[124.51795,12.54853],[124.51792,12.54883],[124.51765,12.5494],[124.51725,12.5497],[124.51752,12.55021],[124.51808,12.55032],[124.51826,12.55069],[124.51825,12.55104],[124.51784,12.55123],[124.51755,12.55118],[124.51731,12.55162],[124.51704,12.55161],[124.51668,12.55187],[124.51661,12.55241],[124.51616,12.55297],[124.51592,12.55396],[124.51599,12.55435],[124.51572,12.55478],[124.51544,12.55498],[124.51535,12.55541],[124.51493,12.55579],[124.51442,12.55594],[124.51371,12.55568],[124.51352,12.55482],[124.51316,12.5548],[124.51239,12.5553],[124.51249,12.55566],[124.51222,12.55604],[124.51233,12.55638],[124.51183,12.5571],[124.51157,12.5572],[124.51107,12.55772],[124.51045,12.55791],[124.50999,12.55823],[124.50955,12.55865],[124.50978,12.55907],[124.50929,12.55946],[124.50942,12.55962],[124.50982,12.55949],[124.51016,12.55959],[124.51066,12.56033],[124.51067,12.56063],[124.51092,12.56082],[124.51114,12.56129],[124.51074,12.56193],[124.51071,12.56246],[124.51045,12.56339],[124.50995,12.56385],[124.50953,12.56451],[124.50921,12.56516],[124.50943,12.56551],[124.5087,12.5658],[124.50873,12.56623],[124.50845,12.56635],[124.50823,12.56619],[124.50775,12.56618],[124.50746,12.56561],[124.50693,12.56536],[124.50669,12.56565],[124.50607,12.56602],[124.50513,12.56547],[124.50497,12.5657],[124.50428,12.56566],[124.5039,12.56537],[124.50352,12.56491],[124.50333,12.56501],[124.50374,12.56554],[124.50371,12.56577],[124.50292,12.56557],[124.50316,12.56609],[124.50344,12.56631],[124.5036,12.56673],[124.50414,12.56697],[124.50366,12.56744],[124.50333,12.56744],[124.50329,12.56705],[124.5031,12.56701],[124.50271,12.56772],[124.50266,12.56876],[124.50281,12.56883],[124.50361,12.56844],[124.50355,12.56954],[124.50315,12.56976],[124.50317,12.57022],[124.5025,12.57071],[124.50222,12.57118],[124.50183,12.57108],[124.50148,12.57125],[124.50191,12.57156],[124.50203,12.57189],[124.50245,12.57197],[124.50288,12.57273],[124.50333,12.57278],[124.50318,12.57317],[124.50287,12.57321],[124.50296,12.57356],[124.50243,12.5739],[124.50214,12.57364],[124.50164,12.57423],[124.50161,12.57455],[124.50192,12.57488],[124.50163,12.57521],[124.50204,12.57552],[124.50185,12.57599],[124.5013,12.57569],[124.50029,12.57563],[124.50017,12.57592],[124.49955,12.57592],[124.49943,12.57571],[124.4989,12.57609],[124.49868,12.5764],[124.49839,12.57633],[124.49825,12.57609],[124.49787,12.57616],[124.4979,12.5766],[124.49776,12.57782],[124.49734,12.57788],[124.49681,12.57863],[124.49643,12.57852],[124.49612,12.57926],[124.49547,12.57952],[124.49498,12.58003],[124.49442,12.58007],[124.49489,12.57965],[124.49434,12.57917],[124.49381,12.57934],[124.4934,12.57915],[124.49356,12.57983],[124.49351,12.58022],[124.4937,12.58109],[124.49341,12.58129],[124.49384,12.58217],[124.49373,12.58257],[124.4935,12.58258],[124.49326,12.58231],[124.49324,12.58203],[124.49281,12.58172],[124.49264,12.58076],[124.49201,12.58072],[124.49182,12.58082],[124.49178,12.58132],[124.49189,12.58176],[124.49143,12.58216],[124.4919,12.58266],[124.49225,12.58273],[124.49299,12.58267],[124.49257,12.58313],[124.49196,12.58332],[124.49187,12.58285],[124.49155,12.58288],[124.49128,12.58311],[124.49063,12.58285],[124.49034,12.58255],[124.49013,12.5831],[124.49017,12.58335],[124.48944,12.58447],[124.48904,12.58496],[124.48869,12.58499],[124.48794,12.58559],[124.48793,12.58589],[124.48729,12.58574],[124.48686,12.58599],[124.48624,12.58618],[124.48607,12.58643]]],[[[124.48116,12.53312],[124.48095,12.53315],[124.48047,12.53285],[124.48054,12.53238],[124.48078,12.5322],[124.48126,12.53228],[124.48153,12.5326],[124.48147,12.53294],[124.48116,12.53312]]],[[[124.47419,12.54136],[124.47395,12.54113],[124.47358,12.54099],[124.47314,12.54064],[124.47312,12.53977],[124.47321,12.53948],[124.47378,12.53891],[124.47437,12.53915],[124.47451,12.53873],[124.4749,12.53822],[124.47568,12.53792],[124.47574,12.53761],[124.47604,12.53739],[124.47638,12.53755],[124.47645,12.53814],[124.47627,12.5384],[124.47619,12.53929],[124.4763,12.53963],[124.47525,12.54014],[124.47506,12.54066],[124.47454,12.54133],[124.47419,12.54136]]],[[[124.48124,12.54349],[124.48102,12.54316],[124.48077,12.54228],[124.48109,12.54187],[124.48138,12.54118],[124.48161,12.54101],[124.48228,12.54091],[124.4829,12.54091],[124.48336,12.5405],[124.48379,12.54053],[124.48418,12.54026],[124.48503,12.5403],[124.48533,12.54042],[124.48526,12.54087],[124.48453,12.54124],[124.48388,12.54172],[124.48291,12.54226],[124.48258,12.54262],[124.48215,12.54279],[124.48182,12.54321],[124.48124,12.54349]]]]}},{"type":"Feature","properties":{"code":"0806014000","name":"San Jose de Buan","kind":"Municipality","provinceCode":"0806000000","province":"Samar Province","areaKm2":298,"labelPoint":[125.0506,12.06353]},"geometry":{"type":"Polygon","coordinates":[[[125.12645,12.12897],[125.11443,12.16896],[125.10106,12.16531],[125.09021,12.16478],[125.07747,12.16258],[125.02447,12.13957],[124.96279,12.11207],[124.96641,12.09791],[124.9717,12.07721],[124.97383,12.06887],[124.97637,12.04584],[124.97803,12.03977],[124.97841,12.02829],[124.97843,12.02772],[124.99071,12.01175],[125.0064,11.98046],[125.02682,11.9914],[125.03663,11.97572],[125.05507,11.98091],[125.06168,11.98314],[125.09479,11.99342],[125.11635,11.99295],[125.14156,12.00963],[125.13635,12.02967],[125.13187,12.048],[125.12541,12.07504],[125.12645,12.12854],[125.12645,12.12897]]]}},{"type":"Feature","properties":{"code":"0802620000","name":"San Julian","kind":"Municipality","provinceCode":"0802600000","province":"Eastern Samar","areaKm2":140,"labelPoint":[125.38227,11.74005]},"geometry":{"type":"Polygon","coordinates":[[[125.43326,11.70721],[125.4403,11.70918],[125.44238,11.70976],[125.44319,11.71034],[125.44393,11.71113],[125.44482,11.711],[125.44712,11.70937],[125.45219,11.7085],[125.4548,11.7089],[125.45984,11.71111],[125.46515,11.71295],[125.4687,11.71484],[125.47272,11.71945],[125.47186,11.72097],[125.47117,11.72162],[125.47084,11.72178],[125.47094,11.72251],[125.47048,11.72264],[125.47016,11.72325],[125.46964,11.72356],[125.46983,11.72387],[125.47016,11.72375],[125.47033,11.7244],[125.47023,11.72496],[125.46989,11.72492],[125.46951,11.72529],[125.46947,11.72589],[125.4699,11.72619],[125.46962,11.72644],[125.46961,11.72678],[125.46986,11.72684],[125.46983,11.7272],[125.46954,11.72735],[125.4696,11.72801],[125.46908,11.72852],[125.46918,11.72928],[125.4691,11.72957],[125.46863,11.72974],[125.46883,11.73027],[125.46862,11.73043],[125.46772,11.7304],[125.4668,11.73105],[125.46649,11.73176],[125.46617,11.73199],[125.46585,11.73197],[125.46519,11.73247],[125.46424,11.73264],[125.46326,11.73244],[125.46283,11.73201],[125.46255,11.73217],[125.46194,11.7327],[125.46115,11.73255],[125.46107,11.73285],[125.46157,11.7332],[125.46143,11.73362],[125.46248,11.73408],[125.46328,11.73427],[125.46424,11.73434],[125.46432,11.73419],[125.46476,11.73412],[125.46521,11.73389],[125.4663,11.73377],[125.46716,11.7339],[125.46741,11.73411],[125.46826,11.73422],[125.46868,11.73469],[125.46896,11.73459],[125.46948,11.73473],[125.47023,11.73552],[125.47022,11.73582],[125.46999,11.736],[125.47007,11.73664],[125.47001,11.73703],[125.46975,11.73758],[125.46961,11.73809],[125.46966,11.7386],[125.46958,11.73895],[125.4693,11.73901],[125.46939,11.73937],[125.46899,11.73964],[125.46874,11.74],[125.46828,11.7399],[125.46811,11.74011],[125.46847,11.74047],[125.46824,11.74156],[125.46796,11.74233],[125.4675,11.74238],[125.46728,11.7427],[125.46687,11.74278],[125.46648,11.74238],[125.46621,11.74174],[125.46593,11.74228],[125.46547,11.74291],[125.46544,11.74309],[125.46499,11.74399],[125.46516,11.74448],[125.46469,11.74446],[125.4642,11.74546],[125.46402,11.74566],[125.46375,11.74629],[125.4638,11.74688],[125.46358,11.74718],[125.46388,11.74736],[125.46369,11.7478],[125.46328,11.74771],[125.46295,11.74831],[125.46311,11.74862],[125.46297,11.74902],[125.46275,11.74919],[125.46253,11.74983],[125.46226,11.75087],[125.46222,11.75141],[125.46269,11.75162],[125.46282,11.75187],[125.46317,11.75294],[125.46315,11.7535],[125.46325,11.75369],[125.46318,11.75468],[125.463,11.75489],[125.46301,11.75521],[125.46266,11.75543],[125.46196,11.75554],[125.46157,11.75581],[125.46183,11.75634],[125.46254,11.75683],[125.46255,11.75736],[125.46235,11.75761],[125.46206,11.75833],[125.46176,11.75875],[125.46156,11.75923],[125.46044,11.75944],[125.46009,11.75933],[125.45982,11.75929],[125.45901,11.75945],[125.45862,11.75938],[125.45811,11.75935],[125.45769,11.75921],[125.45731,11.75931],[125.45663,11.75932],[125.45603,11.75887],[125.45552,11.75895],[125.45462,11.75863],[125.45415,11.75792],[125.45393,11.7577],[125.45396,11.75701],[125.45329,11.75691],[125.45309,11.75666],[125.45311,11.75637],[125.45294,11.75608],[125.45269,11.75474],[125.45233,11.75353],[125.45225,11.75328],[125.45087,11.75114],[125.44975,11.75103],[125.44934,11.75073],[125.44917,11.75135],[125.44891,11.75141],[125.44854,11.75058],[125.44858,11.75018],[125.44831,11.74985],[125.44807,11.74986],[125.44769,11.75024],[125.44703,11.75008],[125.44689,11.74958],[125.44652,11.74934],[125.44655,11.74885],[125.44602,11.74879],[125.44594,11.74846],[125.44545,11.74829],[125.44515,11.74848],[125.44507,11.74876],[125.44467,11.74843],[125.44471,11.74798],[125.44442,11.74706],[125.44385,11.74682],[125.44365,11.7464],[125.44307,11.74601],[125.44296,11.74573],[125.44297,11.74492],[125.44285,11.74463],[125.44297,11.74428],[125.4429,11.74295],[125.44252,11.74199],[125.4422,11.74175],[125.44185,11.74103],[125.44192,11.74081],[125.44159,11.74001],[125.44121,11.73993],[125.44085,11.73931],[125.44052,11.73894],[125.44019,11.73894],[125.43983,11.73866],[125.43944,11.73867],[125.43917,11.73852],[125.43884,11.73868],[125.43881,11.73938],[125.43894,11.73987],[125.43884,11.74024],[125.43837,11.74055],[125.43868,11.74097],[125.43872,11.74156],[125.4383,11.74159],[125.43805,11.74119],[125.43778,11.74119],[125.4377,11.74154],[125.4378,11.74197],[125.43759,11.74238],[125.43766,11.74356],[125.43755,11.74377],[125.43731,11.74479],[125.4369,11.74505],[125.43632,11.74525],[125.4359,11.74571],[125.43548,11.7456],[125.43471,11.74594],[125.43352,11.7466],[125.43187,11.74643],[125.43087,11.74765],[125.43059,11.74784],[125.43,11.74776],[125.43001,11.74798],[125.42963,11.74846],[125.42945,11.74843],[125.42908,11.74786],[125.42844,11.7475],[125.42786,11.74742],[125.42723,11.74693],[125.42676,11.74628],[125.4261,11.74582],[125.42568,11.74575],[125.42661,11.74659],[125.42686,11.74704],[125.42672,11.74754],[125.42627,11.74755],[125.42569,11.74783],[125.42544,11.74804],[125.42584,11.74823],[125.42564,11.749],[125.42583,11.74951],[125.42627,11.74969],[125.42656,11.75035],[125.42677,11.75058],[125.42725,11.75081],[125.42744,11.75116],[125.42728,11.75169],[125.42681,11.7518],[125.42586,11.75177],[125.42555,11.75153],[125.42535,11.75117],[125.42528,11.75067],[125.42551,11.74979],[125.42551,11.74938],[125.42514,11.74917],[125.42522,11.74983],[125.42503,11.75104],[125.42524,11.75159],[125.4259,11.75196],[125.42656,11.752],[125.42685,11.75189],[125.42751,11.75194],[125.42829,11.75217],[125.42842,11.75238],[125.42925,11.75255],[125.43008,11.75307],[125.43079,11.75329],[125.43158,11.7539],[125.43199,11.755],[125.43176,11.75531],[125.432,11.7557],[125.43177,11.75605],[125.43182,11.75626],[125.4325,11.75619],[125.43285,11.75633],[125.43304,11.75623],[125.43364,11.75635],[125.43367,11.75665],[125.43394,11.75676],[125.43405,11.75718],[125.43367,11.75745],[125.4334,11.75786],[125.43267,11.75825],[125.43239,11.75826],[125.43201,11.75853],[125.43123,11.7587],[125.43088,11.75864],[125.42982,11.7582],[125.42958,11.75779],[125.4289,11.75772],[125.42855,11.75732],[125.42899,11.75671],[125.42896,11.75622],[125.42865,11.75568],[125.42826,11.75537],[125.42771,11.75517],[125.42688,11.75504],[125.42589,11.75507],[125.42508,11.75496],[125.42403,11.75474],[125.4232,11.75472],[125.42237,11.75449],[125.42196,11.75447],[125.42174,11.75432],[125.42072,11.75399],[125.4203,11.75368],[125.41999,11.75363],[125.41898,11.75318],[125.41867,11.753],[125.41823,11.75249],[125.41779,11.75223],[125.41773,11.7526],[125.41538,11.75391],[125.41488,11.75436],[125.41434,11.75496],[125.41364,11.75627],[125.41344,11.75678],[125.41334,11.75735],[125.41326,11.7591],[125.41329,11.75956],[125.41386,11.76148],[125.41393,11.76244],[125.41376,11.76282],[125.41417,11.76293],[125.41453,11.76329],[125.41577,11.76397],[125.41593,11.76431],[125.41631,11.76425],[125.41868,11.76582],[125.41919,11.76602],[125.41953,11.76601],[125.41984,11.76568],[125.4201,11.76561],[125.42079,11.76613],[125.42163,11.76651],[125.42206,11.76659],[125.42236,11.76677],[125.42264,11.76668],[125.42358,11.76671],[125.42434,11.76583],[125.42506,11.76574],[125.42536,11.76551],[125.42577,11.76555],[125.42606,11.76524],[125.42658,11.76533],[125.42742,11.76525],[125.42727,11.76617],[125.42695,11.76657],[125.42696,11.76697],[125.42635,11.76752],[125.42599,11.76799],[125.42559,11.76908],[125.42506,11.76984],[125.42474,11.76989],[125.42373,11.7706],[125.424,11.77108],[125.4244,11.77133],[125.42494,11.77143],[125.42547,11.77173],[125.42599,11.77187],[125.42745,11.77161],[125.42801,11.77178],[125.42813,11.77214],[125.42752,11.77329],[125.42775,11.77377],[125.42797,11.77474],[125.4279,11.77511],[125.42807,11.77561],[125.42787,11.77574],[125.42794,11.77616],[125.42883,11.77643],[125.42933,11.77669],[125.42933,11.77693],[125.42855,11.77748],[125.42904,11.77754],[125.42957,11.77708],[125.42979,11.77617],[125.4304,11.77514],[125.43051,11.77486],[125.43083,11.77456],[125.43106,11.77416],[125.43139,11.77409],[125.43153,11.77368],[125.43228,11.77284],[125.43251,11.77205],[125.43289,11.77173],[125.43328,11.77125],[125.43316,11.77085],[125.43331,11.77035],[125.43412,11.76985],[125.43412,11.76944],[125.43447,11.76859],[125.43472,11.76782],[125.43519,11.76713],[125.43554,11.76686],[125.43605,11.76678],[125.43622,11.76708],[125.43634,11.76762],[125.43604,11.76808],[125.43595,11.76908],[125.43603,11.76968],[125.4363,11.77005],[125.43732,11.77095],[125.43742,11.77116],[125.43795,11.7715],[125.43806,11.77171],[125.43785,11.77232],[125.43821,11.77252],[125.43831,11.77229],[125.43881,11.77196],[125.43905,11.77201],[125.43941,11.77232],[125.43979,11.77286],[125.43474,11.78026],[125.42088,11.80007],[125.41263,11.79983],[125.39482,11.79224],[125.38542,11.78538],[125.35185,11.761],[125.29521,11.72483],[125.279,11.71447],[125.28288,11.67566],[125.29521,11.67887],[125.34035,11.69061],[125.37781,11.69975],[125.39968,11.70967],[125.43326,11.70721]]]}},{"type":"Feature","properties":{"code":"0802621000","name":"San Policarpo","kind":"Municipality","provinceCode":"0802600000","province":"Eastern Samar","areaKm2":70,"labelPoint":[125.43029,12.2298]},"geometry":{"type":"Polygon","coordinates":[[[125.47171,12.23307],[125.47105,12.23338],[125.47073,12.23375],[125.47049,12.23385],[125.46991,12.23431],[125.46903,12.23444],[125.46858,12.23438],[125.46833,12.23457],[125.46746,12.23471],[125.46687,12.2349],[125.46629,12.23528],[125.46619,12.2355],[125.46573,12.23561],[125.46513,12.2354],[125.46403,12.23522],[125.46281,12.23421],[125.46224,12.23356],[125.46164,12.23262],[125.46131,12.23249],[125.46099,12.23209],[125.46092,12.23161],[125.4602,12.23113],[125.46006,12.23027],[125.46038,12.23014],[125.46069,12.22974],[125.46041,12.22946],[125.46003,12.22984],[125.45982,12.22969],[125.45942,12.2299],[125.45932,12.22935],[125.45888,12.22914],[125.45852,12.22935],[125.45814,12.22889],[125.4579,12.22885],[125.45793,12.22847],[125.45783,12.22792],[125.45755,12.22804],[125.45723,12.22787],[125.45655,12.22662],[125.45655,12.22701],[125.45609,12.2275],[125.45603,12.22774],[125.45527,12.22844],[125.45492,12.22898],[125.45451,12.22986],[125.45448,12.23027],[125.45479,12.23063],[125.45531,12.2309],[125.4552,12.23115],[125.45529,12.23148],[125.456,12.23183],[125.45584,12.23212],[125.45597,12.23283],[125.45656,12.23246],[125.45692,12.23244],[125.45754,12.23318],[125.45763,12.23359],[125.45796,12.23372],[125.45819,12.2336],[125.45862,12.23384],[125.45893,12.23387],[125.45925,12.23419],[125.45956,12.23479],[125.45992,12.23508],[125.45996,12.23529],[125.46029,12.23562],[125.46051,12.23601],[125.46059,12.23645],[125.46021,12.23657],[125.46021,12.23683],[125.46064,12.23676],[125.46075,12.23707],[125.46072,12.23789],[125.46023,12.23768],[125.45987,12.23789],[125.46029,12.23867],[125.46022,12.23939],[125.46031,12.23988],[125.46054,12.24007],[125.46101,12.24015],[125.46124,12.24034],[125.46203,12.2399],[125.46284,12.24016],[125.46367,12.24078],[125.46405,12.24162],[125.464,12.24196],[125.46414,12.24221],[125.46391,12.24265],[125.46371,12.24277],[125.46364,12.24317],[125.46346,12.24334],[125.46346,12.24377],[125.46326,12.2439],[125.46307,12.24459],[125.46281,12.24502],[125.46233,12.24537],[125.46219,12.24566],[125.46185,12.24581],[125.46197,12.24612],[125.46155,12.24641],[125.46132,12.24684],[125.46092,12.24684],[125.45975,12.24798],[125.45896,12.2491],[125.45854,12.24939],[125.45839,12.24966],[125.45844,12.25008],[125.45788,12.25098],[125.45789,12.2512],[125.45754,12.25161],[125.45736,12.25238],[125.45696,12.25283],[125.45685,12.25325],[125.45652,12.25338],[125.45552,12.25335],[125.45525,12.25319],[125.45488,12.25318],[125.45493,12.25354],[125.45478,12.25405],[125.45421,12.25476],[125.45426,12.25494],[125.45414,12.25575],[125.45424,12.25601],[125.4541,12.2569],[125.45438,12.25727],[125.45434,12.25757],[125.45383,12.25826],[125.45325,12.25871],[125.45293,12.25905],[125.45274,12.25902],[125.45254,12.2594],[125.45192,12.25962],[125.45164,12.25992],[125.45127,12.2601],[125.45012,12.26047],[125.4497,12.26076],[125.44965,12.26097],[125.44921,12.26132],[125.44816,12.26146],[125.44656,12.26207],[125.44589,12.26254],[125.44566,12.26253],[125.44542,12.26292],[125.44473,12.26325],[125.44471,12.26345],[125.44408,12.26347],[125.44361,12.26369],[125.443,12.2644],[125.44277,12.2645],[125.44266,12.26488],[125.44205,12.26584],[125.44165,12.2659],[125.44159,12.26609],[125.44114,12.26624],[125.44065,12.26619],[125.44017,12.26553],[125.43986,12.26534],[125.43998,12.26489],[125.43993,12.26437],[125.43931,12.26364],[125.43864,12.26329],[125.43827,12.26335],[125.43829,12.26359],[125.438,12.26401],[125.4386,12.26418],[125.43887,12.26437],[125.43971,12.26462],[125.43979,12.26485],[125.4396,12.26512],[125.43967,12.26551],[125.43956,12.26589],[125.43986,12.26634],[125.44023,12.26641],[125.44057,12.26703],[125.44026,12.26707],[125.4404,12.2674],[125.44034,12.26822],[125.44009,12.26915],[125.44021,12.26939],[125.44016,12.26984],[125.44026,12.27033],[125.43943,12.27179],[125.43852,12.27308],[125.43772,12.27345],[125.43695,12.27365],[125.43612,12.27368],[125.43546,12.27353],[125.43495,12.27327],[125.43439,12.27275],[125.43398,12.27194],[125.43422,12.27159],[125.43413,12.27118],[125.43423,12.27034],[125.43443,12.26989],[125.43412,12.26983],[125.43404,12.26931],[125.43514,12.26866],[125.43499,12.26841],[125.43433,12.26881],[125.43372,12.26871],[125.43373,12.26805],[125.43333,12.26837],[125.43298,12.26828],[125.43257,12.26842],[125.43234,12.26819],[125.43226,12.26775],[125.43179,12.26749],[125.43164,12.26823],[125.43176,12.26867],[125.43217,12.26894],[125.43242,12.26958],[125.43235,12.27017],[125.43207,12.27005],[125.43168,12.27041],[125.43165,12.27059],[125.43081,12.27169],[125.43039,12.27179],[125.43012,12.27211],[125.43002,12.27277],[125.42947,12.27358],[125.42885,12.27418],[125.42875,12.27437],[125.42771,12.27522],[125.42742,12.27541],[125.4264,12.27634],[125.41253,12.26103],[125.41426,12.24809],[125.39025,12.22997],[125.4078,12.21647],[125.4259,12.20268],[125.43527,12.19609],[125.44909,12.1951],[125.46118,12.19412],[125.46772,12.16798],[125.46853,12.16642],[125.46861,12.16585],[125.46887,12.16583],[125.46904,12.16608],[125.46936,12.16596],[125.46951,12.16622],[125.4698,12.1657],[125.47017,12.16551],[125.47066,12.16547],[125.47123,12.16524],[125.47243,12.16568],[125.47309,12.16582],[125.47378,12.16589],[125.4739,12.16577],[125.47458,12.1658],[125.47492,12.16571],[125.47512,12.1659],[125.47545,12.16581],[125.4757,12.16598],[125.47605,12.16662],[125.47673,12.16698],[125.4771,12.16733],[125.47767,12.16751],[125.47833,12.16791],[125.47842,12.16819],[125.4793,12.16875],[125.47929,12.16903],[125.47959,12.16909],[125.47978,12.16975],[125.47965,12.17008],[125.47985,12.17104],[125.47905,12.17205],[125.4788,12.17137],[125.47841,12.1726],[125.47839,12.17323],[125.47829,12.17375],[125.47855,12.1746],[125.47921,12.17524],[125.47975,12.17553],[125.48221,12.17632],[125.48281,12.17635],[125.48389,12.17603],[125.4845,12.17536],[125.4847,12.1748],[125.48449,12.17445],[125.48466,12.17399],[125.48458,12.17364],[125.48487,12.17334],[125.486,12.17273],[125.48608,12.17234],[125.48649,12.1718],[125.48654,12.17158],[125.48699,12.17101],[125.48761,12.17084],[125.48813,12.17033],[125.48833,12.1704],[125.48856,12.17008],[125.4893,12.17008],[125.48949,12.17042],[125.49005,12.17041],[125.49013,12.1706],[125.49067,12.17092],[125.49104,12.17083],[125.49125,12.17097],[125.49197,12.17095],[125.49222,12.17108],[125.49282,12.17085],[125.49351,12.17016],[125.49412,12.17012],[125.49497,12.16948],[125.49537,12.16936],[125.49613,12.1694],[125.49666,12.1696],[125.4972,12.17013],[125.49721,12.17048],[125.49686,12.17162],[125.49636,12.17203],[125.49637,12.17231],[125.49601,12.17265],[125.49653,12.17304],[125.49692,12.17376],[125.49717,12.17383],[125.49745,12.17466],[125.49777,12.17515],[125.49869,12.17591],[125.4989,12.17628],[125.49929,12.17632],[125.49971,12.17659],[125.50043,12.17666],[125.50072,12.17692],[125.50059,12.17761],[125.50038,12.17767],[125.50031,12.17832],[125.50007,12.17819],[125.4993,12.17875],[125.49915,12.17867],[125.49836,12.17886],[125.49756,12.17912],[125.497,12.17916],[125.49594,12.17906],[125.49591,12.17941],[125.49571,12.17954],[125.49554,12.18028],[125.49502,12.18084],[125.49441,12.18118],[125.49441,12.18132],[125.49477,12.18154],[125.49567,12.18144],[125.49641,12.18169],[125.49696,12.18234],[125.49695,12.18249],[125.49762,12.18296],[125.49751,12.18344],[125.49767,12.18366],[125.49827,12.18322],[125.49912,12.18292],[125.49969,12.18286],[125.50045,12.18297],[125.50095,12.18253],[125.50119,12.18247],[125.5015,12.18277],[125.5021,12.18245],[125.50241,12.18266],[125.5026,12.18256],[125.50287,12.18203],[125.50337,12.18193],[125.50347,12.18164],[125.50385,12.18143],[125.50405,12.1816],[125.50494,12.18102],[125.50532,12.18061],[125.50615,12.17953],[125.50646,12.17928],[125.50665,12.17941],[125.50702,12.17915],[125.50736,12.17861],[125.50711,12.17835],[125.50765,12.1777],[125.50755,12.17696],[125.50768,12.1764],[125.50768,12.17591],[125.50792,12.17555],[125.50757,12.1746],[125.50774,12.17439],[125.50766,12.17398],[125.50723,12.17367],[125.50654,12.17376],[125.50647,12.17325],[125.50666,12.1731],[125.5065,12.17268],[125.50658,12.1724],[125.50711,12.17214],[125.50754,12.1717],[125.50756,12.17151],[125.50882,12.17099],[125.51001,12.17132],[125.51047,12.17126],[125.51165,12.17169],[125.51167,12.17185],[125.51233,12.17238],[125.51252,12.17274],[125.51276,12.1729],[125.51303,12.17357],[125.51312,12.17425],[125.51342,12.17479],[125.51328,12.17528],[125.51298,12.17559],[125.51263,12.17623],[125.51279,12.1764],[125.51248,12.17686],[125.51236,12.17756],[125.51258,12.17794],[125.51243,12.1781],[125.51273,12.17848],[125.51316,12.17844],[125.5141,12.17857],[125.51468,12.17854],[125.51518,12.17897],[125.51579,12.17976],[125.51591,12.18033],[125.5163,12.18053],[125.51621,12.18093],[125.51673,12.18231],[125.51698,12.18246],[125.51689,12.18274],[125.51589,12.18295],[125.51564,12.18336],[125.51553,12.18381],[125.51544,12.18445],[125.51553,12.185],[125.51529,12.18498],[125.51527,12.18545],[125.51544,12.18574],[125.51524,12.18612],[125.51487,12.18653],[125.5148,12.18726],[125.51463,12.18743],[125.51463,12.18815],[125.51491,12.18831],[125.51479,12.18898],[125.51493,12.19008],[125.51501,12.19026],[125.51504,12.19105],[125.51486,12.19146],[125.51498,12.19238],[125.51409,12.19295],[125.51433,12.1936],[125.51417,12.194],[125.51387,12.19404],[125.51361,12.19352],[125.51336,12.19347],[125.5131,12.19381],[125.513,12.19463],[125.51264,12.19432],[125.51225,12.19451],[125.512,12.19512],[125.51206,12.19553],[125.51175,12.19583],[125.5118,12.19614],[125.51161,12.19641],[125.51106,12.19675],[125.51081,12.19727],[125.51024,12.19759],[125.5098,12.19823],[125.50944,12.1977],[125.50919,12.19764],[125.50875,12.19861],[125.50859,12.19914],[125.50793,12.19965],[125.50776,12.20056],[125.50714,12.20105],[125.50727,12.20175],[125.50721,12.20244],[125.50737,12.20268],[125.50722,12.20329],[125.50699,12.20379],[125.50736,12.2041],[125.5074,12.20437],[125.50774,12.20469],[125.50697,12.205],[125.50656,12.20537],[125.50655,12.20559],[125.50591,12.20585],[125.50503,12.20572],[125.50486,12.20584],[125.50435,12.20573],[125.50368,12.20601],[125.50279,12.20594],[125.50242,12.20565],[125.5022,12.20584],[125.50157,12.20562],[125.50139,12.20637],[125.50042,12.20657],[125.50051,12.20684],[125.50013,12.20691],[125.49934,12.20618],[125.49937,12.20595],[125.4991,12.20564],[125.49883,12.20573],[125.49877,12.20632],[125.49896,12.20686],[125.49932,12.20697],[125.49904,12.20748],[125.49884,12.20753],[125.49844,12.20707],[125.49786,12.20691],[125.49743,12.20639],[125.49726,12.20645],[125.49748,12.20716],[125.498,12.20801],[125.49787,12.2084],[125.49764,12.20861],[125.49851,12.20928],[125.4989,12.20967],[125.49937,12.21072],[125.49922,12.2111],[125.49845,12.21086],[125.49826,12.21016],[125.4979,12.20979],[125.49767,12.21005],[125.49738,12.20981],[125.49709,12.20983],[125.49678,12.21009],[125.49684,12.2107],[125.49609,12.21101],[125.49508,12.2112],[125.49491,12.21141],[125.49503,12.21174],[125.49482,12.21201],[125.49452,12.21203],[125.49421,12.2124],[125.49351,12.21265],[125.49331,12.21292],[125.49364,12.21335],[125.49424,12.21372],[125.49425,12.21398],[125.4937,12.21475],[125.49412,12.21502],[125.49444,12.21501],[125.4947,12.21536],[125.49505,12.21535],[125.49507,12.21488],[125.49471,12.21444],[125.495,12.21427],[125.49533,12.21458],[125.49556,12.21537],[125.49522,12.21563],[125.49518,12.21628],[125.49526,12.21664],[125.49489,12.21714],[125.49413,12.21732],[125.49366,12.21732],[125.49309,12.21753],[125.49293,12.21746],[125.49186,12.21767],[125.49163,12.21757],[125.49114,12.21778],[125.49019,12.21779],[125.48991,12.21767],[125.48944,12.21766],[125.48856,12.21737],[125.48813,12.21666],[125.48834,12.21565],[125.48849,12.21529],[125.48923,12.21394],[125.48994,12.21317],[125.49017,12.21309],[125.49054,12.21259],[125.49049,12.2121],[125.49123,12.21184],[125.49175,12.21193],[125.4917,12.21155],[125.49215,12.21156],[125.49253,12.21231],[125.49275,12.212],[125.49253,12.21136],[125.49257,12.21086],[125.49222,12.21108],[125.49155,12.21118],[125.49094,12.21117],[125.49054,12.211],[125.49028,12.21042],[125.48944,12.20935],[125.48913,12.20909],[125.48905,12.20874],[125.48915,12.20846],[125.48967,12.20802],[125.48965,12.20752],[125.49004,12.20711],[125.49067,12.20682],[125.49079,12.20638],[125.49119,12.20626],[125.49142,12.2059],[125.49193,12.2058],[125.49205,12.20542],[125.49251,12.20522],[125.49286,12.20522],[125.49352,12.20602],[125.49364,12.20651],[125.49386,12.20656],[125.49426,12.20624],[125.49399,12.20595],[125.49414,12.20561],[125.49371,12.20506],[125.49405,12.20452],[125.49455,12.2045],[125.4951,12.20471],[125.49534,12.20442],[125.49508,12.20404],[125.49498,12.20334],[125.49569,12.20312],[125.49621,12.20317],[125.49645,12.20347],[125.49671,12.20323],[125.49681,12.20292],[125.49663,12.20267],[125.49597,12.20248],[125.49583,12.20207],[125.49556,12.20238],[125.49533,12.20227],[125.4949,12.20248],[125.49445,12.20252],[125.49422,12.20286],[125.494,12.20291],[125.49334,12.20343],[125.49271,12.20353],[125.49219,12.2033],[125.49197,12.20291],[125.4915,12.20296],[125.49107,12.20325],[125.49037,12.20388],[125.49017,12.20429],[125.48962,12.20457],[125.48937,12.20414],[125.48905,12.20432],[125.48908,12.20464],[125.48875,12.20529],[125.48867,12.20569],[125.48819,12.20635],[125.48743,12.20718],[125.48665,12.20765],[125.48698,12.20814],[125.4872,12.20876],[125.48721,12.20948],[125.48745,12.21043],[125.48741,12.21085],[125.48753,12.21117],[125.48735,12.21187],[125.48672,12.21224],[125.48563,12.21248],[125.48525,12.21231],[125.48479,12.21178],[125.48487,12.21142],[125.48399,12.2112],[125.48347,12.21083],[125.48326,12.21],[125.4833,12.20949],[125.48298,12.20909],[125.48266,12.20904],[125.48247,12.20883],[125.4824,12.20807],[125.48217,12.2081],[125.48194,12.20845],[125.48222,12.20947],[125.48214,12.20996],[125.48181,12.2105],[125.48117,12.21092],[125.48097,12.21087],[125.48031,12.21102],[125.48019,12.21152],[125.47974,12.21184],[125.47927,12.21206],[125.47924,12.21251],[125.47942,12.21296],[125.47972,12.21316],[125.48035,12.21317],[125.48041,12.21303],[125.48121,12.21292],[125.48098,12.21326],[125.48025,12.21359],[125.48041,12.21399],[125.4809,12.2137],[125.48153,12.21355],[125.48184,12.21379],[125.48169,12.21426],[125.48133,12.21443],[125.48119,12.21505],[125.48157,12.21515],[125.48172,12.21565],[125.48204,12.21531],[125.48248,12.21544],[125.48286,12.21607],[125.48307,12.21659],[125.48298,12.21695],[125.4826,12.21722],[125.48292,12.21764],[125.48328,12.21793],[125.48314,12.21883],[125.48335,12.21942],[125.48302,12.21946],[125.48344,12.21988],[125.48365,12.21993],[125.48457,12.22108],[125.48508,12.22212],[125.48517,12.22331],[125.4849,12.22344],[125.4845,12.22393],[125.48423,12.22406],[125.48361,12.22411],[125.48278,12.22475],[125.48247,12.22533],[125.48193,12.22581],[125.48151,12.22582],[125.48157,12.22624],[125.48127,12.22668],[125.48124,12.22725],[125.48074,12.22783],[125.48073,12.22802],[125.4798,12.22922],[125.47899,12.22985],[125.4786,12.22981],[125.47852,12.23036],[125.47835,12.23065],[125.47741,12.23113],[125.47698,12.23112],[125.47619,12.23148],[125.47529,12.23168],[125.47497,12.23205],[125.4744,12.23235],[125.47385,12.23249],[125.47348,12.23219],[125.473,12.23264],[125.47276,12.23263],[125.47223,12.233],[125.47171,12.23307]]]}},{"type":"Feature","properties":{"code":"0804820000","name":"San Roque","kind":"Municipality","provinceCode":"0804800000","province":"Northern Samar","areaKm2":169,"labelPoint":[124.87016,12.4861]},"geometry":{"type":"Polygon","coordinates":[[[124.90803,12.52644],[124.90753,12.52689],[124.90751,12.52792],[124.90779,12.52913],[124.90852,12.53096],[124.90891,12.53365],[124.8975,12.54497],[124.89713,12.54657],[124.89636,12.54786],[124.89622,12.54892],[124.89473,12.54883],[124.88923,12.55218],[124.88257,12.55624],[124.8817,12.55713],[124.88146,12.55671],[124.88065,12.55436],[124.87941,12.55188],[124.87838,12.55026],[124.87559,12.54659],[124.87217,12.54296],[124.87058,12.54152],[124.86753,12.53918],[124.86723,12.53904],[124.86458,12.53707],[124.86315,12.53632],[124.86225,12.53566],[124.86168,12.53543],[124.86156,12.53505],[124.86086,12.5346],[124.86009,12.53349],[124.8606,12.53298],[124.86126,12.5338],[124.86235,12.53427],[124.86364,12.5345],[124.86412,12.53438],[124.86417,12.53388],[124.86421,12.53349],[124.86361,12.53327],[124.86224,12.53308],[124.86213,12.53287],[124.86071,12.53155],[124.85924,12.53093],[124.8586,12.53098],[124.85825,12.53131],[124.85777,12.53279],[124.85757,12.53298],[124.85628,12.53285],[124.85446,12.53251],[124.8531,12.53199],[124.852,12.5317],[124.85038,12.53149],[124.84916,12.53116],[124.84702,12.53079],[124.84574,12.53065],[124.84504,12.53029],[124.84358,12.53016],[124.84129,12.52972],[124.8401,12.52967],[124.83917,12.52943],[124.83758,12.52933],[124.83657,12.52937],[124.83565,12.52926],[124.83422,12.52925],[124.83283,12.52907],[124.83048,12.5291],[124.82955,12.52901],[124.82892,12.52857],[124.82792,12.52922],[124.82572,12.52955],[124.82216,12.52984],[124.82132,12.53008],[124.81986,12.53022],[124.81965,12.5227],[124.82165,12.50511],[124.82264,12.49639],[124.82395,12.48482],[124.82573,12.4691],[124.82758,12.45281],[124.82795,12.4495],[124.82918,12.43867],[124.83155,12.41771],[124.83324,12.40288],[124.83427,12.39378],[124.83828,12.35838],[124.85622,12.3672],[124.86991,12.37395],[124.88749,12.38266],[124.89909,12.40461],[124.91205,12.42911],[124.91998,12.44412],[124.91913,12.445],[124.91905,12.44541],[124.9197,12.44632],[124.91998,12.44711],[124.92004,12.44788],[124.91964,12.44942],[124.91973,12.44989],[124.92037,12.45156],[124.92131,12.4534],[124.92231,12.45538],[124.92319,12.45905],[124.92308,12.45991],[124.92274,12.46087],[124.92105,12.46158],[124.9204,12.46274],[124.92071,12.46359],[124.9206,12.46433],[124.92015,12.46491],[124.91944,12.46532],[124.91787,12.46576],[124.91713,12.46627],[124.91649,12.46779],[124.9159,12.46861],[124.91347,12.47059],[124.91407,12.47158],[124.91561,12.47216],[124.91685,12.47891],[124.91722,12.48101],[124.9203,12.49785],[124.91961,12.49865],[124.91941,12.49989],[124.9198,12.50288],[124.92005,12.50535],[124.92065,12.50686],[124.92168,12.50896],[124.92238,12.51107],[124.92416,12.51458],[124.92499,12.51598],[124.92635,12.51897],[124.92719,12.52016],[124.92799,12.5207],[124.92901,12.52128],[124.92946,12.52216],[124.92935,12.52359],[124.92879,12.5242],[124.92796,12.52444],[124.92691,12.52444],[124.92545,12.52427],[124.92427,12.52417],[124.9236,12.52451],[124.92284,12.52529],[124.92214,12.5269],[124.92141,12.52795],[124.92069,12.5283],[124.91918,12.52818],[124.91866,12.52789],[124.91741,12.52683],[124.91678,12.52616],[124.91584,12.52597],[124.91479,12.52601],[124.91351,12.52649],[124.91264,12.52738],[124.91184,12.52759],[124.91061,12.5275],[124.90978,12.52704],[124.90871,12.52655],[124.90803,12.52644]]]}},{"type":"Feature","properties":{"code":"0806015000","name":"San Sebastian","kind":"Municipality","provinceCode":"0806000000","province":"Samar Province","areaKm2":33,"labelPoint":[125.02867,11.69112]},"geometry":{"type":"Polygon","coordinates":[[[125.00521,11.69556],[125.00538,11.69536],[125.00573,11.6943],[125.00531,11.69418],[125.00478,11.69485],[125.00428,11.6952],[125.00345,11.69525],[125.00292,11.69542],[125.00246,11.69538],[125.00127,11.69505],[125.00095,11.69478],[125.0006,11.69474],[125.00012,11.69437],[124.99937,11.69398],[124.99924,11.69364],[124.9989,11.69333],[124.99897,11.69282],[124.99934,11.69227],[124.99931,11.69149],[124.99871,11.6919],[124.9982,11.69247],[124.99756,11.69205],[124.99582,11.69068],[124.99536,11.69017],[124.99523,11.68978],[124.99503,11.68972],[124.99468,11.68914],[124.99462,11.68859],[124.99431,11.68835],[124.99435,11.68802],[124.99485,11.68768],[124.99455,11.68757],[124.99441,11.68778],[124.99408,11.68759],[124.9939,11.68718],[124.99291,11.68614],[124.99262,11.68627],[124.99224,11.68592],[124.99228,11.68573],[124.9917,11.68569],[124.99105,11.68535],[124.99063,11.68539],[124.98971,11.68469],[124.98929,11.68449],[124.98891,11.68448],[124.98849,11.68416],[124.98816,11.68363],[124.98803,11.68304],[124.98748,11.68283],[124.98702,11.68238],[124.98611,11.68242],[124.9857,11.68222],[124.98532,11.68233],[124.98474,11.68227],[124.9846,11.68235],[124.98379,11.68187],[124.98327,11.6817],[124.99279,11.67781],[124.99931,11.67553],[125.00387,11.674],[125.01451,11.67181],[125.02053,11.67068],[125.02763,11.66939],[125.03917,11.6674],[125.04298,11.66669],[125.0445,11.67192],[125.0471,11.67957],[125.05011,11.68581],[125.05204,11.69087],[125.05675,11.69773],[125.05749,11.70309],[125.05879,11.71395],[125.05635,11.71847],[125.04928,11.7192],[125.04913,11.71986],[125.04864,11.72017],[125.04776,11.7201],[125.04659,11.71975],[125.04445,11.71847],[125.04371,11.71819],[125.04307,11.71809],[125.04247,11.71788],[125.04188,11.71785],[125.04138,11.71802],[125.04103,11.71851],[125.04071,11.71916],[125.04032,11.71975],[125.04011,11.7211],[125.04011,11.72182],[125.0405,11.72372],[125.04068,11.72521],[125.04075,11.72545],[125.04075,11.72602],[125.04072,11.72549],[125.03892,11.7255],[125.03876,11.72685],[125.03859,11.72768],[125.03863,11.72799],[125.03845,11.72903],[125.03842,11.72972],[125.03848,11.73004],[125.03833,11.73064],[125.03816,11.7317],[125.03733,11.73366],[125.03721,11.73423],[125.03667,11.73557],[125.03583,11.73671],[125.0351,11.73712],[125.03432,11.7373],[125.03366,11.73735],[125.03216,11.73733],[125.03132,11.73715],[125.03037,11.73662],[125.02993,11.7362],[125.02876,11.7354],[125.0285,11.73501],[125.02797,11.73467],[125.02784,11.73445],[125.02751,11.73435],[125.02733,11.73409],[125.02666,11.73345],[125.02666,11.73323],[125.02619,11.73303],[125.02586,11.73239],[125.02594,11.73216],[125.02553,11.73196],[125.02477,11.73102],[125.0242,11.7302],[125.02414,11.7299],[125.02358,11.72939],[125.02353,11.72916],[125.02295,11.72839],[125.02279,11.72746],[125.02222,11.72663],[125.02197,11.72647],[125.02202,11.72601],[125.02181,11.72587],[125.02107,11.72453],[125.02096,11.72413],[125.02036,11.72345],[125.02022,11.72286],[125.02003,11.72236],[125.01975,11.72191],[125.01937,11.72149],[125.01924,11.72086],[125.01909,11.72072],[125.01809,11.71857],[125.0179,11.71804],[125.01827,11.71756],[125.01853,11.71682],[125.01826,11.71653],[125.01834,11.71633],[125.01816,11.71589],[125.01848,11.71514],[125.01839,11.71491],[125.01861,11.71456],[125.01871,11.71383],[125.0191,11.71346],[125.01922,11.71271],[125.01945,11.71249],[125.02044,11.71229],[125.02078,11.71236],[125.02102,11.71108],[125.02034,11.71103],[125.02014,11.71124],[125.01974,11.71134],[125.01952,11.71158],[125.01834,11.71214],[125.01748,11.71235],[125.01668,11.71249],[125.01624,11.71189],[125.0158,11.7115],[125.01557,11.71157],[125.01502,11.71136],[125.015,11.711],[125.01463,11.71099],[125.01429,11.71069],[125.01423,11.7104],[125.01386,11.71024],[125.01363,11.70977],[125.01344,11.7096],[125.01331,11.70912],[125.01268,11.70842],[125.01252,11.70738],[125.01232,11.70679],[125.01203,11.70637],[125.01169,11.70567],[125.01105,11.70531],[125.0104,11.70422],[125.0102,11.70357],[125.00968,11.70285],[125.00922,11.70266],[125.00831,11.70218],[125.00706,11.70164],[125.00619,11.7015],[125.00619,11.70075],[125.00586,11.70063],[125.00541,11.70066],[125.00533,11.70035],[125.00476,11.7001],[125.00453,11.69983],[125.00443,11.69874],[125.00431,11.6984],[125.00435,11.69801],[125.00496,11.69737],[125.00512,11.69669],[125.00502,11.69645],[125.00529,11.69594],[125.00521,11.69556]]]}},{"type":"Feature","properties":{"code":"0804821000","name":"San Vicente","kind":"Municipality","provinceCode":"0804800000","province":"Northern Samar","areaKm2":18,"labelPoint":[124.10539,12.27606]},"geometry":{"type":"MultiPolygon","coordinates":[[[[124.01165,12.37466],[124.01063,12.37515],[124.01026,12.375],[124.00996,12.37465],[124.00931,12.37207],[124.0093,12.37155],[124.00967,12.36959],[124.00985,12.369],[124.01025,12.36822],[124.01057,12.36711],[124.01057,12.36573],[124.01066,12.36478],[124.01134,12.36234],[124.01158,12.36179],[124.01203,12.36113],[124.0128,12.36022],[124.01367,12.35959],[124.01445,12.35895],[124.01444,12.3585],[124.01497,12.3584],[124.01523,12.35936],[124.01569,12.36008],[124.01589,12.36201],[124.01589,12.36312],[124.01583,12.36408],[124.01558,12.36559],[124.0157,12.36606],[124.01593,12.36638],[124.01604,12.36681],[124.01602,12.36845],[124.01588,12.36961],[124.01593,12.36977],[124.0154,12.37089],[124.01491,12.37156],[124.01477,12.37195],[124.01404,12.37301],[124.01302,12.37391],[124.01165,12.37466]]],[[[124.04423,12.38306],[124.04384,12.38288],[124.04382,12.38215],[124.04356,12.38192],[124.04232,12.38167],[124.04158,12.38169],[124.0406,12.3819],[124.04003,12.38233],[124.03965,12.38226],[124.03944,12.38256],[124.03882,12.38271],[124.03828,12.38263],[124.03749,12.38228],[124.03735,12.38177],[124.03685,12.38105],[124.03666,12.38097],[124.03551,12.37974],[124.03522,12.37962],[124.035,12.37924],[124.03509,12.3788],[124.03584,12.37803],[124.03689,12.37749],[124.03772,12.37788],[124.03813,12.37779],[124.03856,12.37756],[124.03954,12.37767],[124.04032,12.37794],[124.04088,12.37823],[124.04251,12.37821],[124.0433,12.37854],[124.04372,12.37859],[124.04374,12.37886],[124.04405,12.37909],[124.04483,12.3794],[124.04538,12.38002],[124.04638,12.38034],[124.04629,12.38072],[124.04626,12.38152],[124.04598,12.38175],[124.04618,12.38206],[124.04588,12.3823],[124.04548,12.3822],[124.04494,12.38242],[124.04446,12.38277],[124.04423,12.38306]]],[[[124.03008,12.40984],[124.02954,12.40977],[124.02821,12.40931],[124.02782,12.40913],[124.02619,12.40817],[124.0248,12.40745],[124.02443,12.40716],[124.02405,12.4067],[124.02303,12.40563],[124.02258,12.40505],[124.02174,12.40417],[124.02082,12.40336],[124.01896,12.40215],[124.01874,12.40206],[124.01779,12.40123],[124.01709,12.4005],[124.01674,12.40005],[124.01598,12.39922],[124.01536,12.39862],[124.01492,12.39857],[124.01477,12.39819],[124.01498,12.39781],[124.01477,12.39756],[124.01416,12.39756],[124.01398,12.39714],[124.01404,12.39684],[124.01345,12.39666],[124.01299,12.39616],[124.01281,12.39584],[124.01268,12.3952],[124.01247,12.39503],[124.01138,12.39474],[124.01122,12.39455],[124.01087,12.39451],[124.01051,12.39431],[124.0096,12.39415],[124.00884,12.39416],[124.00769,12.39432],[124.00683,12.39432],[124.00597,12.3944],[124.00562,12.39467],[124.00534,12.39444],[124.00512,12.39376],[124.00534,12.3935],[124.00499,12.39287],[124.00456,12.39252],[124.00447,12.39228],[124.00461,12.3915],[124.00403,12.39049],[124.00412,12.39028],[124.00395,12.38956],[124.00364,12.38896],[124.00332,12.38887],[124.00328,12.38827],[124.00349,12.38773],[124.00337,12.38719],[124.00305,12.38642],[124.00262,12.38614],[124.00266,12.38596],[124.00326,12.38563],[124.0036,12.38502],[124.00359,12.38424],[124.00344,12.3839],[124.00293,12.38368],[124.00314,12.38307],[124.00361,12.38274],[124.00363,12.38217],[124.00395,12.38138],[124.0038,12.38081],[124.0042,12.38053],[124.00435,12.38014],[124.00423,12.37986],[124.00432,12.37944],[124.00423,12.3792],[124.00452,12.37886],[124.00473,12.37882],[124.005,12.3791],[124.00562,12.37932],[124.00594,12.37933],[124.0066,12.37957],[124.00809,12.37998],[124.00874,12.37996],[124.00973,12.38051],[124.01014,12.38097],[124.01033,12.38134],[124.01164,12.38295],[124.01196,12.3833],[124.0126,12.38437],[124.01316,12.38501],[124.01391,12.38526],[124.01476,12.38698],[124.01499,12.38729],[124.01552,12.38766],[124.01612,12.38773],[124.01629,12.38785],[124.01655,12.38924],[124.01708,12.39064],[124.01777,12.39147],[124.0182,12.39211],[124.01836,12.39273],[124.01875,12.39343],[124.01937,12.39365],[124.01958,12.39416],[124.01983,12.39441],[124.02007,12.39485],[124.02119,12.39606],[124.02159,12.39619],[124.02211,12.39622],[124.02292,12.39639],[124.02403,12.39715],[124.02459,12.39777],[124.02512,12.39846],[124.02592,12.39992],[124.02618,12.4003],[124.02685,12.40104],[124.0278,12.40217],[124.02854,12.4032],[124.02904,12.40373],[124.02975,12.40516],[124.02995,12.4057],[124.03036,12.4064],[124.0315,12.40792],[124.03184,12.40863],[124.0318,12.40903],[124.03157,12.40926],[124.03077,12.40965],[124.03008,12.40984]]],[[[124.0977,12.27291],[124.09757,12.2729],[124.09701,12.27288],[124.0978,12.27285],[124.0981,12.27262],[124.0987,12.27176],[124.0988,12.2713],[124.09821,12.2705],[124.099,12.26916],[124.09899,12.26826],[124.09905,12.26779],[124.09893,12.2673],[124.09845,12.26681],[124.09834,12.26628],[124.09819,12.26613],[124.09837,12.26565],[124.09881,12.26552],[124.09894,12.26507],[124.0991,12.26495],[124.09895,12.26455],[124.09913,12.26371],[124.09938,12.26323],[124.09914,12.26305],[124.09922,12.26271],[124.0991,12.26241],[124.09944,12.26209],[124.09945,12.26142],[124.0996,12.26111],[124.09956,12.2607],[124.09936,12.2605],[124.09947,12.25998],[124.09929,12.25946],[124.09931,12.25873],[124.09883,12.25808],[124.09833,12.25781],[124.0982,12.25748],[124.09832,12.25706],[124.09802,12.25694],[124.09833,12.2565],[124.09877,12.25645],[124.09874,12.2569],[124.09956,12.25705],[124.10001,12.25704],[124.10065,12.25737],[124.10102,12.25734],[124.10119,12.25701],[124.10147,12.25717],[124.10196,12.25699],[124.10216,12.25745],[124.10256,12.25732],[124.10272,12.2577],[124.10311,12.25781],[124.10359,12.25833],[124.10361,12.25885],[124.10396,12.25896],[124.10486,12.25944],[124.10606,12.25999],[124.10649,12.26012],[124.10725,12.26051],[124.10781,12.26087],[124.10971,12.26179],[124.11034,12.26229],[124.11066,12.26309],[124.11102,12.26431],[124.11091,12.26456],[124.11103,12.26493],[124.1111,12.26559],[124.11101,12.26648],[124.11093,12.26806],[124.11095,12.26924],[124.11103,12.27027],[124.11119,12.27085],[124.11153,12.27164],[124.11267,12.27346],[124.11335,12.27445],[124.11372,12.27483],[124.11393,12.27574],[124.1136,12.27612],[124.11374,12.27719],[124.11346,12.27728],[124.11332,12.27762],[124.11348,12.27775],[124.11316,12.27813],[124.11286,12.27919],[124.11218,12.27988],[124.11184,12.2802],[124.1113,12.28089],[124.1113,12.28123],[124.11107,12.28141],[124.11105,12.28181],[124.11061,12.28209],[124.1104,12.28247],[124.11017,12.28315],[124.11001,12.28322],[124.10933,12.28402],[124.10877,12.2845],[124.1083,12.28516],[124.10749,12.2857],[124.10654,12.28623],[124.10598,12.28631],[124.10451,12.28676],[124.10329,12.2874],[124.10311,12.28764],[124.10242,12.28813],[124.10223,12.28871],[124.1015,12.28926],[124.10102,12.28919],[124.10026,12.28959],[124.09954,12.29013],[124.09912,12.29066],[124.09811,12.29063],[124.09746,12.29047],[124.09678,12.29011],[124.09645,12.28983],[124.09606,12.28927],[124.09534,12.28884],[124.09425,12.28857],[124.09357,12.28869],[124.0929,12.28872],[124.09196,12.28861],[124.09093,12.28823],[124.09052,12.28817],[124.08994,12.28824],[124.08944,12.28802],[124.08891,12.2876],[124.08859,12.28748],[124.08816,12.28711],[124.08791,12.28724],[124.08777,12.2865],[124.0871,12.28523],[124.0864,12.28425],[124.08569,12.28354],[124.08514,12.2832],[124.08455,12.28255],[124.0844,12.28154],[124.0847,12.28072],[124.08467,12.28023],[124.0855,12.27928],[124.08555,12.2788],[124.08584,12.27864],[124.08612,12.2789],[124.08675,12.27909],[124.08752,12.27921],[124.08805,12.27922],[124.08855,12.27906],[124.08925,12.27894],[124.08999,12.27897],[124.0905,12.27879],[124.09151,12.27878],[124.09276,12.27868],[124.0934,12.27842],[124.09428,12.27826],[124.09537,12.27836],[124.09623,12.2776],[124.09674,12.27705],[124.09762,12.27571],[124.09793,12.27474],[124.098,12.27428],[124.09795,12.27336],[124.0977,12.27291]]],[[[124.0619,12.38653],[124.06178,12.38633],[124.06141,12.38627],[124.06115,12.38588],[124.06011,12.38583],[124.05932,12.38565],[124.05919,12.38544],[124.05859,12.38544],[124.058,12.38604],[124.05751,12.38592],[124.05713,12.38599],[124.05677,12.38522],[124.0569,12.38483],[124.05639,12.38461],[124.05641,12.38359],[124.05616,12.3834],[124.0562,12.38292],[124.0561,12.38236],[124.05667,12.38219],[124.05726,12.38142],[124.05761,12.38082],[124.05819,12.37959],[124.0588,12.37892],[124.05916,12.3783],[124.06064,12.37754],[124.06209,12.37641],[124.06338,12.37556],[124.06371,12.37521],[124.06399,12.37508],[124.06449,12.37442],[124.06517,12.37397],[124.06555,12.3736],[124.06584,12.37315],[124.06631,12.37186],[124.06634,12.37143],[124.06654,12.37077],[124.06703,12.36985],[124.06717,12.36918],[124.06818,12.36704],[124.06848,12.36664],[124.06855,12.36586],[124.06892,12.36557],[124.06897,12.36538],[124.06969,12.36486],[124.06967,12.36466],[124.06994,12.36434],[124.07017,12.36379],[124.07057,12.36323],[124.07096,12.36292],[124.0712,12.36259],[124.07132,12.3618],[124.072,12.36142],[124.07195,12.36119],[124.07231,12.3608],[124.07245,12.36025],[124.07276,12.35944],[124.07277,12.35885],[124.07295,12.35868],[124.07281,12.35815],[124.07315,12.35795],[124.07352,12.35796],[124.0737,12.35776],[124.07402,12.35772],[124.07422,12.35797],[124.0741,12.3585],[124.07422,12.35874],[124.07506,12.35928],[124.07559,12.35933],[124.07591,12.35951],[124.07593,12.35984],[124.07649,12.36017],[124.07708,12.36019],[124.07772,12.36009],[124.07803,12.35996],[124.07843,12.35962],[124.07903,12.35933],[124.07946,12.35945],[124.08028,12.35987],[124.08053,12.35985],[124.08076,12.36027],[124.08151,12.36088],[124.08181,12.36092],[124.08196,12.3613],[124.08183,12.36145],[124.08078,12.36163],[124.08013,12.36158],[124.07928,12.36177],[124.07875,12.36227],[124.07819,12.36302],[124.07791,12.3636],[124.07764,12.36449],[124.07763,12.36513],[124.07811,12.3658],[124.07872,12.36621],[124.07907,12.36627],[124.07958,12.36656],[124.08,12.36669],[124.08022,12.3679],[124.0804,12.36807],[124.08026,12.3685],[124.07946,12.36881],[124.07916,12.36925],[124.07883,12.36946],[124.07865,12.37002],[124.07879,12.37045],[124.07863,12.37081],[124.07903,12.37149],[124.07863,12.37152],[124.07828,12.37175],[124.07748,12.37161],[124.07706,12.37137],[124.07599,12.37148],[124.07572,12.37144],[124.07465,12.37202],[124.07463,12.37222],[124.07395,12.37252],[124.07356,12.3732],[124.07337,12.37319],[124.07316,12.37355],[124.07316,12.37394],[124.07371,12.37484],[124.07366,12.37524],[124.07402,12.37541],[124.07421,12.37577],[124.07421,12.37622],[124.07373,12.37667],[124.07289,12.37695],[124.07207,12.37693],[124.07148,12.37741],[124.07126,12.3779],[124.07122,12.37848],[124.07134,12.37877],[124.07171,12.37888],[124.07194,12.37912],[124.07139,12.37951],[124.0714,12.37999],[124.07103,12.38028],[124.07049,12.38051],[124.0697,12.38031],[124.06935,12.38008],[124.06877,12.38014],[124.0683,12.38043],[124.068,12.38081],[124.06777,12.38146],[124.06772,12.38216],[124.06784,12.38252],[124.06821,12.38274],[124.0681,12.38322],[124.06757,12.38296],[124.06742,12.38267],[124.06701,12.38264],[124.06664,12.38288],[124.06626,12.38295],[124.06607,12.38273],[124.06583,12.38293],[124.06545,12.38281],[124.0651,12.38293],[124.06489,12.3835],[124.06456,12.38387],[124.06446,12.38424],[124.06425,12.3845],[124.06413,12.3849],[124.06357,12.38482],[124.06356,12.38507],[124.06282,12.38523],[124.06247,12.38546],[124.06254,12.38587],[124.0619,12.38653]]],[[[124.03188,12.36153],[124.03163,12.36144],[124.03155,12.36084],[124.03132,12.36044],[124.03071,12.35998],[124.03084,12.35925],[124.03108,12.35906],[124.03164,12.35887],[124.03192,12.35862],[124.03222,12.35813],[124.03253,12.35789],[124.03313,12.35691],[124.03343,12.35672],[124.03375,12.35554],[124.03381,12.3546],[124.03376,12.35377],[124.03357,12.35323],[124.03321,12.35281],[124.03232,12.3528],[124.03142,12.35249],[124.0305,12.35232],[124.02979,12.35074],[124.0294,12.3501],[124.0288,12.34939],[124.0276,12.34846],[124.02726,12.34786],[124.02688,12.34751],[124.02658,12.34702],[124.02648,12.3466],[124.02684,12.34612],[124.02675,12.34557],[124.02701,12.34518],[124.02823,12.34522],[124.02856,12.34513],[124.02906,12.3453],[124.02991,12.34533],[124.03007,12.34511],[124.0305,12.34512],[124.03056,12.34545],[124.03098,12.34565],[124.03179,12.34557],[124.0324,12.34571],[124.03284,12.34603],[124.03331,12.34609],[124.03342,12.34631],[124.03383,12.3464],[124.03402,12.34691],[124.03528,12.34847],[124.03587,12.3495],[124.03628,12.35069],[124.03685,12.35143],[124.03706,12.35215],[124.03711,12.35269],[124.03616,12.35293],[124.03604,12.35262],[124.03506,12.35277],[124.03479,12.35287],[124.03476,12.35339],[124.03526,12.35388],[124.03593,12.35379],[124.03625,12.35346],[124.03686,12.35339],[124.03729,12.35324],[124.03756,12.35336],[124.03807,12.35331],[124.03859,12.35296],[124.03909,12.35291],[124.03952,12.35263],[124.03974,12.35236],[124.04041,12.35233],[124.04088,12.35275],[124.0411,12.35272],[124.04241,12.35347],[124.04276,12.35382],[124.04302,12.3539],[124.04355,12.35384],[124.04394,12.35364],[124.04413,12.35414],[124.04414,12.35472],[124.04403,12.35571],[124.04385,12.356],[124.04313,12.3568],[124.04292,12.35726],[124.04239,12.35756],[124.04212,12.35789],[124.04181,12.35801],[124.04122,12.35804],[124.04067,12.35763],[124.03975,12.3574],[124.03901,12.35732],[124.03827,12.35735],[124.03674,12.35756],[124.03585,12.35789],[124.03505,12.3581],[124.03407,12.35871],[124.03359,12.35907],[124.03289,12.35975],[124.03202,12.36086],[124.03188,12.36153]]],[[[124.05614,12.35952],[124.05522,12.35936],[124.05442,12.35881],[124.054,12.35846],[124.05334,12.3577],[124.0527,12.35712],[124.05242,12.35674],[124.05171,12.35616],[124.05108,12.35572],[124.051,12.35557],[124.0491,12.35443],[124.04845,12.3542],[124.04781,12.35369],[124.04723,12.35306],[124.04649,12.35255],[124.04616,12.35204],[124.04613,12.3518],[124.04572,12.35126],[124.04552,12.35064],[124.04564,12.34974],[124.04554,12.34951],[124.0459,12.34841],[124.04587,12.34748],[124.04577,12.34648],[124.04563,12.34599],[124.04528,12.34546],[124.04491,12.34515],[124.04395,12.34514],[124.04334,12.34479],[124.04298,12.34476],[124.04254,12.34449],[124.04224,12.34399],[124.04196,12.34329],[124.04177,12.34305],[124.04129,12.34272],[124.04105,12.34235],[124.04086,12.3423],[124.04036,12.34276],[124.03957,12.34204],[124.03886,12.34122],[124.0383,12.34068],[124.03746,12.3395],[124.03728,12.33914],[124.03724,12.33868],[124.03753,12.33792],[124.03814,12.33753],[124.03871,12.33778],[124.03918,12.33788],[124.03966,12.3382],[124.03992,12.33868],[124.04025,12.33889],[124.04087,12.33965],[124.04194,12.34039],[124.04256,12.34073],[124.04402,12.34129],[124.04513,12.34151],[124.04548,12.3415],[124.04614,12.34129],[124.04645,12.34072],[124.04676,12.34068],[124.04696,12.33997],[124.04731,12.34006],[124.04743,12.34051],[124.04777,12.34061],[124.04901,12.34075],[124.04945,12.3403],[124.04976,12.34047],[124.0505,12.34034],[124.0512,12.33982],[124.05126,12.33948],[124.05147,12.33925],[124.05207,12.33901],[124.05228,12.3386],[124.05303,12.33864],[124.05398,12.33901],[124.05489,12.33943],[124.05531,12.33939],[124.05572,12.33989],[124.05693,12.34045],[124.05753,12.34082],[124.0579,12.34081],[124.05836,12.34117],[124.05852,12.34141],[124.05851,12.34176],[124.05807,12.3421],[124.05795,12.34239],[124.05798,12.34279],[124.05845,12.3435],[124.05888,12.3438],[124.05934,12.3439],[124.05995,12.34366],[124.06014,12.34345],[124.06062,12.34335],[124.06103,12.34359],[124.06107,12.34482],[124.0609,12.34615],[124.06046,12.34717],[124.06022,12.34807],[124.06026,12.34854],[124.0604,12.34894],[124.0613,12.35019],[124.06156,12.35038],[124.06144,12.35062],[124.0619,12.35117],[124.0625,12.35113],[124.0628,12.35128],[124.06326,12.35125],[124.06338,12.35143],[124.06328,12.35185],[124.06288,12.35231],[124.06222,12.35234],[124.06152,12.35264],[124.06149,12.35278],[124.06091,12.35288],[124.06075,12.35321],[124.0605,12.35331],[124.06004,12.35371],[124.05998,12.35434],[124.05981,12.35476],[124.05983,12.35508],[124.0594,12.35586],[124.05906,12.35611],[124.05882,12.35647],[124.0587,12.35688],[124.05882,12.35703],[124.05847,12.35733],[124.0582,12.35725],[124.05774,12.35795],[124.05767,12.35859],[124.05712,12.35897],[124.05708,12.35921],[124.05665,12.35944],[124.05614,12.35952]]]]}},{"type":"Feature","properties":{"code":"0806016000","name":"Santa Margarita","kind":"Municipality","provinceCode":"0806000000","province":"Samar Province","areaKm2":126,"labelPoint":[124.70827,12.05106]},"geometry":{"type":"Polygon","coordinates":[[[124.74835,12.11064],[124.74607,12.12039],[124.74568,12.12202],[124.74862,12.13036],[124.76931,12.15773],[124.76409,12.15647],[124.75018,12.1443],[124.74658,12.1424],[124.73203,12.13114],[124.71307,12.12495],[124.69662,12.10697],[124.68889,12.09852],[124.68066,12.08572],[124.67407,12.0794],[124.66035,12.06662],[124.65533,12.0609],[124.65318,12.05867],[124.64671,12.05202],[124.6454,12.05029],[124.6407,12.04832],[124.64107,12.04806],[124.64182,12.04793],[124.64292,12.04735],[124.6438,12.04669],[124.64405,12.0464],[124.64467,12.04598],[124.64537,12.04562],[124.64598,12.04544],[124.64644,12.0452],[124.64722,12.04492],[124.64768,12.04458],[124.64861,12.04371],[124.64907,12.0434],[124.64942,12.04332],[124.65085,12.04201],[124.65173,12.04112],[124.65249,12.04023],[124.65334,12.0395],[124.65362,12.0395],[124.65364,12.03918],[124.6541,12.03835],[124.65453,12.03787],[124.65496,12.03761],[124.65628,12.03609],[124.6571,12.03514],[124.6576,12.0347],[124.65786,12.03464],[124.65883,12.03388],[124.65984,12.03264],[124.6606,12.03192],[124.66102,12.03138],[124.66149,12.03127],[124.66174,12.03154],[124.66211,12.03145],[124.6622,12.03089],[124.66252,12.03055],[124.66296,12.02969],[124.66323,12.02962],[124.6637,12.02929],[124.6639,12.02886],[124.66434,12.02847],[124.66462,12.02787],[124.66563,12.02701],[124.66638,12.02672],[124.66662,12.02635],[124.66702,12.02622],[124.66731,12.02632],[124.66777,12.02609],[124.66788,12.02554],[124.66822,12.02512],[124.66903,12.02442],[124.66957,12.02455],[124.67011,12.02408],[124.67014,12.02389],[124.67053,12.02362],[124.67141,12.02323],[124.67218,12.02268],[124.67259,12.02252],[124.67383,12.02155],[124.67411,12.02147],[124.67428,12.02104],[124.67458,12.02109],[124.67465,12.02063],[124.67495,12.02041],[124.67469,12.02023],[124.67496,12.01995],[124.67523,12.0199],[124.67529,12.01942],[124.67512,12.0188],[124.67494,12.0186],[124.67555,12.01812],[124.67606,12.01762],[124.67622,12.01646],[124.67678,12.01567],[124.67715,12.01542],[124.67747,12.01535],[124.67831,12.01458],[124.67852,12.0147],[124.67807,12.01585],[124.67884,12.01596],[124.67914,12.01537],[124.67968,12.01458],[124.67986,12.01492],[124.68013,12.0147],[124.68043,12.01479],[124.68074,12.01456],[124.68106,12.01399],[124.6814,12.01395],[124.68139,12.01355],[124.68177,12.01309],[124.6819,12.01271],[124.68282,12.01183],[124.68328,12.01098],[124.68331,12.01073],[124.68389,12.0107],[124.68438,12.01081],[124.6846,12.01003],[124.68506,12.0095],[124.6852,12.00954],[124.68606,12.00919],[124.6869,12.00872],[124.68737,12.0087],[124.68815,12.00841],[124.68966,12.00926],[124.69019,12.00926],[124.69046,12.00949],[124.69076,12.00947],[124.69161,12.00997],[124.69165,12.01018],[124.69434,12.00681],[124.69377,12.00659],[124.69254,12.00642],[124.69216,12.00606],[124.69197,12.00553],[124.69166,12.00529],[124.69144,12.00556],[124.6906,12.00434],[124.69058,12.00403],[124.69024,12.00377],[124.69006,12.00326],[124.6902,12.00303],[124.69016,12.00218],[124.69047,12.00144],[124.69012,12.00129],[124.69026,12.00055],[124.69009,11.9999],[124.69029,11.99957],[124.69015,11.99819],[124.6899,11.99749],[124.6901,11.99714],[124.69011,11.99581],[124.68989,11.99545],[124.68983,11.9944],[124.69007,11.99412],[124.69,11.99381],[124.69028,11.99363],[124.69027,11.99332],[124.69099,11.99331],[124.69108,11.9931],[124.6908,11.99288],[124.69088,11.99239],[124.69085,11.99162],[124.69066,11.99075],[124.69075,11.99068],[124.69094,11.98939],[124.69114,11.98881],[124.69092,11.98827],[124.69189,11.98809],[124.69197,11.9872],[124.69216,11.98704],[124.69223,11.98618],[124.6926,11.98536],[124.69327,11.98453],[124.69384,11.98391],[124.69414,11.98373],[124.69422,11.98343],[124.69472,11.98308],[124.69495,11.98257],[124.69513,11.98245],[124.69542,11.98153],[124.69578,11.98123],[124.69682,11.98098],[124.69729,11.98109],[124.69763,11.9814],[124.69776,11.98187],[124.69816,11.98226],[124.69867,11.98253],[124.69961,11.9829],[124.69995,11.9839],[124.70027,11.98395],[124.7006,11.9838],[124.70153,11.98361],[124.70191,11.9838],[124.70223,11.98476],[124.70265,11.98498],[124.70319,11.98483],[124.70391,11.98503],[124.70455,11.98522],[124.70474,11.98514],[124.70517,11.98453],[124.70582,11.98414],[124.70616,11.98431],[124.70739,11.98425],[124.70779,11.98413],[124.70829,11.98355],[124.70859,11.98355],[124.7096,11.98409],[124.71067,11.9849],[124.71099,11.98522],[124.71112,11.98564],[124.71092,11.9864],[124.71182,11.98661],[124.71209,11.98695],[124.71201,11.98737],[124.71171,11.9877],[124.71076,11.98836],[124.71057,11.98965],[124.71059,11.98985],[124.71092,11.99001],[124.7126,11.98993],[124.71359,11.9902],[124.71429,11.99017],[124.71479,11.98998],[124.71495,11.98972],[124.7149,11.98936],[124.71447,11.98845],[124.71437,11.98765],[124.71459,11.98756],[124.71621,11.98765],[124.71667,11.98773],[124.71693,11.98803],[124.71683,11.98831],[124.71691,11.98869],[124.71754,11.98934],[124.71781,11.98975],[124.71759,11.99067],[124.71759,11.99114],[124.71786,11.99132],[124.71815,11.99112],[124.71834,11.99073],[124.71837,11.99031],[124.71861,11.98993],[124.71887,11.98976],[124.7192,11.9899],[124.71918,11.9902],[124.71898,11.99061],[124.71904,11.991],[124.71928,11.99159],[124.71958,11.99198],[124.71958,11.99251],[124.71917,11.99312],[124.71923,11.99343],[124.71971,11.99343],[124.72019,11.99357],[124.72029,11.99392],[124.71997,11.99415],[124.71938,11.99426],[124.71872,11.99423],[124.71811,11.99404],[124.71759,11.99403],[124.71725,11.99415],[124.71741,11.99448],[124.71784,11.99488],[124.7181,11.99542],[124.71811,11.99596],[124.71787,11.99623],[124.7173,11.99626],[124.71684,11.99609],[124.71612,11.99535],[124.71577,11.99527],[124.7155,11.99538],[124.7154,11.99585],[124.71548,11.99638],[124.71578,11.99986],[124.7171,12.00067],[124.72008,12.00196],[124.72157,12.00193],[124.72267,12.00153],[124.72309,12.00096],[124.72317,12.00006],[124.72344,11.99935],[124.72398,11.99888],[124.72476,11.99884],[124.72579,11.99896],[124.72637,11.9991],[124.72732,11.99866],[124.72787,11.99828],[124.72818,11.99782],[124.72805,11.99742],[124.72759,11.99698],[124.72614,11.99668],[124.72574,11.99638],[124.72565,11.99581],[124.7261,11.99553],[124.72694,11.99517],[124.72786,11.99502],[124.72888,11.99505],[124.72977,11.99521],[124.73058,11.99523],[124.73173,11.99456],[124.73275,11.99456],[124.73295,11.99342],[124.73338,11.9933],[124.734,11.99339],[124.73476,11.99337],[124.73589,11.99259],[124.73634,11.99236],[124.73655,11.99196],[124.7363,11.99145],[124.73621,11.99094],[124.73655,11.99054],[124.73772,11.99003],[124.73884,11.98966],[124.73936,11.98963],[124.73985,11.98972],[124.74013,11.98995],[124.74055,11.98991],[124.74092,11.99002],[124.74133,11.99143],[124.74162,11.99166],[124.74205,11.99179],[124.74243,11.99151],[124.74253,11.99117],[124.74284,11.99091],[124.74318,11.9911],[124.74359,11.99112],[124.74399,11.991],[124.74415,11.99066],[124.7445,11.9904],[124.74536,11.99039],[124.74588,11.99023],[124.74658,11.99028],[124.74688,11.99068],[124.74717,11.99079],[124.74828,11.99079],[124.74873,11.99127],[124.74879,11.99188],[124.74914,11.99207],[124.7501,12.01058],[124.75053,12.01649],[124.75209,12.04064],[124.75257,12.05207],[124.75307,12.06463],[124.75361,12.08729],[124.75203,12.09461],[124.75079,12.10021],[124.74835,12.11064]]]}},{"type":"Feature","properties":{"code":"0806017000","name":"Santa Rita","kind":"Municipality","provinceCode":"0806000000","province":"Samar Province","areaKm2":244,"labelPoint":[125.03826,11.44547]},"geometry":{"type":"MultiPolygon","coordinates":[[[[124.99313,11.36761],[124.993,11.3673],[124.99299,11.36677],[124.99328,11.36664],[124.99334,11.36627],[124.99304,11.36602],[124.99307,11.36559],[124.99295,11.36491],[124.99248,11.36363],[124.99195,11.36319],[124.99212,11.36266],[124.99201,11.3622],[124.99234,11.36171],[124.99271,11.36155],[124.99282,11.36121],[124.99265,11.36095],[124.99267,11.36061],[124.99294,11.36043],[124.99301,11.3599],[124.99276,11.35961],[124.99287,11.35928],[124.99275,11.35896],[124.99303,11.35863],[124.99266,11.35823],[124.99272,11.35795],[124.9933,11.35743],[124.99295,11.35722],[124.99318,11.35649],[124.99352,11.35629],[124.99331,11.35579],[124.99362,11.35541],[124.99362,11.35516],[124.99392,11.35467],[124.99359,11.35434],[124.99368,11.35381],[124.99404,11.35379],[124.99484,11.35318],[124.99521,11.35341],[124.99607,11.35348],[124.9963,11.3531],[124.9966,11.35289],[124.9969,11.35293],[124.99706,11.35222],[124.9972,11.35206],[124.99686,11.35189],[124.9965,11.35189],[124.99642,11.35213],[124.99606,11.35192],[124.99488,11.35176],[124.9946,11.35158],[124.99438,11.35167],[124.99335,11.35125],[124.9931,11.351],[124.99254,11.35066],[124.9923,11.35024],[124.99206,11.35018],[124.99169,11.34972],[124.99077,11.34914],[124.99055,11.34844],[124.99075,11.34816],[124.99044,11.34788],[124.99039,11.34674],[124.9907,11.34623],[124.9906,11.34594],[124.99014,11.34592],[124.98984,11.34568],[124.98914,11.34533],[124.98861,11.34442],[124.98888,11.34432],[124.98922,11.34398],[124.98931,11.34344],[124.98913,11.34326],[124.98869,11.34346],[124.98814,11.34327],[124.98803,11.34346],[124.98746,11.34343],[124.98707,11.34289],[124.98622,11.34246],[124.98551,11.34164],[124.98468,11.34187],[124.98447,11.34132],[124.98453,11.3411],[124.98443,11.34056],[124.98457,11.34037],[124.98473,11.33962],[124.98442,11.33887],[124.98445,11.33844],[124.98429,11.33807],[124.98435,11.33769],[124.98519,11.33711],[124.9855,11.33674],[124.98555,11.3363],[124.98589,11.33626],[124.9859,11.33584],[124.98543,11.3356],[124.9848,11.33586],[124.98414,11.33585],[124.98418,11.33559],[124.98365,11.33555],[124.98336,11.3352],[124.9829,11.33395],[124.98258,11.33356],[124.98258,11.33335],[124.98287,11.33303],[124.98251,11.33282],[124.98229,11.33243],[124.98234,11.33213],[124.98202,11.33154],[124.98137,11.33133],[124.98128,11.33082],[124.98092,11.33046],[124.98045,11.32999],[124.97966,11.32983],[124.97972,11.32939],[124.97926,11.32915],[124.97921,11.32886],[124.97855,11.32866],[124.97837,11.32824],[124.97744,11.3277],[124.97737,11.32739],[124.97656,11.32679],[124.97616,11.32633],[124.97553,11.32584],[124.9755,11.32551],[124.97524,11.3248],[124.97516,11.324],[124.9748,11.32379],[124.97401,11.32375],[124.97399,11.32333],[124.97362,11.32276],[124.97309,11.32251],[124.97333,11.32135],[124.97352,11.32116],[124.97397,11.32108],[124.97414,11.32084],[124.97391,11.32029],[124.9741,11.32006],[124.97411,11.31939],[124.97398,11.31881],[124.97428,11.31793],[124.97409,11.31772],[124.97418,11.3169],[124.97449,11.31676],[124.97456,11.31629],[124.97423,11.31604],[124.97377,11.316],[124.97332,11.31462],[124.97346,11.31441],[124.97334,11.31404],[124.97341,11.3136],[124.97304,11.3132],[124.97354,11.3129],[124.97386,11.31184],[124.97404,11.31174],[124.97404,11.31125],[124.97391,11.31109],[124.97385,11.31015],[124.97364,11.30987],[124.97396,11.30967],[124.97395,11.30924],[124.97449,11.30898],[124.9746,11.30869],[124.9745,11.30814],[124.97498,11.30761],[124.97515,11.30677],[124.97534,11.30653],[124.97565,11.30644],[124.97582,11.30589],[124.97571,11.30562],[124.97588,11.30531],[124.97651,11.3048],[124.97629,11.30429],[124.97637,11.30382],[124.97678,11.30367],[124.97655,11.30332],[124.97698,11.30303],[124.97703,11.30241],[124.97725,11.30225],[124.97775,11.30221],[124.97813,11.30157],[124.97815,11.30112],[124.97892,11.30059],[124.9791,11.30059],[124.97948,11.30025],[124.97991,11.30011],[124.97951,11.29978],[124.97928,11.29942],[124.97936,11.2986],[124.97991,11.29784],[124.9797,11.2973],[124.97978,11.29635],[124.97961,11.29604],[124.97908,11.29575],[124.97889,11.29579],[124.97861,11.29551],[124.97856,11.29503],[124.97876,11.29473],[124.97852,11.29452],[124.97845,11.29402],[124.97903,11.29363],[124.97909,11.29334],[125.00031,11.30469],[125.00872,11.30919],[125.01251,11.31626],[125.01562,11.32318],[125.02012,11.33299],[125.0409,11.33748],[125.03847,11.35391],[125.04352,11.36387],[125.04707,11.3737],[125.05603,11.3777],[125.06604,11.39822],[125.07145,11.40942],[125.07832,11.4238],[125.08659,11.44081],[125.09998,11.46881],[125.09635,11.4813],[125.082,11.49653],[125.04397,11.49054],[125.04188,11.49987],[125.03996,11.50812],[125.01491,11.50805],[125.00339,11.50452],[124.99919,11.50325],[124.99017,11.50095],[124.98132,11.49864],[124.97422,11.49681],[124.96516,11.49478],[124.95896,11.49313],[124.95527,11.49251],[124.95267,11.49223],[124.94637,11.49104],[124.94225,11.49018],[124.94058,11.4898],[124.93728,11.48924],[124.93333,11.4894],[124.93004,11.49078],[124.92649,11.49386],[124.92502,11.49687],[124.92442,11.50068],[124.92293,11.50212],[124.91968,11.50094],[124.91893,11.49955],[124.91773,11.49988],[124.91637,11.50118],[124.91327,11.50348],[124.91163,11.50427],[124.91088,11.5015],[124.91267,11.49848],[124.9126,11.49688],[124.91166,11.49522],[124.91044,11.49468],[124.90884,11.49663],[124.90636,11.49938],[124.90568,11.49961],[124.90274,11.50142],[124.90278,11.50123],[124.90338,11.50096],[124.9042,11.50038],[124.90528,11.49917],[124.90578,11.49851],[124.90618,11.49771],[124.90654,11.49722],[124.90649,11.49704],[124.90532,11.49604],[124.90463,11.49525],[124.90465,11.49506],[124.90422,11.49495],[124.90423,11.49467],[124.90334,11.49392],[124.90331,11.4934],[124.90306,11.49319],[124.90272,11.49313],[124.90201,11.49397],[124.90136,11.49418],[124.90116,11.49443],[124.90072,11.49471],[124.90038,11.49472],[124.89957,11.49494],[124.89915,11.49496],[124.89885,11.49483],[124.89871,11.49436],[124.89872,11.49401],[124.89911,11.49333],[124.8993,11.49324],[124.89935,11.49275],[124.89955,11.4925],[124.89967,11.49204],[124.89968,11.49149],[124.89918,11.49085],[124.89913,11.49008],[124.89935,11.48927],[124.89981,11.48895],[124.90028,11.48901],[124.90048,11.4884],[124.90018,11.48769],[124.90016,11.48714],[124.90052,11.48681],[124.90044,11.48646],[124.90013,11.48612],[124.90025,11.48576],[124.90053,11.48571],[124.90115,11.48581],[124.90166,11.48577],[124.90176,11.4855],[124.90121,11.48514],[124.90084,11.48506],[124.90072,11.48487],[124.90083,11.48445],[124.90075,11.48423],[124.90085,11.48378],[124.90082,11.48334],[124.90132,11.48268],[124.9015,11.48261],[124.90205,11.48204],[124.90241,11.48223],[124.90291,11.48168],[124.90285,11.48141],[124.90252,11.48095],[124.90261,11.4805],[124.90227,11.47997],[124.9025,11.47962],[124.90261,11.47898],[124.90246,11.47827],[124.90267,11.47751],[124.902,11.47619],[124.90193,11.47536],[124.90203,11.47503],[124.90229,11.47457],[124.90242,11.47411],[124.90269,11.47399],[124.9025,11.47346],[124.90254,11.47304],[124.90219,11.47271],[124.90238,11.47202],[124.9027,11.47176],[124.90247,11.47128],[124.90218,11.47117],[124.90234,11.47067],[124.90271,11.47047],[124.90302,11.4705],[124.90349,11.47036],[124.90376,11.47007],[124.90407,11.46996],[124.90448,11.47002],[124.90477,11.46981],[124.90509,11.46985],[124.90581,11.46949],[124.90613,11.46914],[124.90671,11.46914],[124.90739,11.46904],[124.90775,11.46916],[124.90848,11.47],[124.90897,11.47034],[124.90947,11.47041],[124.90986,11.47072],[124.91027,11.4708],[124.91057,11.47036],[124.9111,11.47015],[124.91169,11.46958],[124.91172,11.46916],[124.91228,11.46874],[124.91261,11.46832],[124.91286,11.46828],[124.91314,11.46854],[124.91357,11.46829],[124.91377,11.46859],[124.91437,11.4683],[124.91471,11.46802],[124.91523,11.46739],[124.91554,11.46711],[124.91583,11.46662],[124.91633,11.46602],[124.91663,11.46552],[124.91714,11.46435],[124.91722,11.46398],[124.91698,11.46356],[124.91664,11.46323],[124.91603,11.46308],[124.91589,11.46252],[124.9163,11.46142],[124.91657,11.4616],[124.91668,11.4619],[124.91734,11.46182],[124.91786,11.46108],[124.91847,11.46068],[124.9185,11.46042],[124.91889,11.46027],[124.9193,11.45959],[124.91965,11.45975],[124.91984,11.45943],[124.92084,11.45944],[124.92134,11.45878],[124.92139,11.45847],[124.9217,11.45833],[124.92259,11.45774],[124.92288,11.45776],[124.92307,11.45751],[124.92384,11.45771],[124.92441,11.45739],[124.92532,11.45743],[124.92553,11.45723],[124.92615,11.45719],[124.92659,11.45726],[124.92678,11.45749],[124.92714,11.45716],[124.9275,11.45702],[124.92762,11.45645],[124.92834,11.4565],[124.92887,11.45621],[124.92938,11.45619],[124.92967,11.45584],[124.92966,11.45533],[124.93,11.45486],[124.93025,11.45501],[124.93061,11.45481],[124.93126,11.45469],[124.93187,11.45382],[124.93238,11.45423],[124.93275,11.45424],[124.93377,11.45442],[124.9343,11.45436],[124.93518,11.45413],[124.93528,11.45393],[124.93618,11.45345],[124.93668,11.45299],[124.93693,11.4525],[124.93727,11.45235],[124.93756,11.45206],[124.93789,11.45131],[124.93834,11.4508],[124.93885,11.45087],[124.93922,11.45065],[124.93963,11.45003],[124.93988,11.45004],[124.94029,11.44966],[124.94065,11.44871],[124.94136,11.44912],[124.94192,11.44937],[124.94221,11.44935],[124.94248,11.44958],[124.94288,11.44957],[124.94343,11.45045],[124.9442,11.45106],[124.94452,11.45148],[124.94506,11.45162],[124.94633,11.45174],[124.94698,11.4519],[124.94696,11.45208],[124.94774,11.45249],[124.94874,11.45339],[124.94926,11.45367],[124.94903,11.45385],[124.94817,11.45331],[124.9479,11.45339],[124.94755,11.45325],[124.94762,11.45382],[124.94777,11.45423],[124.94795,11.45452],[124.94802,11.45493],[124.94883,11.45492],[124.94995,11.45492],[124.94978,11.45456],[124.95011,11.45412],[124.9507,11.45378],[124.95113,11.45384],[124.95184,11.45362],[124.9517,11.45338],[124.95234,11.45319],[124.95276,11.45259],[124.95335,11.45276],[124.95382,11.45258],[124.95412,11.45284],[124.95459,11.45272],[124.9547,11.4531],[124.95535,11.45298],[124.95611,11.45338],[124.95659,11.45355],[124.95694,11.45329],[124.95769,11.45329],[124.95791,11.45389],[124.95898,11.4541],[124.95913,11.45421],[124.9598,11.4543],[124.96037,11.45416],[124.96067,11.45461],[124.96091,11.45461],[124.96114,11.45451],[124.96177,11.45459],[124.96145,11.45421],[124.96084,11.45399],[124.96047,11.45362],[124.96043,11.45311],[124.96004,11.4527],[124.96018,11.45249],[124.96109,11.4528],[124.96156,11.45284],[124.96207,11.45251],[124.96242,11.45245],[124.96341,11.45141],[124.96347,11.45085],[124.96415,11.45012],[124.96451,11.44907],[124.96453,11.44864],[124.96414,11.44809],[124.96444,11.44762],[124.96463,11.44762],[124.96489,11.44705],[124.9649,11.44662],[124.96475,11.44651],[124.9649,11.44584],[124.96506,11.44549],[124.96456,11.44514],[124.96456,11.44494],[124.96505,11.44456],[124.96504,11.44422],[124.96479,11.4442],[124.96469,11.44356],[124.96445,11.4432],[124.96436,11.44238],[124.96401,11.4421],[124.96376,11.44209],[124.96344,11.44175],[124.96303,11.4415],[124.96323,11.44044],[124.9635,11.44016],[124.96462,11.44006],[124.96466,11.43972],[124.9649,11.43937],[124.96495,11.43864],[124.96485,11.43824],[124.96458,11.43795],[124.96405,11.43795],[124.96362,11.4375],[124.96366,11.43719],[124.96394,11.43701],[124.96433,11.43618],[124.96442,11.43556],[124.96437,11.43453],[124.96425,11.43348],[124.96411,11.43307],[124.96363,11.43224],[124.96365,11.43175],[124.96411,11.43151],[124.96468,11.43187],[124.9649,11.43171],[124.96561,11.43153],[124.96633,11.43127],[124.96667,11.43129],[124.96715,11.431],[124.96778,11.43096],[124.96803,11.43116],[124.96872,11.43123],[124.96911,11.43085],[124.97019,11.43052],[124.97108,11.42996],[124.97156,11.42983],[124.97169,11.42961],[124.97245,11.42951],[124.9727,11.42927],[124.97325,11.42916],[124.97365,11.42943],[124.97401,11.42953],[124.97474,11.42955],[124.97573,11.42923],[124.97599,11.42931],[124.97624,11.42972],[124.97663,11.42976],[124.97676,11.42992],[124.97726,11.43007],[124.97773,11.43008],[124.97852,11.42991],[124.97893,11.42972],[124.9794,11.4293],[124.9795,11.42906],[124.97941,11.42855],[124.97969,11.42793],[124.9799,11.42782],[124.98041,11.42795],[124.98077,11.42682],[124.98118,11.42656],[124.98155,11.42657],[124.98255,11.42614],[124.98322,11.42552],[124.98355,11.42492],[124.98364,11.42445],[124.98452,11.42424],[124.98527,11.42433],[124.98681,11.4244],[124.98683,11.42487],[124.98703,11.42468],[124.98789,11.42498],[124.98827,11.42519],[124.98919,11.42545],[124.98936,11.42559],[124.98977,11.42541],[124.9908,11.42539],[124.99126,11.42562],[124.99133,11.42532],[124.99307,11.42486],[124.99386,11.42474],[124.99429,11.42479],[124.99458,11.42499],[124.99492,11.42554],[124.99514,11.42618],[124.99521,11.4275],[124.99652,11.42749],[124.99652,11.42599],[124.9966,11.42585],[124.99635,11.42513],[124.99608,11.42505],[124.99593,11.42461],[124.99553,11.4245],[124.99544,11.42427],[124.99505,11.42406],[124.99496,11.42376],[124.99443,11.42363],[124.99431,11.42381],[124.99382,11.42377],[124.99318,11.42393],[124.99256,11.42385],[124.99149,11.42414],[124.99105,11.42403],[124.98942,11.42341],[124.98913,11.42319],[124.9871,11.4225],[124.98627,11.42232],[124.98596,11.42231],[124.98517,11.42189],[124.98435,11.42112],[124.98417,11.42043],[124.98431,11.42023],[124.98438,11.41974],[124.98469,11.41927],[124.98492,11.41843],[124.98517,11.41816],[124.98558,11.41812],[124.98598,11.41775],[124.9863,11.41777],[124.98637,11.41749],[124.98605,11.41715],[124.98601,11.41651],[124.98622,11.41621],[124.98696,11.41615],[124.98745,11.41642],[124.98811,11.41667],[124.98833,11.41586],[124.98797,11.41536],[124.98799,11.41511],[124.9873,11.4147],[124.98693,11.41415],[124.98684,11.41334],[124.98661,11.41313],[124.98643,11.4125],[124.98642,11.41181],[124.98683,11.41132],[124.98688,11.41073],[124.98705,11.41048],[124.98695,11.41009],[124.98709,11.40953],[124.987,11.40923],[124.98662,11.40895],[124.98636,11.40857],[124.98646,11.40695],[124.98679,11.40627],[124.9868,11.40521],[124.98708,11.40491],[124.98684,11.40476],[124.98708,11.4042],[124.98731,11.40415],[124.98726,11.40315],[124.98713,11.40229],[124.98687,11.4019],[124.98709,11.40165],[124.98706,11.40041],[124.98736,11.39986],[124.98742,11.39929],[124.98686,11.39904],[124.98669,11.39866],[124.98636,11.39843],[124.98637,11.39823],[124.98689,11.39821],[124.98724,11.39835],[124.98796,11.39846],[124.98791,11.39898],[124.98832,11.39892],[124.98868,11.39917],[124.98899,11.39866],[124.98844,11.39861],[124.98831,11.3983],[124.98734,11.39796],[124.9869,11.39768],[124.98669,11.39726],[124.98702,11.39705],[124.98669,11.39674],[124.98673,11.39628],[124.98653,11.39615],[124.98648,11.39579],[124.98623,11.39559],[124.98601,11.39515],[124.9863,11.39471],[124.98623,11.3943],[124.98658,11.39412],[124.9861,11.39374],[124.98689,11.39312],[124.98722,11.39312],[124.98743,11.39273],[124.98735,11.39253],[124.98683,11.39273],[124.98665,11.39247],[124.9866,11.39209],[124.98606,11.39181],[124.98533,11.39089],[124.98528,11.39052],[124.98538,11.39025],[124.98568,11.39011],[124.9866,11.38999],[124.98663,11.38981],[124.98842,11.3898],[124.98886,11.38931],[124.98865,11.38901],[124.98881,11.38881],[124.98877,11.38802],[124.98904,11.38757],[124.98951,11.38758],[124.98972,11.3878],[124.98971,11.38862],[124.99006,11.38869],[124.99036,11.38848],[124.99065,11.38851],[124.99086,11.38887],[124.9912,11.38899],[124.99151,11.38943],[124.99217,11.38953],[124.99253,11.38923],[124.99303,11.38942],[124.99358,11.38939],[124.99364,11.38888],[124.99322,11.38858],[124.99302,11.3888],[124.99259,11.3888],[124.99183,11.38851],[124.99159,11.38817],[124.99153,11.3878],[124.99036,11.38748],[124.99007,11.38751],[124.98999,11.38723],[124.9897,11.38694],[124.98933,11.38698],[124.98874,11.38641],[124.98854,11.38581],[124.9882,11.38546],[124.98828,11.38505],[124.98857,11.38489],[124.9886,11.38459],[124.98861,11.38424],[124.98838,11.38393],[124.98813,11.384],[124.98798,11.38443],[124.9875,11.38442],[124.98719,11.38425],[124.98696,11.38381],[124.987,11.38324],[124.98678,11.38255],[124.98652,11.3825],[124.9861,11.38208],[124.98615,11.38154],[124.98707,11.38054],[124.98708,11.3799],[124.98736,11.37918],[124.98737,11.37894],[124.9866,11.37838],[124.98651,11.3781],[124.9867,11.37717],[124.98649,11.37695],[124.9874,11.3766],[124.9877,11.37628],[124.98794,11.37575],[124.98828,11.37526],[124.98835,11.37492],[124.98886,11.37441],[124.9891,11.37432],[124.98947,11.3745],[124.98964,11.37424],[124.98957,11.37389],[124.98899,11.37381],[124.98875,11.37368],[124.98873,11.3733],[124.98903,11.37271],[124.98974,11.37293],[124.9904,11.37257],[124.99059,11.37292],[124.99081,11.37303],[124.9911,11.37265],[124.99147,11.37252],[124.99179,11.37221],[124.99202,11.37156],[124.99234,11.37134],[124.99234,11.3711],[124.9928,11.37064],[124.99318,11.36989],[124.99391,11.3692],[124.99359,11.36871],[124.99319,11.36837],[124.99309,11.36805],[124.99313,11.36761]]],[[[124.98453,11.38889],[124.98437,11.38906],[124.98388,11.38907],[124.98342,11.38884],[124.98337,11.38846],[124.98369,11.38841],[124.98415,11.38812],[124.9842,11.38734],[124.984,11.38713],[124.98421,11.38675],[124.9847,11.38656],[124.98557,11.38662],[124.98574,11.38652],[124.98616,11.38731],[124.98653,11.38751],[124.98697,11.38803],[124.98702,11.38847],[124.98687,11.38872],[124.98631,11.38886],[124.98604,11.38867],[124.98525,11.38891],[124.98453,11.38889]]],[[[124.88408,11.48196],[124.88406,11.48218],[124.88393,11.48236],[124.88415,11.48306],[124.88408,11.48344],[124.88419,11.4841],[124.88436,11.48426],[124.88447,11.48479],[124.88486,11.4854],[124.88485,11.48554],[124.88537,11.48629],[124.88555,11.48671],[124.88606,11.48734],[124.88605,11.48771],[124.88689,11.48824],[124.88814,11.48836],[124.88832,11.48816],[124.8888,11.48834],[124.88866,11.48866],[124.88916,11.48948],[124.88952,11.48983],[124.88941,11.49023],[124.88967,11.49054],[124.88985,11.49098],[124.89013,11.49132],[124.89071,11.49246],[124.89052,11.49292],[124.89072,11.49311],[124.89143,11.4931],[124.89216,11.49358],[124.89259,11.49449],[124.89286,11.49468],[124.89299,11.49561],[124.89293,11.49651],[124.89279,11.49699],[124.89261,11.49714],[124.89202,11.49713],[124.89157,11.49684],[124.89085,11.49685],[124.8903,11.49732],[124.88947,11.49761],[124.88936,11.49784],[124.89005,11.49789],[124.89047,11.49814],[124.89077,11.49773],[124.89103,11.49755],[124.89164,11.49756],[124.89186,11.49769],[124.89182,11.49852],[124.89112,11.49876],[124.89079,11.49896],[124.89012,11.49897],[124.88933,11.49943],[124.88935,11.49981],[124.88962,11.5001],[124.89008,11.4998],[124.89036,11.49951],[124.89098,11.49946],[124.89137,11.49917],[124.89161,11.49928],[124.89144,11.50009],[124.89148,11.50043],[124.89092,11.50111],[124.89097,11.50151],[124.89148,11.50169],[124.89212,11.50213],[124.89214,11.50259],[124.88856,11.50269],[124.88515,11.5027],[124.87827,11.50276],[124.87382,11.5025],[124.86072,11.5026],[124.86018,11.50121],[124.85942,11.4994],[124.85541,11.48568],[124.84936,11.46371],[124.85082,11.46356],[124.85107,11.46322],[124.8519,11.46324],[124.85241,11.46343],[124.85278,11.46367],[124.85305,11.46414],[124.85367,11.4642],[124.85454,11.46406],[124.85524,11.46423],[124.85556,11.46445],[124.85683,11.46484],[124.85736,11.46522],[124.85775,11.46537],[124.85811,11.46508],[124.85842,11.46504],[124.85915,11.46441],[124.85951,11.46386],[124.85986,11.46364],[124.86053,11.46422],[124.86094,11.46448],[124.86176,11.46449],[124.86262,11.46437],[124.86258,11.46484],[124.86239,11.4653],[124.86256,11.4656],[124.86311,11.46616],[124.86335,11.46686],[124.86429,11.46772],[124.86493,11.46773],[124.86562,11.46834],[124.86712,11.46893],[124.86746,11.46894],[124.86758,11.46925],[124.86806,11.4689],[124.86871,11.46889],[124.86931,11.46902],[124.87041,11.46955],[124.87086,11.46996],[124.87132,11.47016],[124.87171,11.47029],[124.87261,11.47076],[124.8729,11.47108],[124.87307,11.47107],[124.8738,11.4716],[124.87405,11.47167],[124.87464,11.47207],[124.87489,11.47203],[124.87552,11.47251],[124.87615,11.47278],[124.8766,11.47283],[124.8778,11.47277],[124.87838,11.47284],[124.87902,11.47282],[124.87935,11.47262],[124.87974,11.47272],[124.87992,11.47246],[124.88047,11.47242],[124.88082,11.47226],[124.88073,11.47185],[124.88083,11.47126],[124.88116,11.47129],[124.88164,11.47091],[124.8815,11.47048],[124.88148,11.46981],[124.88202,11.4692],[124.88307,11.46781],[124.88349,11.46684],[124.88386,11.46644],[124.88393,11.46602],[124.88346,11.4656],[124.8832,11.46564],[124.88309,11.4651],[124.88349,11.46477],[124.88369,11.46485],[124.88425,11.46475],[124.88449,11.4649],[124.88535,11.46481],[124.8857,11.46437],[124.88697,11.46357],[124.88763,11.46288],[124.88823,11.46285],[124.88849,11.46272],[124.88895,11.46282],[124.88934,11.46314],[124.88962,11.46309],[124.89002,11.46327],[124.89048,11.46329],[124.89021,11.46371],[124.89021,11.46443],[124.88982,11.46491],[124.8898,11.46531],[124.88909,11.46588],[124.8889,11.46626],[124.88892,11.46664],[124.88873,11.46734],[124.88877,11.46757],[124.888,11.46856],[124.88799,11.46895],[124.88755,11.46945],[124.88748,11.4697],[124.88699,11.47064],[124.88664,11.47113],[124.88639,11.47128],[124.88632,11.47197],[124.88692,11.47274],[124.8871,11.47308],[124.88747,11.47338],[124.88796,11.47361],[124.88857,11.47353],[124.88923,11.47329],[124.88975,11.47405],[124.8902,11.47417],[124.89026,11.47466],[124.8901,11.47503],[124.89048,11.47553],[124.89087,11.47621],[124.89053,11.47627],[124.89007,11.47586],[124.88916,11.47556],[124.8884,11.47562],[124.88788,11.47584],[124.88767,11.47579],[124.88714,11.47627],[124.88638,11.47676],[124.88596,11.47742],[124.88519,11.47803],[124.88495,11.47837],[124.88461,11.47917],[124.88469,11.47934],[124.88452,11.48006],[124.88429,11.4802],[124.88364,11.48021],[124.88349,11.48054],[124.88409,11.48094],[124.88418,11.4815],[124.88408,11.48196]]],[[[124.89799,11.50004],[124.89771,11.50031],[124.89734,11.50047],[124.8966,11.50058],[124.89609,11.50047],[124.89598,11.50012],[124.89548,11.49984],[124.89528,11.49943],[124.8955,11.49893],[124.89519,11.4987],[124.89521,11.49792],[124.89498,11.49715],[124.89516,11.49644],[124.89493,11.49636],[124.89495,11.49547],[124.89517,11.49524],[124.89505,11.4944],[124.8954,11.49393],[124.8958,11.49367],[124.89665,11.49327],[124.89748,11.49393],[124.89769,11.49445],[124.89797,11.49489],[124.89833,11.49559],[124.8986,11.49588],[124.89906,11.49573],[124.89951,11.49588],[124.90041,11.49583],[124.90171,11.49587],[124.90192,11.49598],[124.90237,11.49584],[124.90323,11.49608],[124.90382,11.49636],[124.90483,11.49668],[124.90451,11.49717],[124.9038,11.49721],[124.90325,11.49747],[124.90286,11.4978],[124.9023,11.49788],[124.90185,11.49814],[124.90149,11.498],[124.90118,11.4981],[124.90067,11.49891],[124.90089,11.49971],[124.90068,11.49983],[124.90036,11.49972],[124.90002,11.49992],[124.89959,11.49986],[124.89913,11.49993],[124.89876,11.49986],[124.89799,11.50004]]],[[[124.97723,11.34156],[124.9766,11.34138],[124.9768,11.34097],[124.97725,11.33833],[124.9775,11.33861],[124.97821,11.33915],[124.97853,11.33955],[124.97821,11.33995],[124.97723,11.34156]]],[[[124.98465,11.41087],[124.98432,11.41093],[124.98414,11.41059],[124.98384,11.41036],[124.98379,11.41009],[124.9842,11.40966],[124.9844,11.40908],[124.98466,11.40874],[124.98526,11.40937],[124.9852,11.41011],[124.98536,11.41041],[124.98492,11.41058],[124.98465,11.41087]]],[[[124.98695,11.42274],[124.98575,11.4226],[124.98453,11.42222],[124.98391,11.42159],[124.98378,11.42121],[124.98519,11.42209],[124.9859,11.42244],[124.98671,11.4226],[124.98695,11.42274]]],[[[124.96309,11.43054],[124.9628,11.43044],[124.96244,11.42977],[124.96229,11.42934],[124.96364,11.42984],[124.96348,11.4304],[124.96309,11.43054]]],[[[124.97099,11.30547],[124.97083,11.3048],[124.97123,11.30479],[124.9716,11.30527],[124.97163,11.30571],[124.97172,11.30652],[124.97133,11.3065],[124.97099,11.30547]]],[[[124.97226,11.32168],[124.97161,11.32155],[124.97158,11.32127],[124.97194,11.32106],[124.97212,11.32035],[124.97235,11.32019],[124.97263,11.32036],[124.97254,11.32096],[124.97226,11.32168]]],[[[124.97222,11.30318],[124.97192,11.3031],[124.97132,11.30314],[124.97115,11.30299],[124.97132,11.30207],[124.97165,11.30132],[124.97201,11.30076],[124.97277,11.30001],[124.97304,11.30002],[124.97373,11.30075],[124.97349,11.30113],[124.97333,11.30167],[124.97334,11.30209],[124.97289,11.30269],[124.9727,11.30274],[124.97222,11.30318]]],[[[124.98633,11.36287],[124.98575,11.36275],[124.98549,11.36256],[124.98536,11.36215],[124.98579,11.36198],[124.98598,11.36209],[124.98635,11.3619],[124.98661,11.36239],[124.98633,11.36287]]],[[[124.98761,11.36318],[124.98765,11.36278],[124.9879,11.36235],[124.98746,11.36214],[124.98715,11.36163],[124.98735,11.36142],[124.98735,11.36092],[124.98765,11.36047],[124.98792,11.35957],[124.98883,11.35865],[124.98887,11.35837],[124.98916,11.35786],[124.98922,11.35738],[124.98959,11.35703],[124.99,11.35686],[124.99057,11.35713],[124.99096,11.35717],[124.99102,11.35815],[124.99144,11.3587],[124.99147,11.35924],[124.99117,11.35972],[124.99159,11.36016],[124.99121,11.36097],[124.99119,11.36133],[124.99087,11.36153],[124.99039,11.36221],[124.99003,11.36241],[124.98964,11.36228],[124.98924,11.36279],[124.98901,11.36275],[124.9886,11.36304],[124.98826,11.36315],[124.98782,11.36308],[124.98761,11.36318]]],[[[124.98705,11.36587],[124.98671,11.36668],[124.98686,11.36717],[124.98673,11.36774],[124.98597,11.36707],[124.98586,11.36672],[124.98532,11.36611],[124.98545,11.36588],[124.98581,11.36584],[124.98617,11.36537],[124.98618,11.3651],[124.98641,11.36489],[124.98749,11.36499],[124.98737,11.36547],[124.98705,11.36587]]],[[[124.98542,11.36807],[124.98523,11.36819],[124.98497,11.36787],[124.98494,11.36757],[124.98473,11.36727],[124.98491,11.36711],[124.9853,11.36749],[124.98542,11.36807]]],[[[124.98868,11.36965],[124.98818,11.36933],[124.98766,11.36878],[124.98723,11.36869],[124.9875,11.36771],[124.98774,11.3673],[124.9876,11.36649],[124.98767,11.36607],[124.98808,11.36586],[124.9886,11.36579],[124.9891,11.36518],[124.98839,11.36514],[124.98819,11.36456],[124.98819,11.36425],[124.98865,11.36412],[124.98884,11.3638],[124.99009,11.36369],[124.99069,11.36359],[124.99101,11.36454],[124.9915,11.36482],[124.99162,11.36552],[124.99155,11.36598],[124.99115,11.36729],[124.99069,11.36766],[124.9906,11.36807],[124.99026,11.36832],[124.99002,11.36866],[124.98967,11.36876],[124.98954,11.36908],[124.98868,11.36965]]]]}},{"type":"Feature","properties":{"code":"0806018000","name":"Santo Niño","kind":"Municipality","provinceCode":"0806000000","province":"Samar Province","areaKm2":30,"labelPoint":[124.44133,11.90495]},"geometry":{"type":"MultiPolygon","coordinates":[[[[124.40896,11.96272],[124.40871,11.96207],[124.40901,11.96141],[124.4093,11.96141],[124.40933,11.96074],[124.4095,11.96048],[124.41029,11.96034],[124.41047,11.96042],[124.4109,11.9601],[124.41144,11.95947],[124.41183,11.95914],[124.41177,11.95857],[124.41212,11.95837],[124.41303,11.95852],[124.41361,11.9588],[124.41434,11.95934],[124.4147,11.95934],[124.41512,11.95912],[124.41543,11.95917],[124.41587,11.95957],[124.41636,11.95952],[124.41682,11.95934],[124.41695,11.95901],[124.41749,11.95886],[124.41774,11.95824],[124.41769,11.95797],[124.41786,11.95767],[124.4181,11.95776],[124.41818,11.95825],[124.41838,11.95833],[124.41831,11.95889],[124.41843,11.95904],[124.41854,11.95964],[124.41915,11.96023],[124.42039,11.96088],[124.42102,11.96103],[124.42172,11.96107],[124.42217,11.96098],[124.42286,11.96066],[124.4234,11.96004],[124.42356,11.95943],[124.42361,11.95848],[124.42428,11.95826],[124.42466,11.95801],[124.42463,11.95757],[124.42483,11.95708],[124.4251,11.95675],[124.42566,11.95671],[124.42609,11.95646],[124.42645,11.95639],[124.42684,11.95648],[124.42709,11.95621],[124.42784,11.9564],[124.4283,11.95632],[124.42872,11.95649],[124.42901,11.95688],[124.42917,11.95748],[124.42918,11.95819],[124.42888,11.95921],[124.42878,11.95975],[124.42885,11.96044],[124.42927,11.96155],[124.4295,11.96233],[124.42988,11.96329],[124.43062,11.96452],[124.43121,11.96519],[124.43144,11.96566],[124.43202,11.96595],[124.43307,11.96634],[124.4336,11.96662],[124.43387,11.96688],[124.43408,11.96794],[124.4343,11.96853],[124.43428,11.96931],[124.43459,11.97013],[124.4354,11.97123],[124.43567,11.97119],[124.43598,11.97163],[124.43521,11.97223],[124.43495,11.9728],[124.43494,11.97326],[124.43538,11.9744],[124.43568,11.97468],[124.43619,11.97536],[124.43664,11.97545],[124.43684,11.97581],[124.43641,11.97608],[124.43635,11.97636],[124.43634,11.97747],[124.43605,11.97774],[124.4353,11.97804],[124.43471,11.97846],[124.43422,11.97902],[124.43403,11.97954],[124.43382,11.98063],[124.43308,11.98151],[124.43271,11.9818],[124.43226,11.98233],[124.43164,11.98276],[124.431,11.98364],[124.43081,11.98377],[124.43061,11.98433],[124.43066,11.98491],[124.4302,11.98533],[124.42981,11.98601],[124.42972,11.98637],[124.42963,11.98833],[124.42891,11.98855],[124.42844,11.98814],[124.42806,11.98797],[124.42656,11.98751],[124.42604,11.98747],[124.42511,11.98774],[124.42471,11.9883],[124.42471,11.9886],[124.42446,11.98884],[124.42359,11.98883],[124.42327,11.98936],[124.42308,11.98949],[124.42267,11.99054],[124.42256,11.99131],[124.42261,11.9916],[124.42222,11.99204],[124.42191,11.99183],[124.42089,11.99075],[124.4206,11.99049],[124.4193,11.98978],[124.41827,11.98977],[124.41743,11.99008],[124.41685,11.99057],[124.4161,11.99075],[124.4159,11.9906],[124.41544,11.99058],[124.41518,11.99081],[124.4145,11.99059],[124.41419,11.99038],[124.41419,11.99008],[124.41365,11.989],[124.41339,11.98857],[124.41257,11.98782],[124.41174,11.98735],[124.41144,11.98739],[124.41108,11.98769],[124.41055,11.98764],[124.41049,11.98741],[124.41018,11.98728],[124.4098,11.98734],[124.4096,11.98617],[124.40931,11.98558],[124.40854,11.98513],[124.40815,11.98533],[124.40793,11.98564],[124.40721,11.98617],[124.40681,11.98617],[124.40557,11.98585],[124.40458,11.98599],[124.40384,11.98569],[124.40403,11.98524],[124.40388,11.98492],[124.40293,11.98518],[124.40315,11.98437],[124.4036,11.98414],[124.4039,11.98374],[124.40446,11.98323],[124.40465,11.98289],[124.40501,11.98277],[124.4052,11.98249],[124.40629,11.98195],[124.40672,11.98202],[124.40775,11.98107],[124.40824,11.98091],[124.40906,11.98082],[124.4095,11.97988],[124.40951,11.9792],[124.40939,11.97885],[124.40913,11.97869],[124.40872,11.97874],[124.40855,11.97834],[124.40892,11.97806],[124.40888,11.97761],[124.40864,11.97744],[124.40831,11.97666],[124.40825,11.97602],[124.40789,11.97484],[124.40741,11.97403],[124.40684,11.97289],[124.40626,11.97223],[124.40611,11.97204],[124.406,11.97148],[124.40647,11.97041],[124.40649,11.96993],[124.4063,11.96897],[124.40586,11.96826],[124.40555,11.96797],[124.4047,11.96788],[124.40452,11.96802],[124.40372,11.96777],[124.40357,11.96755],[124.40369,11.96712],[124.40354,11.96678],[124.40369,11.96646],[124.40401,11.96615],[124.40477,11.96572],[124.40529,11.96562],[124.40552,11.96574],[124.40696,11.96469],[124.40748,11.96442],[124.40839,11.96371],[124.409,11.9629],[124.40896,11.96272]]],[[[124.41835,11.90449],[124.41814,11.90394],[124.41771,11.90363],[124.41714,11.90281],[124.41641,11.90237],[124.41603,11.9023],[124.41584,11.90202],[124.41614,11.90167],[124.41593,11.90098],[124.41472,11.9002],[124.41462,11.89959],[124.4144,11.89933],[124.41394,11.89908],[124.41384,11.89884],[124.41345,11.89864],[124.41351,11.89844],[124.41299,11.89824],[124.41271,11.89797],[124.4122,11.89783],[124.41155,11.89749],[124.41106,11.89748],[124.41174,11.89658],[124.41233,11.8968],[124.41256,11.89675],[124.41305,11.89691],[124.41354,11.89689],[124.4139,11.89716],[124.41407,11.89706],[124.41521,11.89704],[124.41555,11.89646],[124.41561,11.89621],[124.41504,11.8952],[124.415,11.89487],[124.41545,11.89448],[124.41538,11.8942],[124.4151,11.89405],[124.41535,11.89363],[124.41592,11.89358],[124.41629,11.8933],[124.41686,11.89268],[124.41699,11.89205],[124.41672,11.89169],[124.41658,11.89096],[124.4168,11.89078],[124.41719,11.89099],[124.41745,11.89087],[124.41791,11.8911],[124.41806,11.8909],[124.41854,11.89132],[124.41908,11.8912],[124.41981,11.89138],[124.42058,11.89139],[124.42098,11.89151],[124.42178,11.89147],[124.42221,11.89123],[124.42256,11.8908],[124.4234,11.89081],[124.42375,11.89051],[124.42451,11.89058],[124.42476,11.89036],[124.42483,11.88998],[124.42468,11.88957],[124.42517,11.88896],[124.42514,11.8885],[124.42543,11.88853],[124.42584,11.88916],[124.42656,11.88899],[124.42703,11.8886],[124.42762,11.8878],[124.42804,11.88742],[124.42882,11.88771],[124.4292,11.88766],[124.43013,11.88735],[124.43132,11.88666],[124.43298,11.88578],[124.43331,11.88564],[124.4342,11.88554],[124.43452,11.8855],[124.43603,11.88563],[124.43971,11.88531],[124.44084,11.88515],[124.44252,11.88485],[124.44309,11.88462],[124.4437,11.88423],[124.44414,11.88406],[124.44473,11.88365],[124.44557,11.88293],[124.44638,11.88214],[124.44757,11.88087],[124.4485,11.88003],[124.44901,11.87973],[124.45022,11.87969],[124.45149,11.87995],[124.45271,11.88056],[124.45312,11.88095],[124.45378,11.88189],[124.45471,11.88357],[124.45521,11.88434],[124.45643,11.88537],[124.45797,11.88656],[124.45848,11.88679],[124.45903,11.88691],[124.45998,11.88695],[124.4606,11.88678],[124.46193,11.88685],[124.46281,11.88711],[124.46392,11.88735],[124.46481,11.88788],[124.46534,11.88832],[124.46571,11.88878],[124.46612,11.88954],[124.46655,11.88989],[124.46698,11.89072],[124.467,11.89114],[124.46685,11.89203],[124.4667,11.89233],[124.46622,11.89283],[124.46532,11.89314],[124.4641,11.89328],[124.46339,11.89341],[124.46246,11.89392],[124.46205,11.89433],[124.46118,11.89579],[124.46055,11.89752],[124.46002,11.8985],[124.46036,11.89963],[124.46058,11.9],[124.4608,11.89994],[124.46143,11.90005],[124.46181,11.9002],[124.46208,11.9005],[124.46268,11.90184],[124.46301,11.90252],[124.46326,11.90397],[124.46311,11.90549],[124.46281,11.90621],[124.46254,11.90657],[124.46224,11.90747],[124.46214,11.9076],[124.462,11.90864],[124.46198,11.90938],[124.46223,11.91025],[124.46264,11.91091],[124.46279,11.91139],[124.46249,11.91241],[124.46201,11.91331],[124.46151,11.91465],[124.46092,11.91527],[124.46068,11.91631],[124.46031,11.91679],[124.45971,11.91721],[124.45952,11.91756],[124.45901,11.91809],[124.45831,11.919],[124.45814,11.91995],[124.45712,11.9205],[124.45639,11.92113],[124.45626,11.92163],[124.45563,11.92255],[124.45509,11.92316],[124.45505,11.92348],[124.45474,11.92404],[124.45448,11.92526],[124.45423,11.92592],[124.4539,11.92649],[124.45349,11.92761],[124.45362,11.92931],[124.45335,11.93026],[124.45268,11.93108],[124.45219,11.93149],[124.45193,11.93158],[124.451,11.93166],[124.45063,11.93142],[124.45011,11.93084],[124.44984,11.93032],[124.44986,11.92999],[124.4503,11.92982],[124.45091,11.93015],[124.45108,11.92966],[124.45176,11.92914],[124.45195,11.92865],[124.45229,11.92844],[124.45223,11.92776],[124.45252,11.92736],[124.45263,11.92692],[124.45195,11.9262],[124.45139,11.92504],[124.45111,11.92475],[124.4504,11.9255],[124.45017,11.92603],[124.44992,11.92616],[124.45005,11.92668],[124.4499,11.92684],[124.45005,11.92717],[124.44947,11.92728],[124.44965,11.92766],[124.44895,11.92733],[124.44823,11.92756],[124.44771,11.92844],[124.44737,11.92876],[124.44693,11.9296],[124.44613,11.93039],[124.44555,11.93069],[124.44532,11.9311],[124.44509,11.93117],[124.44486,11.93162],[124.44433,11.93185],[124.44406,11.93229],[124.444,11.93268],[124.44373,11.93313],[124.44355,11.93306],[124.44319,11.93237],[124.44232,11.93158],[124.44142,11.93157],[124.44069,11.93135],[124.44007,11.93103],[124.43966,11.93092],[124.43937,11.93069],[124.43902,11.9302],[124.43884,11.92964],[124.43876,11.92905],[124.43814,11.92749],[124.43772,11.92686],[124.4371,11.92672],[124.43628,11.92619],[124.43577,11.92598],[124.43497,11.92555],[124.4342,11.92497],[124.43366,11.9247],[124.43349,11.92451],[124.43259,11.92408],[124.43171,11.92348],[124.43129,11.92277],[124.43123,11.92245],[124.43053,11.9216],[124.43007,11.92117],[124.4297,11.92095],[124.42904,11.92068],[124.42815,11.92067],[124.42709,11.92116],[124.42596,11.92156],[124.42546,11.92167],[124.42404,11.92164],[124.42337,11.92146],[124.42246,11.92091],[124.42213,11.92054],[124.42165,11.91925],[124.42169,11.91872],[124.42223,11.918],[124.42251,11.91653],[124.42262,11.91563],[124.42282,11.91511],[124.42269,11.9147],[124.42248,11.91475],[124.42201,11.91371],[124.42162,11.9131],[124.42131,11.91221],[124.42048,11.91118],[124.42019,11.91064],[124.42029,11.90975],[124.42041,11.90965],[124.42053,11.90888],[124.42039,11.9083],[124.4202,11.90715],[124.41984,11.90665],[124.41929,11.90611],[124.4187,11.90579],[124.41823,11.90637],[124.41797,11.90522],[124.41839,11.90513],[124.41835,11.90449]]],[[[124.40622,11.92887],[124.40561,11.92877],[124.40483,11.92846],[124.40469,11.92802],[124.40494,11.92779],[124.40508,11.92727],[124.40584,11.92698],[124.40667,11.92688],[124.40735,11.92703],[124.40778,11.92724],[124.40733,11.92789],[124.40714,11.92833],[124.40661,11.92891],[124.40622,11.92887]]]]}},{"type":"Feature","properties":{"code":"0804822000","name":"Silvino Lobos","kind":"Municipality","provinceCode":"0804800000","province":"Northern Samar","areaKm2":256,"labelPoint":[124.84636,12.27845]},"geometry":{"type":"Polygon","coordinates":[[[124.79222,12.24087],[124.80559,12.23544],[124.81639,12.23008],[124.8195,12.22877],[124.8363,12.22073],[124.84402,12.21766],[124.83779,12.19632],[124.83217,12.17438],[124.85168,12.14631],[124.85798,12.13755],[124.86184,12.14976],[124.86418,12.15534],[124.86832,12.16527],[124.87908,12.18744],[124.88593,12.20276],[124.89046,12.21085],[124.90075,12.23328],[124.90727,12.25233],[124.90068,12.2632],[124.91156,12.27576],[124.92354,12.28959],[124.93415,12.3028],[124.94837,12.32117],[124.95458,12.33623],[124.95777,12.34395],[124.92765,12.35091],[124.90724,12.36689],[124.88749,12.38266],[124.86991,12.37395],[124.85622,12.3672],[124.83828,12.35838],[124.82473,12.34165],[124.82014,12.3359],[124.8112,12.3249],[124.80446,12.31652],[124.79958,12.31046],[124.79166,12.30074],[124.77951,12.28572],[124.75239,12.26223],[124.77549,12.24985],[124.79222,12.24087]]]}},{"type":"Feature","properties":{"code":"0802622000","name":"Sulat","kind":"Municipality","provinceCode":"0802600000","province":"Eastern Samar","areaKm2":128,"labelPoint":[125.40756,11.82688]},"geometry":{"type":"MultiPolygon","coordinates":[[[[125.41263,11.79983],[125.42088,11.80007],[125.43474,11.78026],[125.43979,11.77286],[125.44038,11.77368],[125.44052,11.77399],[125.44052,11.77438],[125.44037,11.77461],[125.44044,11.77494],[125.43994,11.77544],[125.43953,11.77605],[125.43902,11.77624],[125.43926,11.77653],[125.43917,11.777],[125.43873,11.77721],[125.43854,11.7775],[125.43842,11.77837],[125.43848,11.77874],[125.43841,11.77963],[125.43852,11.78028],[125.43913,11.78026],[125.43891,11.78089],[125.43918,11.78113],[125.43963,11.78126],[125.4402,11.7811],[125.44027,11.78129],[125.44081,11.78123],[125.44089,11.78106],[125.44341,11.78109],[125.44395,11.78107],[125.44427,11.78086],[125.44479,11.78028],[125.44478,11.77973],[125.44451,11.77941],[125.44418,11.77933],[125.4439,11.77893],[125.44393,11.77711],[125.44418,11.77646],[125.44451,11.7761],[125.44521,11.77626],[125.44547,11.77548],[125.44583,11.77504],[125.44582,11.77468],[125.44556,11.77407],[125.44562,11.77344],[125.44544,11.77321],[125.44573,11.77278],[125.4464,11.77301],[125.44677,11.77273],[125.44706,11.77227],[125.44802,11.77165],[125.44849,11.77146],[125.44874,11.77109],[125.44907,11.77093],[125.4494,11.77107],[125.44936,11.77163],[125.45045,11.77187],[125.45084,11.77175],[125.45073,11.77136],[125.45111,11.7712],[125.45154,11.77154],[125.45215,11.7718],[125.45298,11.77251],[125.4537,11.77284],[125.45429,11.77336],[125.45486,11.77356],[125.4553,11.77357],[125.45576,11.77388],[125.45598,11.7737],[125.45625,11.77317],[125.45689,11.77244],[125.45718,11.77228],[125.45775,11.77152],[125.45817,11.77129],[125.45901,11.77125],[125.45947,11.77141],[125.4599,11.7713],[125.46017,11.77155],[125.4604,11.77153],[125.4606,11.77194],[125.46094,11.77201],[125.46104,11.77235],[125.46086,11.77248],[125.46123,11.77251],[125.46125,11.77209],[125.4617,11.77197],[125.46241,11.77227],[125.4626,11.77266],[125.46316,11.77332],[125.46333,11.77385],[125.46319,11.77405],[125.46354,11.77464],[125.46393,11.77489],[125.46428,11.77544],[125.46467,11.77628],[125.46512,11.77629],[125.46554,11.77643],[125.46571,11.77673],[125.46567,11.7772],[125.4655,11.77728],[125.46571,11.77779],[125.46659,11.77854],[125.46747,11.77826],[125.4678,11.77842],[125.4683,11.77907],[125.46858,11.77959],[125.46909,11.78011],[125.4698,11.78103],[125.47141,11.78245],[125.47204,11.78351],[125.47287,11.78568],[125.47373,11.78888],[125.47382,11.79169],[125.47409,11.79282],[125.47409,11.79379],[125.47388,11.79492],[125.47386,11.79571],[125.47368,11.7964],[125.47377,11.7968],[125.47353,11.79724],[125.47321,11.79829],[125.47289,11.7985],[125.47234,11.79915],[125.4722,11.79917],[125.47182,11.79873],[125.47151,11.79867],[125.47105,11.79916],[125.47025,11.79948],[125.46984,11.79981],[125.46903,11.80079],[125.46763,11.8021],[125.46669,11.80338],[125.46623,11.80393],[125.46558,11.80427],[125.46541,11.80426],[125.46502,11.80508],[125.4649,11.80519],[125.46448,11.80601],[125.46454,11.8065],[125.46481,11.80655],[125.46494,11.80704],[125.46519,11.8073],[125.46476,11.80778],[125.46485,11.80799],[125.46526,11.80811],[125.46512,11.80845],[125.46539,11.80882],[125.46519,11.80927],[125.46493,11.80927],[125.46495,11.80996],[125.46524,11.81054],[125.46541,11.81112],[125.46571,11.81114],[125.46584,11.81164],[125.46532,11.81319],[125.46487,11.81371],[125.46503,11.81408],[125.46458,11.81496],[125.46452,11.81566],[125.46472,11.81609],[125.46466,11.81638],[125.46416,11.81641],[125.46343,11.8165],[125.46338,11.81677],[125.46253,11.81719],[125.46202,11.81754],[125.46118,11.81838],[125.4608,11.81894],[125.45992,11.81946],[125.4589,11.81968],[125.45829,11.82025],[125.45812,11.81961],[125.45766,11.8196],[125.45749,11.81988],[125.45713,11.81978],[125.45676,11.81943],[125.45652,11.81869],[125.45576,11.81797],[125.45535,11.81775],[125.45499,11.81742],[125.4549,11.81711],[125.4544,11.81688],[125.45397,11.81648],[125.45364,11.81634],[125.45335,11.816],[125.45286,11.81587],[125.45263,11.81602],[125.45219,11.81546],[125.45185,11.81466],[125.45186,11.81417],[125.45091,11.81439],[125.45123,11.81512],[125.45161,11.81578],[125.45171,11.81622],[125.45125,11.81617],[125.45039,11.81626],[125.4487,11.81694],[125.44841,11.81711],[125.44701,11.81768],[125.44582,11.81812],[125.44454,11.81871],[125.44276,11.81973],[125.44152,11.8202],[125.44081,11.82066],[125.43977,11.82118],[125.43937,11.82118],[125.43906,11.821],[125.43874,11.82125],[125.4385,11.82198],[125.43803,11.82249],[125.43726,11.82337],[125.43664,11.82439],[125.43617,11.82547],[125.43581,11.82586],[125.43566,11.82622],[125.43561,11.8267],[125.43532,11.82733],[125.43526,11.82798],[125.43553,11.82965],[125.43563,11.83071],[125.436,11.8319],[125.43607,11.83287],[125.4365,11.83333],[125.43669,11.83373],[125.43677,11.8347],[125.43689,11.83522],[125.43689,11.83608],[125.43702,11.83663],[125.43739,11.83745],[125.43805,11.83834],[125.43859,11.83923],[125.43892,11.83956],[125.43934,11.83965],[125.43941,11.83995],[125.43897,11.83993],[125.43863,11.84064],[125.43867,11.84147],[125.43884,11.84163],[125.43943,11.84155],[125.43926,11.84202],[125.43849,11.84244],[125.43787,11.84339],[125.43754,11.84371],[125.43733,11.84422],[125.43673,11.84469],[125.43636,11.84536],[125.436,11.84576],[125.43544,11.84602],[125.43579,11.8466],[125.43573,11.84704],[125.43593,11.84716],[125.43593,11.84771],[125.43536,11.8478],[125.43532,11.84838],[125.43546,11.84853],[125.43534,11.84901],[125.43558,11.85004],[125.43584,11.85065],[125.43576,11.85079],[125.43609,11.85122],[125.43691,11.85158],[125.43713,11.85228],[125.437,11.85265],[125.43706,11.85311],[125.43674,11.8536],[125.43632,11.85403],[125.43585,11.85408],[125.43566,11.85498],[125.43545,11.85516],[125.43533,11.85679],[125.43521,11.85766],[125.43542,11.85803],[125.4354,11.85834],[125.43585,11.85902],[125.43633,11.86001],[125.43705,11.86019],[125.43734,11.86047],[125.43781,11.86039],[125.43825,11.86052],[125.4386,11.8608],[125.43864,11.8612],[125.43896,11.86117],[125.43896,11.86164],[125.4385,11.86179],[125.4386,11.86245],[125.43905,11.8626],[125.43882,11.86305],[125.43907,11.86346],[125.43951,11.86341],[125.43974,11.86386],[125.44044,11.86422],[125.4407,11.8647],[125.43636,11.86474],[125.41849,11.86202],[125.40998,11.86082],[125.38874,11.84758],[125.36444,11.83248],[125.34774,11.81235],[125.33761,11.79921],[125.3271,11.78678],[125.29521,11.77018],[125.2705,11.75731],[125.27126,11.75347],[125.279,11.71447],[125.29521,11.72483],[125.35185,11.761],[125.38542,11.78538],[125.39482,11.79224],[125.41263,11.79983]]],[[[125.46878,11.86233],[125.46808,11.86229],[125.4673,11.86184],[125.46687,11.86178],[125.46597,11.86086],[125.46533,11.86008],[125.46447,11.85984],[125.464,11.85951],[125.46302,11.85913],[125.46288,11.85866],[125.46305,11.85797],[125.46219,11.85744],[125.46134,11.85661],[125.46048,11.85631],[125.45958,11.85624],[125.45836,11.85649],[125.45764,11.85709],[125.45645,11.85779],[125.4561,11.85804],[125.45552,11.85806],[125.45485,11.85846],[125.45369,11.85941],[125.45326,11.85956],[125.45199,11.85944],[125.45134,11.85943],[125.45098,11.85908],[125.45063,11.8586],[125.45041,11.8576],[125.45052,11.85678],[125.45017,11.856],[125.44944,11.85536],[125.44968,11.85522],[125.45038,11.85555],[125.45082,11.85485],[125.45095,11.85443],[125.45097,11.85372],[125.45156,11.85361],[125.45185,11.85295],[125.45167,11.85185],[125.45221,11.85136],[125.45284,11.85121],[125.45324,11.85061],[125.45364,11.85074],[125.45436,11.85069],[125.45554,11.85049],[125.45657,11.85063],[125.45777,11.85138],[125.45961,11.85164],[125.46082,11.85164],[125.4611,11.85199],[125.46146,11.85207],[125.46226,11.85281],[125.46225,11.85339],[125.46292,11.85404],[125.46443,11.85505],[125.46509,11.85532],[125.46637,11.85552],[125.46666,11.85529],[125.46701,11.85535],[125.46783,11.85513],[125.4687,11.8546],[125.46901,11.85429],[125.46925,11.8537],[125.46948,11.85337],[125.47055,11.85285],[125.47148,11.85215],[125.47242,11.8516],[125.4731,11.85146],[125.47339,11.85129],[125.4737,11.85056],[125.47417,11.85016],[125.47476,11.85024],[125.47534,11.84985],[125.47528,11.84936],[125.47547,11.84921],[125.47573,11.84956],[125.47627,11.84935],[125.4764,11.84967],[125.47677,11.8497],[125.47707,11.84996],[125.47734,11.85055],[125.47796,11.85109],[125.47866,11.85192],[125.47876,11.85238],[125.47906,11.85259],[125.47928,11.85323],[125.47926,11.85443],[125.47905,11.85527],[125.47892,11.85605],[125.47851,11.85718],[125.47792,11.85818],[125.47755,11.85867],[125.4763,11.85994],[125.47538,11.86064],[125.4749,11.86072],[125.47431,11.86104],[125.47389,11.86117],[125.4736,11.86141],[125.47289,11.86162],[125.47226,11.8619],[125.47113,11.86215],[125.47021,11.86229],[125.46941,11.86227],[125.46878,11.86233]]],[[[125.45873,11.86663],[125.45936,11.86714],[125.45949,11.86745],[125.45939,11.86825],[125.45895,11.8689],[125.45832,11.86923],[125.45766,11.86926],[125.4572,11.86908],[125.45684,11.86879],[125.45646,11.86797],[125.45593,11.86771],[125.45581,11.86741],[125.45433,11.86624],[125.45396,11.86607],[125.4532,11.86539],[125.45299,11.86503],[125.45207,11.86408],[125.45214,11.86381],[125.4526,11.86397],[125.45312,11.86368],[125.45399,11.86391],[125.45433,11.86392],[125.45481,11.86336],[125.45548,11.86317],[125.45612,11.86291],[125.45662,11.8626],[125.4571,11.86246],[125.45816,11.86243],[125.45873,11.86273],[125.45859,11.86326],[125.45834,11.86325],[125.45769,11.86464],[125.4574,11.86505],[125.45763,11.86526],[125.45741,11.86639],[125.45787,11.86654],[125.45834,11.86649],[125.45873,11.86663]]],[[[125.46879,11.88064],[125.46814,11.88078],[125.46768,11.8807],[125.4673,11.88038],[125.46672,11.88009],[125.46596,11.87953],[125.46546,11.87906],[125.46518,11.87854],[125.46484,11.87762],[125.46516,11.87707],[125.46555,11.87689],[125.46626,11.87641],[125.46694,11.87621],[125.46788,11.87626],[125.46868,11.87613],[125.46912,11.87624],[125.46964,11.87654],[125.46976,11.87674],[125.47058,11.87727],[125.47076,11.87794],[125.47064,11.87879],[125.46973,11.88052],[125.46929,11.8805],[125.46879,11.88064]]]]}},{"type":"Feature","properties":{"code":"0802623000","name":"Taft","kind":"Municipality","provinceCode":"0802600000","province":"Eastern Samar","areaKm2":243,"labelPoint":[125.36053,11.89096]},"geometry":{"type":"Polygon","coordinates":[[[125.4201,11.96451],[125.41398,11.96537],[125.39334,11.96693],[125.38081,11.96661],[125.368,11.95428],[125.33841,11.93792],[125.32681,11.93133],[125.31247,11.91527],[125.296,11.90132],[125.2862,11.89339],[125.2622,11.8775],[125.25329,11.87215],[125.25418,11.86961],[125.26881,11.82775],[125.26973,11.78929],[125.27021,11.76944],[125.2705,11.75731],[125.29521,11.77018],[125.3271,11.78678],[125.33761,11.79921],[125.34774,11.81235],[125.36444,11.83248],[125.38874,11.84758],[125.40998,11.86082],[125.41849,11.86202],[125.43636,11.86474],[125.4407,11.8647],[125.44111,11.86505],[125.44189,11.86534],[125.44221,11.86573],[125.44256,11.86675],[125.44261,11.86744],[125.44298,11.8678],[125.44303,11.868],[125.44342,11.86833],[125.44377,11.86924],[125.44351,11.86968],[125.44349,11.86999],[125.44298,11.87067],[125.44232,11.87087],[125.44206,11.87112],[125.44153,11.87071],[125.44125,11.87021],[125.44133,11.87002],[125.44088,11.86981],[125.43887,11.86964],[125.43819,11.86952],[125.43796,11.86958],[125.43667,11.86944],[125.43581,11.86916],[125.43528,11.86905],[125.43501,11.86931],[125.43472,11.86897],[125.43443,11.86904],[125.43414,11.87022],[125.43215,11.87083],[125.43106,11.87149],[125.4306,11.87197],[125.42896,11.87437],[125.4283,11.87545],[125.42811,11.87606],[125.428,11.87708],[125.42815,11.87884],[125.42755,11.88023],[125.4274,11.8808],[125.42612,11.88275],[125.42571,11.88343],[125.42566,11.88388],[125.42568,11.8849],[125.42557,11.88573],[125.42567,11.88588],[125.42541,11.88628],[125.42524,11.88687],[125.4252,11.88743],[125.42467,11.88765],[125.42485,11.88807],[125.42509,11.88829],[125.42486,11.88871],[125.42448,11.88903],[125.42377,11.88942],[125.42273,11.8901],[125.42172,11.89102],[125.42127,11.89163],[125.42096,11.8923],[125.4206,11.89337],[125.42046,11.89429],[125.42041,11.8954],[125.42052,11.89631],[125.42075,11.89737],[125.42114,11.89818],[125.42126,11.89875],[125.4216,11.89937],[125.42197,11.90043],[125.42224,11.90066],[125.42289,11.90087],[125.42245,11.90136],[125.42239,11.90157],[125.42246,11.90251],[125.42234,11.90281],[125.42199,11.90299],[125.42153,11.90344],[125.42083,11.90378],[125.42059,11.90399],[125.42014,11.90472],[125.42056,11.90514],[125.42089,11.90547],[125.42126,11.9051],[125.42184,11.90527],[125.42216,11.90502],[125.42363,11.90508],[125.42404,11.90494],[125.42435,11.90519],[125.4257,11.90496],[125.4267,11.90526],[125.4272,11.90526],[125.42733,11.90489],[125.42755,11.90479],[125.42797,11.90426],[125.42822,11.90435],[125.42858,11.90399],[125.42931,11.90466],[125.42967,11.9053],[125.42965,11.90569],[125.42932,11.9059],[125.42919,11.90647],[125.42897,11.90671],[125.42838,11.90708],[125.42785,11.90715],[125.4276,11.9073],[125.42741,11.90763],[125.4269,11.90779],[125.4264,11.90818],[125.42625,11.90804],[125.42486,11.9084],[125.42481,11.90861],[125.42447,11.90879],[125.42432,11.90922],[125.42385,11.90952],[125.4239,11.90998],[125.42382,11.91032],[125.42441,11.91051],[125.42376,11.91115],[125.42383,11.91169],[125.42401,11.91194],[125.42373,11.9121],[125.42332,11.91254],[125.42261,11.91297],[125.42295,11.91338],[125.42418,11.91337],[125.42478,11.91367],[125.4253,11.9143],[125.42513,11.9147],[125.42472,11.9153],[125.42444,11.91533],[125.42423,11.91557],[125.4236,11.91668],[125.42374,11.91697],[125.42323,11.91726],[125.42394,11.91758],[125.42366,11.91785],[125.42402,11.91826],[125.42383,11.91881],[125.42435,11.91911],[125.4243,11.91988],[125.42436,11.92045],[125.42428,11.92085],[125.42518,11.92078],[125.42562,11.92016],[125.4264,11.92036],[125.42678,11.92021],[125.42725,11.92031],[125.42779,11.92028],[125.42875,11.92078],[125.42912,11.92086],[125.42949,11.92113],[125.42981,11.92187],[125.43004,11.92215],[125.43023,11.92266],[125.43019,11.9231],[125.42979,11.92379],[125.42954,11.92404],[125.42931,11.92367],[125.42964,11.92323],[125.42979,11.92274],[125.42926,11.92255],[125.42959,11.92208],[125.42901,11.9215],[125.42887,11.9217],[125.42898,11.92226],[125.42892,11.92258],[125.4287,11.92277],[125.42871,11.9231],[125.42845,11.92324],[125.4277,11.92414],[125.42798,11.92408],[125.42859,11.92418],[125.4286,11.92462],[125.42824,11.92463],[125.42736,11.925],[125.42621,11.92517],[125.42559,11.92497],[125.42544,11.92475],[125.4249,11.92469],[125.42426,11.92494],[125.42375,11.92477],[125.42313,11.92502],[125.42245,11.92594],[125.42226,11.92658],[125.42267,11.92691],[125.42258,11.92707],[125.423,11.92766],[125.42291,11.92892],[125.42273,11.92936],[125.42243,11.92968],[125.42255,11.92998],[125.42308,11.93015],[125.42339,11.93013],[125.4236,11.93031],[125.42398,11.93032],[125.42387,11.93066],[125.42409,11.93092],[125.42416,11.93149],[125.42443,11.93168],[125.42478,11.93156],[125.42508,11.93128],[125.42537,11.93155],[125.42544,11.93111],[125.42566,11.93113],[125.42576,11.93178],[125.42561,11.93212],[125.42579,11.93275],[125.42604,11.93262],[125.42615,11.93301],[125.42686,11.93297],[125.42697,11.93318],[125.4274,11.93299],[125.42795,11.93332],[125.42872,11.93338],[125.4291,11.93349],[125.42942,11.93331],[125.4299,11.93433],[125.43038,11.93456],[125.43078,11.93457],[125.43236,11.93521],[125.43332,11.93548],[125.43365,11.93618],[125.43337,11.93648],[125.43317,11.93733],[125.43337,11.93751],[125.43363,11.938],[125.43343,11.9382],[125.43305,11.93822],[125.43254,11.9386],[125.43206,11.93858],[125.43175,11.93892],[125.43119,11.93901],[125.43085,11.93925],[125.43034,11.93906],[125.4302,11.93935],[125.43079,11.94017],[125.43073,11.9407],[125.43032,11.94065],[125.43003,11.94009],[125.42943,11.93987],[125.42915,11.93959],[125.42897,11.93983],[125.42919,11.94028],[125.42913,11.94085],[125.42879,11.94103],[125.42901,11.94141],[125.42923,11.94149],[125.42905,11.94214],[125.42864,11.94248],[125.42824,11.94248],[125.42864,11.94304],[125.42905,11.9429],[125.42918,11.94323],[125.42947,11.94319],[125.42979,11.94353],[125.42955,11.94421],[125.42951,11.94457],[125.42984,11.9447],[125.42957,11.94497],[125.43003,11.94516],[125.43035,11.94498],[125.43126,11.94484],[125.43171,11.94517],[125.43222,11.94514],[125.43231,11.94588],[125.43207,11.94653],[125.43171,11.94663],[125.43131,11.94699],[125.43146,11.94758],[125.43122,11.94764],[125.43116,11.94804],[125.43135,11.94821],[125.43155,11.94896],[125.4315,11.94927],[125.4317,11.94988],[125.43168,11.95018],[125.43133,11.95064],[125.43118,11.95109],[125.431,11.95119],[125.43063,11.95216],[125.43029,11.95229],[125.4297,11.95302],[125.42914,11.95308],[125.42797,11.953],[125.42785,11.95282],[125.42738,11.95309],[125.42676,11.9538],[125.42643,11.95407],[125.42618,11.95474],[125.42672,11.95473],[125.42654,11.95509],[125.42629,11.95509],[125.42623,11.95587],[125.42639,11.95631],[125.42695,11.957],[125.42748,11.95735],[125.42819,11.95763],[125.42865,11.95858],[125.42959,11.95931],[125.43041,11.95956],[125.43056,11.95968],[125.43191,11.96024],[125.43181,11.95951],[125.43212,11.95962],[125.43239,11.95974],[125.4318,11.96049],[125.43083,11.96122],[125.4201,11.96451]]]}},{"type":"Feature","properties":{"code":"0806024000","name":"Tagapul-an","kind":"Municipality","provinceCode":"0806000000","province":"Samar Province","areaKm2":29,"labelPoint":[124.18451,12.06327]},"geometry":{"type":"MultiPolygon","coordinates":[[[[124.19446,12.04749],[124.19471,12.04728],[124.19509,12.04751],[124.19524,12.04711],[124.19593,12.04661],[124.19646,12.04635],[124.19723,12.04624],[124.19735,12.04642],[124.19798,12.04655],[124.19839,12.04684],[124.19886,12.04655],[124.19931,12.04742],[124.19969,12.04766],[124.20052,12.04802],[124.20112,12.04816],[124.20172,12.04808],[124.20197,12.04794],[124.2021,12.0485],[124.2025,12.04893],[124.20245,12.04917],[124.20249,12.05015],[124.20237,12.05032],[124.2024,12.05082],[124.20216,12.05102],[124.20186,12.05165],[124.2018,12.05232],[124.20192,12.05342],[124.20262,12.05425],[124.20311,12.05462],[124.20377,12.05486],[124.20438,12.05492],[124.20501,12.05489],[124.20543,12.05461],[124.20552,12.05503],[124.20573,12.05504],[124.20599,12.05587],[124.20627,12.0561],[124.20682,12.05623],[124.20721,12.05623],[124.20815,12.05572],[124.20844,12.05573],[124.20901,12.05546],[124.20931,12.05496],[124.20987,12.05432],[124.20996,12.05455],[124.20969,12.0552],[124.20983,12.05607],[124.2097,12.0564],[124.2099,12.05669],[124.20982,12.05717],[124.21,12.05742],[124.21044,12.05846],[124.21069,12.05877],[124.21078,12.05922],[124.21101,12.05937],[124.21126,12.06034],[124.21199,12.06114],[124.2125,12.06131],[124.21283,12.06187],[124.21281,12.06222],[124.21259,12.06276],[124.21242,12.06375],[124.21256,12.06402],[124.21306,12.06394],[124.21325,12.06445],[124.21363,12.06497],[124.21378,12.06546],[124.21408,12.06581],[124.2146,12.06624],[124.21503,12.06676],[124.21525,12.06689],[124.21583,12.06664],[124.21594,12.06599],[124.21511,12.06522],[124.21589,12.06502],[124.21613,12.06436],[124.21662,12.06439],[124.21686,12.06424],[124.21711,12.0638],[124.21704,12.06346],[124.21715,12.06299],[124.21674,12.06242],[124.21665,12.06193],[124.21687,12.06168],[124.21677,12.06127],[124.21688,12.06096],[124.21726,12.06094],[124.21737,12.06117],[124.21768,12.06107],[124.21798,12.06118],[124.21875,12.06124],[124.21908,12.06079],[124.21926,12.06061],[124.21964,12.06067],[124.22015,12.06037],[124.22033,12.05995],[124.22078,12.0593],[124.22068,12.0586],[124.22082,12.0579],[124.22126,12.05797],[124.22163,12.05894],[124.22213,12.05972],[124.22228,12.06031],[124.2229,12.06075],[124.22307,12.06119],[124.22333,12.06155],[124.2239,12.06186],[124.22388,12.06201],[124.22439,12.06237],[124.22459,12.06288],[124.22507,12.06336],[124.22578,12.06372],[124.22632,12.06386],[124.22666,12.06368],[124.22685,12.06342],[124.22676,12.06258],[124.22659,12.06233],[124.22671,12.0621],[124.22712,12.06209],[124.22767,12.06182],[124.22787,12.06113],[124.22792,12.06037],[124.22784,12.05991],[124.2278,12.0591],[124.22795,12.05883],[124.2283,12.0587],[124.22865,12.05896],[124.22871,12.05943],[124.22898,12.05952],[124.2291,12.05995],[124.22941,12.06053],[124.22994,12.06082],[124.23132,12.06101],[124.23179,12.06066],[124.23206,12.06081],[124.23243,12.06071],[124.23247,12.0605],[124.23293,12.06019],[124.23325,12.06013],[124.23356,12.05941],[124.23406,12.05951],[124.23435,12.05921],[124.23443,12.0587],[124.23467,12.05835],[124.23525,12.05786],[124.23664,12.05782],[124.23745,12.058],[124.23724,12.05859],[124.23657,12.05939],[124.23639,12.05944],[124.23589,12.05991],[124.2356,12.06055],[124.23556,12.061],[124.23569,12.06195],[124.23603,12.06286],[124.23633,12.06327],[124.23693,12.06331],[124.23695,12.06399],[124.2369,12.06465],[124.23739,12.06518],[124.23802,12.06544],[124.23899,12.06481],[124.23971,12.06456],[124.24012,12.06479],[124.24003,12.06516],[124.23977,12.0656],[124.23983,12.06587],[124.23933,12.06632],[124.23911,12.06632],[124.23846,12.06706],[124.23835,12.06751],[124.23804,12.06762],[124.23759,12.06752],[124.23684,12.06762],[124.23608,12.06795],[124.23566,12.06853],[124.23565,12.06903],[124.2361,12.06937],[124.23618,12.06974],[124.23661,12.07013],[124.23658,12.07037],[124.23622,12.07071],[124.23566,12.07089],[124.23551,12.07151],[124.23563,12.07208],[124.23593,12.07254],[124.23648,12.07292],[124.23673,12.07299],[124.23739,12.07247],[124.23756,12.07255],[124.23754,12.07315],[124.23793,12.0737],[124.23858,12.07395],[124.23947,12.07419],[124.23939,12.07435],[124.2388,12.07471],[124.23859,12.07467],[124.23792,12.07483],[124.23722,12.07522],[124.23662,12.07581],[124.23657,12.07605],[124.23671,12.07662],[124.23631,12.07685],[124.23617,12.0773],[124.2363,12.07827],[124.23645,12.07847],[124.23672,12.07953],[124.23662,12.07963],[124.23701,12.08057],[124.23706,12.08105],[124.23683,12.08219],[124.23663,12.08209],[124.23632,12.08162],[124.23581,12.08069],[124.23574,12.08037],[124.23528,12.08013],[124.23526,12.07982],[124.23456,12.07937],[124.23395,12.07915],[124.23336,12.07905],[124.23261,12.0787],[124.23178,12.07897],[124.23139,12.07917],[124.23113,12.07959],[124.23147,12.08001],[124.23127,12.08015],[124.23068,12.07957],[124.23032,12.07943],[124.23002,12.07904],[124.22944,12.07909],[124.2291,12.07934],[124.22868,12.07982],[124.2282,12.08053],[124.22766,12.08089],[124.22702,12.0811],[124.22677,12.08121],[124.22626,12.08175],[124.22586,12.08236],[124.22534,12.08188],[124.22477,12.08174],[124.22403,12.08206],[124.2236,12.08297],[124.22326,12.08307],[124.22299,12.08368],[124.22269,12.08394],[124.22219,12.0837],[124.22182,12.08374],[124.22141,12.08413],[124.22109,12.08356],[124.22106,12.08324],[124.22085,12.08287],[124.22057,12.08273],[124.21993,12.08297],[124.21944,12.08295],[124.21932,12.08267],[124.21859,12.08224],[124.21814,12.08209],[124.21778,12.08212],[124.21734,12.08195],[124.2169,12.08204],[124.21672,12.08226],[124.21631,12.08217],[124.21641,12.08109],[124.21639,12.08071],[124.21655,12.08048],[124.21664,12.0797],[124.21661,12.07865],[124.21635,12.07827],[124.21575,12.07788],[124.21501,12.0776],[124.21464,12.07762],[124.21403,12.07754],[124.214,12.07732],[124.21345,12.07715],[124.21254,12.07613],[124.21216,12.07544],[124.21197,12.07528],[124.21126,12.0753],[124.21056,12.07556],[124.21025,12.076],[124.20999,12.07658],[124.20958,12.07823],[124.20953,12.07863],[124.20932,12.07928],[124.20891,12.08022],[124.20836,12.08089],[124.2085,12.08108],[124.20812,12.08142],[124.20725,12.08077],[124.20647,12.08075],[124.20621,12.08103],[124.20575,12.08129],[124.20532,12.08118],[124.20538,12.07976],[124.20514,12.07911],[124.20456,12.07892],[124.20344,12.07895],[124.20316,12.07904],[124.20264,12.079],[124.20186,12.07872],[124.20141,12.07882],[124.20081,12.07864],[124.20038,12.07866],[124.19998,12.07865],[124.1995,12.07842],[124.19853,12.07843],[124.19795,12.07792],[124.19774,12.07794],[124.1972,12.07749],[124.19622,12.07686],[124.19592,12.07631],[124.19525,12.07633],[124.19503,12.07593],[124.1948,12.07636],[124.1943,12.07651],[124.1939,12.07684],[124.19386,12.07701],[124.19328,12.0779],[124.19301,12.07846],[124.19247,12.07885],[124.19248,12.07908],[124.19201,12.07937],[124.1918,12.07973],[124.1916,12.07972],[124.19139,12.07935],[124.19137,12.07888],[124.1915,12.07856],[124.19134,12.0783],[124.19084,12.07787],[124.18962,12.0776],[124.18916,12.07759],[124.18842,12.07782],[124.18792,12.07817],[124.18764,12.0786],[124.18754,12.07902],[124.18729,12.07958],[124.18714,12.07964],[124.18686,12.08024],[124.18687,12.0807],[124.18637,12.08141],[124.18618,12.08095],[124.18579,12.08042],[124.18523,12.08019],[124.18477,12.0801],[124.18361,12.08027],[124.18321,12.08053],[124.18282,12.0806],[124.1819,12.08108],[124.18152,12.08089],[124.18147,12.08039],[124.18122,12.08019],[124.1812,12.07991],[124.18033,12.07945],[124.1791,12.07909],[124.17795,12.07896],[124.17755,12.0792],[124.1776,12.07863],[124.17745,12.07831],[124.17706,12.07805],[124.17718,12.07728],[124.17703,12.0769],[124.17677,12.07659],[124.17637,12.07636],[124.17549,12.07553],[124.17534,12.07526],[124.17472,12.07521],[124.17373,12.0747],[124.17383,12.07439],[124.17357,12.07407],[124.17354,12.0738],[124.17308,12.07366],[124.17232,12.0738],[124.17188,12.07406],[124.1708,12.07489],[124.17071,12.07519],[124.17009,12.07575],[124.16992,12.07618],[124.16946,12.07622],[124.1692,12.07654],[124.16869,12.07641],[124.1682,12.07678],[124.168,12.07633],[124.16764,12.07638],[124.16764,12.07607],[124.16798,12.07581],[124.16807,12.07556],[124.16781,12.07512],[124.16756,12.07495],[124.16717,12.07503],[124.16706,12.07429],[124.16666,12.07383],[124.16608,12.07357],[124.16569,12.07394],[124.16554,12.0729],[124.16459,12.07226],[124.16414,12.07236],[124.16408,12.07194],[124.16458,12.07097],[124.16468,12.07058],[124.16458,12.07024],[124.16424,12.06978],[124.16378,12.06943],[124.16307,12.06966],[124.16259,12.06967],[124.16255,12.06914],[124.16265,12.06886],[124.16245,12.06861],[124.16246,12.06803],[124.16228,12.06776],[124.16183,12.06742],[124.16144,12.06758],[124.16116,12.06693],[124.16092,12.06676],[124.16015,12.0664],[124.15966,12.06631],[124.15929,12.06645],[124.15853,12.06637],[124.15795,12.06648],[124.15763,12.06592],[124.1583,12.06543],[124.15864,12.06504],[124.15892,12.0644],[124.15879,12.0639],[124.15838,12.06331],[124.15762,12.06263],[124.15722,12.06255],[124.15661,12.06261],[124.15645,12.06276],[124.15604,12.0626],[124.15581,12.06281],[124.15529,12.06275],[124.15497,12.06265],[124.15476,12.06228],[124.15431,12.06211],[124.15385,12.06208],[124.15366,12.06239],[124.15342,12.06235],[124.15289,12.06293],[124.15259,12.06315],[124.15172,12.0634],[124.15154,12.06332],[124.15078,12.06366],[124.15069,12.06333],[124.15094,12.0629],[124.15075,12.06267],[124.15009,12.06243],[124.15022,12.06222],[124.15064,12.06205],[124.15088,12.06173],[124.15101,12.06117],[124.15128,12.06097],[124.15132,12.0607],[124.15198,12.06008],[124.15248,12.05937],[124.15372,12.05832],[124.15452,12.05753],[124.15458,12.05727],[124.15531,12.05653],[124.15546,12.05628],[124.15559,12.05553],[124.15608,12.05503],[124.15614,12.05483],[124.1568,12.0543],[124.15709,12.0538],[124.15779,12.05311],[124.15841,12.05188],[124.15841,12.05162],[124.15881,12.05099],[124.15866,12.05035],[124.15802,12.04923],[124.15771,12.04931],[124.15784,12.04893],[124.15684,12.04843],[124.15647,12.04902],[124.15636,12.04934],[124.15576,12.04981],[124.15538,12.04992],[124.15512,12.0504],[124.15432,12.05084],[124.154,12.05113],[124.15342,12.05186],[124.1525,12.0526],[124.15221,12.05308],[124.15164,12.05369],[124.15091,12.0539],[124.15077,12.05385],[124.15019,12.0541],[124.14996,12.05408],[124.1498,12.05444],[124.1489,12.05474],[124.14868,12.05497],[124.14785,12.05516],[124.14787,12.05477],[124.14741,12.05422],[124.14771,12.05357],[124.14765,12.05299],[124.14796,12.05166],[124.14793,12.0512],[124.14829,12.05015],[124.14825,12.04927],[124.14792,12.04855],[124.14766,12.04817],[124.14689,12.04753],[124.14598,12.04733],[124.14568,12.04751],[124.14518,12.04678],[124.14525,12.0463],[124.14558,12.04598],[124.14589,12.0453],[124.1464,12.04481],[124.14659,12.04443],[124.14701,12.04439],[124.14747,12.04407],[124.14773,12.0435],[124.14801,12.0431],[124.14788,12.04286],[124.14818,12.04254],[124.14877,12.04235],[124.14894,12.04249],[124.14934,12.04244],[124.14975,12.04204],[124.15051,12.04247],[124.15086,12.04232],[124.15127,12.0423],[124.15137,12.04249],[124.153,12.04251],[124.15401,12.04259],[124.15571,12.04263],[124.15617,12.04294],[124.15661,12.04303],[124.15774,12.04314],[124.15928,12.04309],[124.15992,12.043],[124.16076,12.04284],[124.16206,12.04247],[124.16271,12.04222],[124.16333,12.04183],[124.16362,12.04152],[124.1637,12.04028],[124.16361,12.03997],[124.16327,12.03962],[124.16344,12.0394],[124.16394,12.0394],[124.1645,12.03931],[124.16524,12.03898],[124.166,12.03843],[124.16627,12.03801],[124.16656,12.0372],[124.16661,12.03638],[124.16644,12.03617],[124.16667,12.0358],[124.16662,12.03548],[124.16692,12.03475],[124.16681,12.03413],[124.16713,12.0336],[124.168,12.03282],[124.16822,12.03295],[124.16819,12.0334],[124.16838,12.03377],[124.16874,12.03398],[124.16962,12.03415],[124.17078,12.03425],[124.17122,12.03416],[124.17143,12.03387],[124.17168,12.03406],[124.17211,12.03398],[124.17244,12.03363],[124.17296,12.03288],[124.17358,12.03242],[124.17393,12.03231],[124.17432,12.03198],[124.17465,12.03155],[124.1749,12.03155],[124.17544,12.031],[124.17595,12.03124],[124.17671,12.03132],[124.17659,12.03165],[124.17676,12.03238],[124.17702,12.0329],[124.17732,12.03321],[124.17744,12.03379],[124.17799,12.03481],[124.17821,12.0355],[124.17808,12.03625],[124.17783,12.03699],[124.17783,12.03766],[124.17825,12.0388],[124.17862,12.03927],[124.17865,12.0396],[124.1784,12.03992],[124.1783,12.04041],[124.17847,12.04081],[124.17913,12.0416],[124.17947,12.04176],[124.17962,12.04199],[124.18036,12.04247],[124.18064,12.04254],[124.18104,12.04229],[124.18143,12.04264],[124.18097,12.04313],[124.18089,12.04374],[124.18062,12.04405],[124.1803,12.04493],[124.18026,12.04544],[124.18068,12.04689],[124.18115,12.04722],[124.18183,12.0472],[124.18228,12.04671],[124.1827,12.0465],[124.18326,12.04601],[124.18344,12.04611],[124.18378,12.04595],[124.18406,12.04559],[124.18458,12.04542],[124.18471,12.04554],[124.18528,12.04537],[124.18557,12.04582],[124.18606,12.04601],[124.18669,12.04654],[124.18756,12.04677],[124.18784,12.04707],[124.18779,12.04769],[124.18799,12.04845],[124.18845,12.04869],[124.18889,12.04877],[124.18953,12.04847],[124.18988,12.04775],[124.19041,12.04789],[124.19091,12.04783],[124.19121,12.04733],[124.19169,12.04698],[124.19233,12.04772],[124.19251,12.04782],[124.19357,12.04782],[124.19373,12.0476],[124.19446,12.04749]]],[[[124.19919,12.09671],[124.1989,12.09645],[124.19897,12.09624],[124.19857,12.096],[124.19783,12.09608],[124.19764,12.09595],[124.19647,12.09581],[124.19609,12.09585],[124.19618,12.09553],[124.19531,12.09504],[124.19464,12.09529],[124.19445,12.09502],[124.19455,12.09466],[124.19413,12.09447],[124.1941,12.09415],[124.19387,12.09383],[124.19385,12.09335],[124.19419,12.09252],[124.19392,12.09243],[124.19405,12.09188],[124.1944,12.09141],[124.19479,12.0914],[124.19511,12.09112],[124.19643,12.09076],[124.19677,12.09071],[124.19722,12.09049],[124.19752,12.09016],[124.19778,12.08954],[124.19825,12.08944],[124.19863,12.08975],[124.19966,12.09024],[124.20016,12.09061],[124.20045,12.09174],[124.20104,12.09269],[124.20126,12.09337],[124.20138,12.09538],[124.20135,12.09569],[124.20078,12.09638],[124.20042,12.09641],[124.20019,12.09663],[124.19975,12.09653],[124.19919,12.09671]]]]}},{"type":"Feature","properties":{"code":"0806019000","name":"Talalora","kind":"Municipality","provinceCode":"0806000000","province":"Samar Province","areaKm2":27,"labelPoint":[124.85143,11.51976]},"geometry":{"type":"MultiPolygon","coordinates":[[[[124.84317,11.5358],[124.84261,11.53571],[124.84134,11.5362],[124.84098,11.53661],[124.84068,11.5367],[124.84048,11.53732],[124.84081,11.53793],[124.84049,11.53826],[124.84052,11.53847],[124.84,11.53887],[124.83964,11.53898],[124.8393,11.53882],[124.83936,11.5385],[124.83927,11.53804],[124.83873,11.53771],[124.83883,11.53743],[124.8391,11.53724],[124.83929,11.53678],[124.83958,11.53639],[124.83973,11.53559],[124.8396,11.53541],[124.83974,11.53478],[124.84006,11.53436],[124.83998,11.53388],[124.84088,11.53358],[124.8414,11.53367],[124.84153,11.53335],[124.84152,11.53265],[124.8413,11.53208],[124.84163,11.53153],[124.84113,11.5312],[124.84066,11.53105],[124.84032,11.53138],[124.83882,11.53161],[124.83823,11.53196],[124.83787,11.53172],[124.83748,11.53167],[124.83714,11.5318],[124.83687,11.53172],[124.83642,11.53129],[124.83538,11.53137],[124.83499,11.53094],[124.83476,11.53047],[124.83403,11.53009],[124.83434,11.52996],[124.83483,11.53003],[124.83526,11.52896],[124.8356,11.52924],[124.83576,11.52898],[124.8354,11.5284],[124.83592,11.52685],[124.83592,11.52645],[124.83555,11.52597],[124.83491,11.52591],[124.83415,11.52572],[124.83338,11.52506],[124.83285,11.52496],[124.83233,11.52511],[124.8315,11.52567],[124.83133,11.52589],[124.83078,11.52593],[124.83046,11.52566],[124.83039,11.52542],[124.83087,11.52526],[124.83107,11.52507],[124.83107,11.52463],[124.83156,11.52412],[124.83173,11.5232],[124.83161,11.5228],[124.83131,11.52242],[124.83172,11.52227],[124.83202,11.52174],[124.83285,11.52128],[124.83326,11.52118],[124.83354,11.52141],[124.83447,11.52138],[124.83488,11.52101],[124.83561,11.52075],[124.83553,11.52021],[124.83597,11.51977],[124.83581,11.51945],[124.83596,11.51911],[124.83572,11.51816],[124.83519,11.51794],[124.83455,11.5178],[124.83413,11.51784],[124.83319,11.51769],[124.83251,11.51781],[124.83223,11.51762],[124.83223,11.51699],[124.83259,11.51653],[124.83221,11.51562],[124.83237,11.5155],[124.83213,11.5148],[124.83243,11.5147],[124.83235,11.51419],[124.83249,11.51344],[124.83241,11.51315],[124.83257,11.51276],[124.83238,11.51231],[124.83245,11.51199],[124.83229,11.51167],[124.83269,11.51126],[124.83248,11.51098],[124.83206,11.51089],[124.83118,11.50984],[124.83157,11.50965],[124.83178,11.50931],[124.83145,11.50944],[124.83115,11.50939],[124.8308,11.50954],[124.83071,11.51028],[124.83009,11.51096],[124.82994,11.51128],[124.82954,11.51147],[124.82845,11.51167],[124.8279,11.51198],[124.82762,11.51245],[124.82756,11.51298],[124.82719,11.51344],[124.82671,11.51365],[124.82633,11.51335],[124.82647,11.51292],[124.82606,11.51262],[124.82613,11.51236],[124.82603,11.51196],[124.82614,11.51166],[124.82596,11.5113],[124.82499,11.51153],[124.82479,11.51131],[124.82448,11.51142],[124.82364,11.51143],[124.82314,11.51196],[124.82245,11.51226],[124.822,11.51267],[124.82191,11.51323],[124.82174,11.51352],[124.82138,11.51345],[124.82104,11.51357],[124.82046,11.51394],[124.82052,11.51412],[124.82026,11.51463],[124.82071,11.5153],[124.82097,11.51604],[124.82079,11.5165],[124.82017,11.51659],[124.81987,11.51653],[124.81903,11.51589],[124.81921,11.51491],[124.81938,11.51471],[124.81941,11.51416],[124.81971,11.51394],[124.82035,11.51249],[124.82012,11.51198],[124.82013,11.51162],[124.8203,11.51144],[124.82076,11.51145],[124.82093,11.51126],[124.8213,11.5112],[124.82185,11.51085],[124.82216,11.50986],[124.82261,11.50957],[124.82266,11.50922],[124.82299,11.50876],[124.82329,11.508],[124.82341,11.50751],[124.8233,11.50711],[124.82373,11.50717],[124.82439,11.50643],[124.82469,11.50572],[124.82473,11.50521],[124.82539,11.50483],[124.82554,11.50425],[124.82601,11.50423],[124.82628,11.5038],[124.82655,11.50365],[124.82671,11.50333],[124.82718,11.50322],[124.82742,11.50298],[124.82788,11.50275],[124.82804,11.50234],[124.82847,11.50213],[124.82895,11.50147],[124.82953,11.50123],[124.82986,11.50095],[124.83038,11.50022],[124.83045,11.49978],[124.83096,11.49915],[124.8316,11.49869],[124.8317,11.49844],[124.83154,11.49723],[124.83092,11.49655],[124.8302,11.49625],[124.82959,11.49652],[124.82904,11.49656],[124.82778,11.49707],[124.82722,11.49721],[124.82661,11.49746],[124.82611,11.49755],[124.82467,11.49763],[124.82448,11.49771],[124.8236,11.49764],[124.823,11.49723],[124.82232,11.49694],[124.82215,11.49664],[124.82197,11.49584],[124.82214,11.49518],[124.8229,11.49431],[124.82308,11.49363],[124.82296,11.4923],[124.8227,11.49151],[124.82235,11.49106],[124.82257,11.49085],[124.82308,11.49091],[124.82354,11.49119],[124.82397,11.49128],[124.8242,11.49152],[124.82427,11.49215],[124.82451,11.49242],[124.82448,11.49266],[124.82514,11.49324],[124.82554,11.49338],[124.82641,11.4933],[124.82737,11.49282],[124.82772,11.4925],[124.82754,11.4917],[124.82767,11.49144],[124.82862,11.49168],[124.82925,11.49119],[124.82932,11.49091],[124.82973,11.49072],[124.83031,11.48963],[124.83035,11.48912],[124.83051,11.48877],[124.8302,11.48805],[124.83012,11.48756],[124.83051,11.48709],[124.83066,11.48628],[124.83084,11.48595],[124.8308,11.4852],[124.83124,11.48507],[124.83189,11.48501],[124.83225,11.48454],[124.83315,11.48417],[124.83363,11.4843],[124.83405,11.48454],[124.83441,11.48417],[124.8344,11.48391],[124.83423,11.48373],[124.83406,11.48317],[124.83356,11.4829],[124.83235,11.48212],[124.83182,11.48197],[124.83124,11.48192],[124.83102,11.48167],[124.8312,11.48145],[124.8315,11.48148],[124.83228,11.48126],[124.83268,11.48084],[124.83267,11.4805],[124.83224,11.47984],[124.83171,11.47958],[124.8317,11.47934],[124.83141,11.47865],[124.83158,11.47818],[124.83267,11.47747],[124.83303,11.47694],[124.83309,11.47654],[124.83329,11.47615],[124.83304,11.47586],[124.83245,11.47567],[124.83185,11.47585],[124.83149,11.4758],[124.83067,11.47597],[124.83002,11.47579],[124.83003,11.47542],[124.83067,11.47545],[124.83095,11.47523],[124.83141,11.4752],[124.832,11.47499],[124.83237,11.47514],[124.83327,11.47571],[124.83392,11.47595],[124.83411,11.47619],[124.83466,11.4765],[124.83533,11.4767],[124.8359,11.47645],[124.83629,11.47619],[124.83663,11.47567],[124.83689,11.47548],[124.83757,11.47553],[124.83806,11.47482],[124.83775,11.47423],[124.83789,11.474],[124.83784,11.47339],[124.83805,11.47337],[124.83818,11.47281],[124.83834,11.47257],[124.83838,11.47208],[124.83823,11.47184],[124.8386,11.47097],[124.83847,11.4698],[124.83875,11.46963],[124.83887,11.46923],[124.83964,11.46872],[124.83993,11.46813],[124.84009,11.46805],[124.8403,11.46745],[124.84038,11.46696],[124.84034,11.46652],[124.84009,11.46585],[124.8403,11.46554],[124.8408,11.46544],[124.8415,11.46552],[124.8426,11.46587],[124.8436,11.466],[124.84404,11.46593],[124.84428,11.46568],[124.84505,11.4657],[124.84575,11.46607],[124.84626,11.46602],[124.84642,11.46573],[124.84735,11.46544],[124.84827,11.46467],[124.84867,11.46367],[124.84936,11.46371],[124.85541,11.48568],[124.85942,11.4994],[124.86018,11.50121],[124.86072,11.5026],[124.86323,11.50873],[124.87415,11.53288],[124.8741,11.53315],[124.87356,11.53328],[124.87271,11.53363],[124.87223,11.53353],[124.8719,11.53334],[124.8713,11.53415],[124.87123,11.53446],[124.871,11.53451],[124.87043,11.53513],[124.87038,11.53531],[124.86989,11.53564],[124.86955,11.53622],[124.86911,11.53679],[124.86913,11.53729],[124.86897,11.53771],[124.86847,11.53765],[124.86829,11.53785],[124.86817,11.5389],[124.86836,11.53924],[124.86802,11.53985],[124.86804,11.54035],[124.86789,11.54098],[124.86767,11.54137],[124.8675,11.54203],[124.86751,11.54232],[124.86721,11.54284],[124.86669,11.54313],[124.86649,11.54364],[124.86619,11.54379],[124.86572,11.54436],[124.86522,11.54456],[124.86492,11.54495],[124.86432,11.54546],[124.86374,11.54541],[124.86316,11.54563],[124.8627,11.54561],[124.86168,11.54604],[124.86121,11.54653],[124.86072,11.54677],[124.86053,11.5471],[124.86021,11.54716],[124.85966,11.5467],[124.85906,11.54703],[124.85897,11.5466],[124.85947,11.5465],[124.8596,11.54581],[124.85917,11.54522],[124.85885,11.54526],[124.85846,11.5451],[124.85791,11.54474],[124.85754,11.54436],[124.85719,11.54429],[124.85705,11.544],[124.85658,11.54428],[124.85618,11.54403],[124.85622,11.54379],[124.85597,11.54354],[124.85586,11.54319],[124.85532,11.54316],[124.85487,11.54339],[124.85428,11.5435],[124.8536,11.54332],[124.85341,11.54372],[124.8526,11.54392],[124.85203,11.54429],[124.85155,11.54398],[124.85106,11.5442],[124.85078,11.5442],[124.8508,11.54345],[124.85113,11.54315],[124.85157,11.54337],[124.85186,11.54331],[124.85228,11.54294],[124.85249,11.5426],[124.85334,11.54207],[124.85354,11.54151],[124.85406,11.54145],[124.85299,11.54103],[124.85287,11.54042],[124.85243,11.54014],[124.85213,11.54029],[124.85171,11.5403],[124.85094,11.54048],[124.85049,11.54049],[124.84949,11.54112],[124.84879,11.54173],[124.84801,11.54212],[124.84797,11.54171],[124.84837,11.54084],[124.84779,11.53999],[124.84787,11.53966],[124.84753,11.53955],[124.84723,11.53923],[124.84736,11.53846],[124.84783,11.53824],[124.84723,11.53789],[124.84701,11.53806],[124.84679,11.5385],[124.84624,11.53833],[124.84542,11.53773],[124.84516,11.53705],[124.8448,11.53681],[124.84409,11.53604],[124.84386,11.53605],[124.84317,11.5358]]],[[[124.85579,11.54747],[124.85553,11.54715],[124.85468,11.54696],[124.85413,11.54705],[124.85421,11.54646],[124.85454,11.54607],[124.85551,11.54598],[124.85584,11.54579],[124.8563,11.5459],[124.85583,11.54713],[124.85579,11.54747]]],[[[124.85365,11.55294],[124.85371,11.5536],[124.85353,11.55403],[124.85317,11.55443],[124.85288,11.55375],[124.85298,11.55305],[124.85314,11.55277],[124.8529,11.55208],[124.85381,11.55152],[124.8539,11.55182],[124.85358,11.55262],[124.85365,11.55294]]],[[[124.85853,11.55526],[124.85819,11.55532],[124.85759,11.55509],[124.85744,11.55485],[124.85751,11.55433],[124.85817,11.55354],[124.85858,11.55233],[124.85848,11.55125],[124.85828,11.55096],[124.85828,11.55026],[124.85842,11.54917],[124.85871,11.54893],[124.85869,11.54852],[124.85879,11.54793],[124.85895,11.54767],[124.8595,11.54772],[124.85978,11.54791],[124.86033,11.54779],[124.86084,11.5478],[124.86102,11.5475],[124.86136,11.54755],[124.86149,11.54786],[124.86208,11.5481],[124.86195,11.54861],[124.86201,11.549],[124.86191,11.54941],[124.86197,11.54991],[124.86173,11.55039],[124.86091,11.55137],[124.86077,11.55168],[124.86062,11.55252],[124.86014,11.55302],[124.85955,11.55426],[124.85915,11.55477],[124.85853,11.55526]]]]}},{"type":"Feature","properties":{"code":"0806020000","name":"Tarangnan","kind":"Municipality","provinceCode":"0806000000","province":"Samar Province","areaKm2":87,"labelPoint":[124.76726,11.93034]},"geometry":{"type":"MultiPolygon","coordinates":[[[[124.65881,11.89966],[124.65893,11.90032],[124.65878,11.90117],[124.65915,11.90163],[124.6597,11.90194],[124.66059,11.90215],[124.66084,11.90182],[124.66112,11.90166],[124.66142,11.90124],[124.66187,11.90136],[124.66229,11.90228],[124.66208,11.90318],[124.6621,11.90396],[124.66203,11.90425],[124.66223,11.90465],[124.66284,11.90537],[124.6633,11.90543],[124.6633,11.90573],[124.66353,11.9062],[124.66352,11.9065],[124.66399,11.90698],[124.66433,11.9078],[124.66447,11.90862],[124.66431,11.90909],[124.66372,11.90963],[124.66309,11.90983],[124.66236,11.91016],[124.66183,11.9108],[124.6617,11.91146],[124.66174,11.9118],[124.66197,11.9124],[124.6622,11.91265],[124.66209,11.913],[124.66159,11.91336],[124.66134,11.91338],[124.66069,11.91371],[124.66014,11.91407],[124.65969,11.9146],[124.6591,11.91458],[124.65885,11.91422],[124.65889,11.91336],[124.65883,11.91314],[124.65889,11.91245],[124.65868,11.91217],[124.65873,11.91177],[124.65856,11.91154],[124.65838,11.91027],[124.65793,11.90977],[124.6573,11.90923],[124.65694,11.90912],[124.65622,11.90915],[124.65585,11.909],[124.6549,11.90914],[124.65462,11.90871],[124.6536,11.90856],[124.65282,11.90889],[124.65217,11.90864],[124.65131,11.90861],[124.65096,11.90877],[124.65007,11.90892],[124.64974,11.90922],[124.64915,11.90929],[124.64868,11.90916],[124.64869,11.90854],[124.64824,11.90792],[124.6477,11.90791],[124.64745,11.90765],[124.64705,11.90754],[124.64626,11.90768],[124.64543,11.90814],[124.6446,11.90832],[124.64413,11.90862],[124.64389,11.9094],[124.64325,11.90965],[124.64267,11.91044],[124.64271,11.9111],[124.64283,11.91139],[124.6428,11.91208],[124.64237,11.91226],[124.6412,11.91311],[124.64095,11.91372],[124.64088,11.91414],[124.64113,11.91431],[124.64097,11.91463],[124.64099,11.91547],[124.64112,11.91616],[124.64131,11.91635],[124.64145,11.9171],[124.64186,11.91781],[124.64223,11.91899],[124.64212,11.91936],[124.64228,11.91962],[124.64216,11.92037],[124.64189,11.92068],[124.64088,11.92055],[124.64031,11.92094],[124.64023,11.9204],[124.6397,11.92015],[124.63922,11.91967],[124.63849,11.91948],[124.63786,11.91954],[124.63737,11.91969],[124.6363,11.92027],[124.63606,11.9201],[124.63585,11.92039],[124.63551,11.92051],[124.63457,11.91979],[124.63424,11.9194],[124.63425,11.9192],[124.63391,11.91857],[124.63361,11.91851],[124.63353,11.91806],[124.63314,11.91755],[124.63279,11.91737],[124.63245,11.91682],[124.63253,11.91658],[124.63222,11.91559],[124.63288,11.91527],[124.63303,11.91507],[124.63349,11.91505],[124.63385,11.91477],[124.63437,11.91469],[124.63489,11.91425],[124.63509,11.91385],[124.63509,11.91337],[124.63527,11.91323],[124.63516,11.91278],[124.6349,11.91233],[124.63485,11.91182],[124.63444,11.9116],[124.63406,11.91123],[124.63397,11.91063],[124.63427,11.9103],[124.63444,11.9099],[124.63422,11.90936],[124.63377,11.90918],[124.63359,11.90862],[124.63363,11.90836],[124.63404,11.90837],[124.63439,11.9086],[124.63444,11.90896],[124.63468,11.9092],[124.63561,11.90912],[124.63626,11.90872],[124.63624,11.9083],[124.63658,11.90786],[124.6374,11.90799],[124.63781,11.90797],[124.63802,11.90775],[124.63804,11.90737],[124.63791,11.90703],[124.63759,11.90661],[124.63757,11.90638],[124.63706,11.90594],[124.63713,11.90564],[124.63694,11.90542],[124.63689,11.90494],[124.63748,11.90431],[124.6374,11.9039],[124.63713,11.90374],[124.63754,11.90325],[124.63712,11.90304],[124.63718,11.90243],[124.63759,11.90187],[124.63793,11.90176],[124.63834,11.90196],[124.63855,11.9022],[124.63906,11.90223],[124.63935,11.90176],[124.63964,11.90147],[124.63991,11.901],[124.63966,11.90031],[124.63995,11.89974],[124.6402,11.89959],[124.64067,11.89972],[124.64135,11.8994],[124.6414,11.89906],[124.64171,11.8988],[124.6423,11.89864],[124.64259,11.8982],[124.6425,11.89782],[124.64229,11.89768],[124.64212,11.89725],[124.64265,11.89727],[124.64318,11.89774],[124.64346,11.8978],[124.6443,11.89847],[124.64505,11.8985],[124.64573,11.89814],[124.64608,11.89806],[124.64719,11.8992],[124.64755,11.8994],[124.64821,11.89929],[124.64857,11.89896],[124.64923,11.89858],[124.65011,11.89794],[124.65033,11.89738],[124.65037,11.89697],[124.65101,11.89629],[124.65148,11.89597],[124.65181,11.89501],[124.6517,11.89457],[124.65145,11.89429],[124.65164,11.89372],[124.65139,11.89275],[124.65103,11.89243],[124.65023,11.89214],[124.6502,11.89185],[124.65079,11.89147],[124.65214,11.89133],[124.65217,11.89103],[124.65253,11.89103],[124.6526,11.89135],[124.65354,11.89192],[124.65399,11.8916],[124.65414,11.89163],[124.65487,11.89127],[124.65527,11.89135],[124.65558,11.89175],[124.6558,11.89183],[124.65624,11.8916],[124.6563,11.89113],[124.65655,11.89098],[124.65656,11.89041],[124.65676,11.89024],[124.65687,11.88974],[124.65722,11.88963],[124.6575,11.88983],[124.6578,11.89046],[124.65775,11.89084],[124.65802,11.89201],[124.65859,11.89299],[124.65883,11.89328],[124.65922,11.89406],[124.65927,11.89449],[124.65884,11.89575],[124.65848,11.89638],[124.65799,11.89687],[124.65769,11.89729],[124.65713,11.8972],[124.65679,11.89741],[124.65665,11.8977],[124.65727,11.8979],[124.65768,11.89793],[124.65794,11.89775],[124.65812,11.8984],[124.65854,11.89943],[124.65881,11.89966]]],[[[124.86638,11.88712],[124.86129,11.89589],[124.8492,11.90264],[124.84391,11.90659],[124.83765,11.91125],[124.82962,11.91938],[124.82505,11.92368],[124.8209,11.92962],[124.81545,11.93301],[124.81378,11.93913],[124.80901,11.9448],[124.80815,11.95405],[124.80313,11.95335],[124.79982,11.95155],[124.7941,11.95116],[124.79157,11.94909],[124.78565,11.94735],[124.78241,11.94688],[124.78159,11.94901],[124.77692,11.95131],[124.77515,11.95298],[124.773,11.95508],[124.77128,11.95461],[124.76844,11.95659],[124.76592,11.96179],[124.76341,11.96332],[124.75922,11.95921],[124.75633,11.95641],[124.75158,11.95182],[124.748,11.94737],[124.74285,11.94192],[124.73933,11.94159],[124.73809,11.94382],[124.73549,11.94568],[124.73332,11.94749],[124.73263,11.94772],[124.73007,11.94754],[124.72785,11.94669],[124.72748,11.94648],[124.72619,11.94595],[124.72513,11.94523],[124.72637,11.94429],[124.72608,11.94399],[124.72568,11.94387],[124.72529,11.94356],[124.72477,11.94343],[124.72448,11.94307],[124.72445,11.94281],[124.72353,11.94179],[124.72329,11.94133],[124.72297,11.94026],[124.72286,11.93937],[124.72299,11.93878],[124.72356,11.9381],[124.72381,11.9376],[124.72415,11.93737],[124.72484,11.93647],[124.7251,11.93603],[124.72507,11.93575],[124.7256,11.93532],[124.72559,11.93509],[124.72592,11.93475],[124.72654,11.9337],[124.7267,11.93355],[124.72718,11.93349],[124.72772,11.93388],[124.72804,11.9337],[124.72813,11.93333],[124.72763,11.93328],[124.7276,11.93293],[124.72834,11.93243],[124.72958,11.9314],[124.72964,11.93123],[124.73022,11.931],[124.73081,11.93065],[124.7314,11.93006],[124.73266,11.92912],[124.73344,11.929],[124.73343,11.92881],[124.73404,11.92876],[124.73474,11.92906],[124.73634,11.92883],[124.73737,11.92887],[124.7385,11.92916],[124.73905,11.9294],[124.73923,11.92963],[124.73967,11.92972],[124.74012,11.92993],[124.74054,11.92991],[124.74109,11.93011],[124.74234,11.93033],[124.74259,11.93027],[124.74311,11.93044],[124.74347,11.93044],[124.74446,11.93062],[124.74471,11.93059],[124.7447,11.92909],[124.74468,11.92689],[124.74437,11.92685],[124.74401,11.92703],[124.74334,11.92773],[124.74267,11.92788],[124.74222,11.92713],[124.74217,11.92668],[124.74294,11.92552],[124.74305,11.92503],[124.74324,11.92467],[124.74356,11.92444],[124.74385,11.9238],[124.74425,11.92382],[124.74469,11.92355],[124.74481,11.92315],[124.74527,11.9229],[124.74623,11.92149],[124.74647,11.92092],[124.74688,11.92037],[124.74719,11.91969],[124.7472,11.9189],[124.74754,11.91916],[124.74781,11.9187],[124.74757,11.91846],[124.74823,11.91736],[124.74815,11.91696],[124.74835,11.91659],[124.74871,11.91639],[124.74906,11.91541],[124.74914,11.91505],[124.7495,11.91485],[124.74976,11.91494],[124.74948,11.91411],[124.74916,11.91343],[124.74874,11.91344],[124.74832,11.91314],[124.74823,11.91276],[124.74719,11.91237],[124.74654,11.91162],[124.7461,11.91172],[124.74548,11.9117],[124.74501,11.91145],[124.74404,11.91159],[124.74342,11.91124],[124.7427,11.9112],[124.74261,11.91103],[124.74341,11.9106],[124.74411,11.91082],[124.74455,11.91055],[124.74499,11.9098],[124.74514,11.90935],[124.74522,11.90877],[124.74555,11.90838],[124.74619,11.90788],[124.7462,11.90725],[124.74632,11.90638],[124.74645,11.90603],[124.74661,11.90435],[124.74578,11.90209],[124.74552,11.90136],[124.7453,11.90107],[124.74511,11.90077],[124.74473,11.9007],[124.74396,11.90104],[124.74341,11.90069],[124.74351,11.90047],[124.74274,11.90014],[124.74265,11.90039],[124.74176,11.90013],[124.74156,11.89987],[124.74112,11.89968],[124.74055,11.89978],[124.74003,11.90025],[124.73923,11.9],[124.73845,11.89995],[124.73795,11.89951],[124.7385,11.89893],[124.73858,11.89862],[124.7382,11.89823],[124.73808,11.89775],[124.73744,11.89708],[124.7371,11.89695],[124.73723,11.89651],[124.73774,11.89638],[124.73816,11.89615],[124.73863,11.89609],[124.73925,11.89668],[124.73956,11.89684],[124.74006,11.89684],[124.74048,11.89699],[124.74086,11.89694],[124.74144,11.89649],[124.74218,11.89667],[124.74248,11.8966],[124.74329,11.8958],[124.74339,11.89551],[124.74383,11.89499],[124.74444,11.89559],[124.74508,11.89612],[124.74574,11.89648],[124.74639,11.89657],[124.74752,11.89638],[124.74801,11.89654],[124.74798,11.89705],[124.74819,11.89764],[124.74879,11.89814],[124.74935,11.89833],[124.75007,11.89841],[124.7506,11.89834],[124.75147,11.89834],[124.7517,11.89848],[124.7511,11.89908],[124.75065,11.90046],[124.75021,11.90099],[124.75009,11.90077],[124.75024,11.90015],[124.75011,11.8999],[124.74943,11.90009],[124.74913,11.9003],[124.74866,11.9004],[124.74851,11.90162],[124.74893,11.90204],[124.74927,11.90235],[124.74965,11.90251],[124.75033,11.9032],[124.7508,11.90332],[124.7509,11.90366],[124.7512,11.90379],[124.75172,11.90383],[124.75249,11.90331],[124.75319,11.90321],[124.75345,11.90391],[124.75418,11.90388],[124.75495,11.90364],[124.75542,11.90336],[124.75592,11.90269],[124.75555,11.90218],[124.75518,11.90194],[124.75503,11.90145],[124.75465,11.90095],[124.75491,11.9006],[124.7556,11.90063],[124.75646,11.90012],[124.75683,11.89953],[124.75645,11.89885],[124.75662,11.8986],[124.7577,11.89908],[124.75759,11.89971],[124.75783,11.90003],[124.75858,11.90025],[124.75928,11.9002],[124.75979,11.90001],[124.76028,11.89972],[124.76101,11.89905],[124.7614,11.89841],[124.76164,11.89818],[124.76202,11.89817],[124.76255,11.89829],[124.76302,11.89825],[124.76333,11.89798],[124.76347,11.89762],[124.76425,11.89769],[124.76441,11.89779],[124.76519,11.89771],[124.76594,11.89816],[124.76652,11.89809],[124.76682,11.89789],[124.7673,11.89805],[124.76761,11.89788],[124.76792,11.89837],[124.76815,11.89853],[124.76791,11.89913],[124.76765,11.89938],[124.76729,11.89951],[124.76705,11.89992],[124.7667,11.90019],[124.76611,11.89974],[124.76564,11.8999],[124.76516,11.90046],[124.76524,11.90085],[124.76488,11.9013],[124.76466,11.90177],[124.76457,11.90269],[124.76435,11.90339],[124.76416,11.90329],[124.76459,11.90458],[124.76486,11.90474],[124.76513,11.9053],[124.76494,11.90542],[124.76511,11.90583],[124.7656,11.9055],[124.76592,11.90541],[124.76615,11.90556],[124.76649,11.90539],[124.76716,11.90473],[124.76721,11.90441],[124.76828,11.90454],[124.76889,11.90454],[124.7693,11.90439],[124.76924,11.9042],[124.76959,11.90402],[124.76962,11.90365],[124.77001,11.90278],[124.76989,11.90254],[124.77008,11.90232],[124.77134,11.90164],[124.77144,11.90146],[124.77126,11.90061],[124.77137,11.90044],[124.77227,11.90012],[124.77216,11.90063],[124.77252,11.90083],[124.77278,11.90116],[124.77357,11.90139],[124.77389,11.90134],[124.77465,11.90099],[124.77531,11.90043],[124.7759,11.89971],[124.77619,11.89975],[124.77702,11.90021],[124.77709,11.90049],[124.77665,11.90094],[124.77676,11.90145],[124.777,11.90199],[124.77675,11.90214],[124.77639,11.9027],[124.77612,11.90295],[124.7757,11.90307],[124.77553,11.90264],[124.77524,11.90265],[124.77433,11.90249],[124.77359,11.90252],[124.77313,11.90296],[124.77284,11.90384],[124.77217,11.90417],[124.77195,11.90443],[124.7716,11.90455],[124.77125,11.90517],[124.77134,11.90574],[124.77078,11.90693],[124.77106,11.90753],[124.77097,11.90802],[124.7712,11.90836],[124.77142,11.90825],[124.77194,11.90849],[124.77235,11.90838],[124.77264,11.90848],[124.77312,11.9082],[124.77413,11.90775],[124.77431,11.90731],[124.77406,11.90641],[124.77445,11.9063],[124.77462,11.90611],[124.77516,11.90604],[124.77558,11.90615],[124.7768,11.90585],[124.77759,11.90543],[124.77868,11.90514],[124.77953,11.90537],[124.77948,11.90566],[124.77892,11.90564],[124.77741,11.90633],[124.77721,11.90634],[124.77683,11.90689],[124.77691,11.90755],[124.77735,11.90798],[124.77762,11.90792],[124.77808,11.90815],[124.77785,11.90874],[124.77799,11.90957],[124.77829,11.9102],[124.7786,11.91032],[124.77928,11.9104],[124.77984,11.91001],[124.78043,11.91077],[124.78142,11.91084],[124.78188,11.91013],[124.78193,11.9097],[124.7823,11.90901],[124.78268,11.90909],[124.78328,11.90898],[124.784,11.90866],[124.7846,11.90891],[124.78503,11.9096],[124.78483,11.91015],[124.78484,11.91063],[124.78496,11.91099],[124.78466,11.91136],[124.78471,11.9118],[124.7846,11.91228],[124.78499,11.91218],[124.78575,11.91252],[124.78617,11.91217],[124.78639,11.91212],[124.78661,11.91137],[124.78749,11.91108],[124.78793,11.91065],[124.78819,11.91026],[124.78831,11.90985],[124.7887,11.90975],[124.7894,11.91054],[124.78951,11.91103],[124.78946,11.91128],[124.78958,11.91176],[124.78931,11.91232],[124.7894,11.91263],[124.79029,11.91319],[124.79073,11.91321],[124.79117,11.91303],[124.79208,11.91326],[124.79275,11.91332],[124.79304,11.91364],[124.79308,11.91329],[124.79403,11.91298],[124.79416,11.91263],[124.79442,11.91237],[124.79433,11.91154],[124.79476,11.9112],[124.79537,11.91103],[124.79556,11.91111],[124.79622,11.91096],[124.79733,11.91041],[124.79771,11.91055],[124.79811,11.91048],[124.79878,11.91111],[124.7989,11.91151],[124.7999,11.9119],[124.80031,11.91199],[124.8004,11.91183],[124.80055,11.9119],[124.80066,11.91187],[124.8007,11.91178],[124.80082,11.91179],[124.80158,11.91156],[124.802,11.91105],[124.80223,11.91106],[124.80281,11.91143],[124.80289,11.9104],[124.80252,11.91025],[124.80237,11.90999],[124.80228,11.90947],[124.8016,11.90899],[124.80125,11.90837],[124.80118,11.90768],[124.80146,11.90724],[124.80188,11.90701],[124.80229,11.90693],[124.80289,11.90703],[124.80322,11.90692],[124.80389,11.90693],[124.80445,11.90676],[124.80463,11.90644],[124.80543,11.90612],[124.80602,11.90625],[124.80627,11.9066],[124.80648,11.90717],[124.80692,11.90766],[124.8072,11.90744],[124.80803,11.90703],[124.80823,11.90686],[124.80898,11.90659],[124.80956,11.90647],[124.80976,11.90611],[124.80959,11.90553],[124.8097,11.90478],[124.81011,11.90416],[124.81118,11.9035],[124.81187,11.90293],[124.81241,11.90285],[124.81251,11.90198],[124.8133,11.90116],[124.81286,11.90121],[124.81255,11.9009],[124.81272,11.90025],[124.81267,11.89946],[124.81238,11.89967],[124.81225,11.90034],[124.81193,11.90091],[124.81153,11.90145],[124.81102,11.90165],[124.81067,11.90162],[124.81021,11.90178],[124.80972,11.90207],[124.80863,11.90191],[124.80793,11.90165],[124.80772,11.90145],[124.80759,11.90105],[124.80768,11.90058],[124.80794,11.8999],[124.80823,11.89961],[124.80839,11.89912],[124.80876,11.89903],[124.80892,11.8992],[124.80935,11.89901],[124.80945,11.89856],[124.80928,11.89817],[124.80934,11.89751],[124.8099,11.89689],[124.81035,11.89656],[124.81047,11.89585],[124.81034,11.89529],[124.81062,11.89497],[124.81136,11.89482],[124.81186,11.89419],[124.81188,11.89405],[124.81267,11.89344],[124.81315,11.89299],[124.8135,11.89218],[124.81386,11.89176],[124.81465,11.89108],[124.81521,11.89091],[124.81552,11.89113],[124.81531,11.89144],[124.81639,11.89114],[124.81836,11.89046],[124.81842,11.89008],[124.81911,11.88956],[124.81963,11.88946],[124.82016,11.89031],[124.82066,11.89041],[124.82125,11.89024],[124.82159,11.8904],[124.82209,11.89091],[124.82271,11.89074],[124.82268,11.89051],[124.82299,11.89013],[124.82316,11.88997],[124.82358,11.89007],[124.82376,11.88954],[124.82359,11.88785],[124.82339,11.88625],[124.8231,11.88539],[124.82313,11.88503],[124.82345,11.88441],[124.82396,11.8838],[124.82317,11.88353],[124.82293,11.88358],[124.82292,11.884],[124.82242,11.88475],[124.82232,11.88541],[124.82218,11.88573],[124.82228,11.88628],[124.82184,11.88668],[124.82193,11.8877],[124.8217,11.888],[124.82118,11.88759],[124.82095,11.88757],[124.82053,11.88728],[124.81979,11.88701],[124.81959,11.88685],[124.81917,11.887],[124.81893,11.88694],[124.81846,11.88647],[124.81777,11.88639],[124.81714,11.88548],[124.81699,11.88498],[124.8173,11.88445],[124.81712,11.88411],[124.81679,11.88452],[124.81661,11.88438],[124.81666,11.88379],[124.81698,11.88285],[124.81663,11.88263],[124.81636,11.88309],[124.81581,11.88309],[124.81593,11.88378],[124.81613,11.88404],[124.81589,11.88421],[124.81613,11.88462],[124.81606,11.88506],[124.81566,11.88475],[124.81484,11.88514],[124.81531,11.88519],[124.81524,11.88549],[124.81587,11.8861],[124.81619,11.88686],[124.81639,11.88775],[124.8157,11.88806],[124.81534,11.88809],[124.81492,11.88794],[124.81475,11.88816],[124.81419,11.88819],[124.81386,11.88795],[124.813,11.88799],[124.81207,11.88818],[124.81178,11.88817],[124.81112,11.88842],[124.81055,11.88882],[124.81042,11.88909],[124.80978,11.88933],[124.80864,11.88961],[124.8084,11.88952],[124.80788,11.88899],[124.80781,11.88855],[124.80756,11.88813],[124.807,11.8882],[124.80675,11.88756],[124.80656,11.88792],[124.80679,11.88824],[124.8067,11.8887],[124.80639,11.88896],[124.80626,11.88926],[124.80568,11.88915],[124.80536,11.88982],[124.80541,11.89028],[124.80577,11.89061],[124.80583,11.89122],[124.8056,11.89153],[124.80488,11.89193],[124.80426,11.89191],[124.80407,11.89226],[124.80371,11.89293],[124.80344,11.89318],[124.80356,11.89389],[124.80435,11.89434],[124.80455,11.89497],[124.80448,11.89565],[124.80416,11.89611],[124.8034,11.89617],[124.80299,11.89635],[124.80262,11.89678],[124.80258,11.89747],[124.80208,11.89816],[124.802,11.89858],[124.80181,11.8987],[124.80189,11.89909],[124.80211,11.89947],[124.80201,11.89969],[124.80253,11.90038],[124.80272,11.90111],[124.80264,11.90189],[124.80221,11.90217],[124.80182,11.90223],[124.80138,11.90249],[124.80096,11.90256],[124.80083,11.90217],[124.80061,11.90206],[124.8006,11.90173],[124.80025,11.90102],[124.80004,11.90093],[124.80019,11.90043],[124.7999,11.90032],[124.79974,11.90064],[124.79947,11.9003],[124.7993,11.90041],[124.7996,11.90101],[124.79962,11.90147],[124.7991,11.90215],[124.79869,11.90256],[124.79812,11.90269],[124.79783,11.90348],[124.79761,11.90347],[124.79734,11.90403],[124.79719,11.90456],[124.79673,11.90483],[124.79628,11.90477],[124.79588,11.90459],[124.79562,11.90347],[124.79474,11.90302],[124.79439,11.90296],[124.79385,11.90303],[124.79337,11.90281],[124.79296,11.90305],[124.79257,11.90346],[124.79203,11.90361],[124.79123,11.90345],[124.79115,11.90365],[124.79027,11.90389],[124.78985,11.90392],[124.78931,11.90413],[124.78889,11.90364],[124.78857,11.90276],[124.78826,11.90251],[124.78808,11.90211],[124.78778,11.90178],[124.78735,11.90141],[124.7865,11.90121],[124.78657,11.90073],[124.78707,11.89985],[124.78726,11.90024],[124.78767,11.90039],[124.78825,11.90023],[124.78911,11.89957],[124.78979,11.89957],[124.79033,11.89986],[124.79141,11.89971],[124.79191,11.89907],[124.79216,11.8984],[124.7923,11.89777],[124.79234,11.89715],[124.79225,11.89674],[124.79157,11.89664],[124.79121,11.89674],[124.79063,11.89647],[124.7905,11.89606],[124.79081,11.8955],[124.79075,11.89533],[124.79097,11.89494],[124.79152,11.89479],[124.79175,11.89496],[124.79219,11.89498],[124.79321,11.89464],[124.79345,11.89434],[124.79352,11.89389],[124.79432,11.89338],[124.7947,11.89324],[124.79508,11.89277],[124.79501,11.89213],[124.79485,11.89143],[124.7943,11.89096],[124.79383,11.89076],[124.79295,11.89053],[124.79282,11.89025],[124.79319,11.88996],[124.79381,11.88994],[124.79414,11.89008],[124.79435,11.88982],[124.79469,11.88982],[124.79529,11.88946],[124.79588,11.88945],[124.79645,11.88958],[124.79754,11.88949],[124.79841,11.88894],[124.79864,11.88898],[124.79885,11.88849],[124.79943,11.88838],[124.79984,11.88793],[124.79977,11.8877],[124.7993,11.88692],[124.79895,11.8869],[124.79896,11.88642],[124.79835,11.88649],[124.79808,11.88612],[124.79706,11.88598],[124.79642,11.8856],[124.79624,11.88525],[124.79583,11.88524],[124.79509,11.88485],[124.79476,11.88488],[124.7946,11.88456],[124.79422,11.88449],[124.79384,11.88495],[124.79282,11.8854],[124.7926,11.88584],[124.79109,11.88554],[124.79038,11.88564],[124.79018,11.88614],[124.78966,11.88662],[124.78906,11.88642],[124.78844,11.88585],[124.78836,11.88543],[124.78791,11.88486],[124.78611,11.88481],[124.78539,11.88528],[124.78533,11.88561],[124.78439,11.88623],[124.78424,11.88657],[124.78366,11.88668],[124.78441,11.88701],[124.78462,11.8865],[124.78503,11.88724],[124.78543,11.88728],[124.78561,11.88754],[124.78532,11.88824],[124.7848,11.88834],[124.78446,11.88825],[124.78251,11.88747],[124.782,11.88729],[124.78142,11.88691],[124.78156,11.88661],[124.78111,11.88603],[124.78098,11.88541],[124.78107,11.88515],[124.78103,11.88456],[124.7812,11.8835],[124.78103,11.88215],[124.78072,11.88164],[124.77941,11.88125],[124.77895,11.88127],[124.77822,11.881],[124.77786,11.88079],[124.77701,11.88069],[124.77687,11.88033],[124.77711,11.87964],[124.77682,11.87912],[124.77683,11.87885],[124.77712,11.87826],[124.77746,11.87817],[124.77785,11.87861],[124.77878,11.8791],[124.77935,11.8789],[124.77994,11.87854],[124.78075,11.87781],[124.781,11.87765],[124.78144,11.878],[124.78203,11.87809],[124.78221,11.87829],[124.78269,11.87841],[124.78335,11.87809],[124.78372,11.87772],[124.78434,11.87685],[124.78481,11.87586],[124.78519,11.87569],[124.78554,11.87602],[124.78589,11.87655],[124.78612,11.87661],[124.78685,11.87643],[124.78728,11.87622],[124.7878,11.87657],[124.7881,11.87721],[124.78833,11.87724],[124.78899,11.87731],[124.78914,11.87685],[124.7894,11.87666],[124.78993,11.87658],[124.79011,11.87667],[124.7909,11.87615],[124.79089,11.87571],[124.79071,11.87547],[124.79045,11.87548],[124.79012,11.87509],[124.78985,11.87513],[124.78956,11.87494],[124.78931,11.87454],[124.78896,11.87423],[124.78952,11.87374],[124.78999,11.87366],[124.79075,11.87372],[124.79114,11.87402],[124.79171,11.87412],[124.79305,11.87371],[124.79355,11.87363],[124.79413,11.87374],[124.79429,11.87354],[124.79463,11.87351],[124.7949,11.87364],[124.79534,11.87346],[124.79595,11.87264],[124.79697,11.87237],[124.79738,11.87252],[124.79761,11.87277],[124.79796,11.8727],[124.79763,11.87215],[124.79787,11.87157],[124.79789,11.87128],[124.79836,11.87104],[124.79886,11.87107],[124.79885,11.87084],[124.79791,11.8707],[124.79776,11.87052],[124.79722,11.87051],[124.79717,11.87113],[124.79677,11.87111],[124.79629,11.87078],[124.79543,11.87076],[124.79483,11.87049],[124.79414,11.87079],[124.79403,11.87073],[124.79286,11.87117],[124.792,11.87121],[124.79137,11.87094],[124.79133,11.87072],[124.79174,11.86965],[124.79205,11.86931],[124.79216,11.86863],[124.792,11.86824],[124.79154,11.8684],[124.79081,11.86875],[124.7903,11.86862],[124.78971,11.86904],[124.78925,11.86898],[124.78902,11.86916],[124.78857,11.86977],[124.78828,11.87051],[124.788,11.87083],[124.78669,11.87129],[124.78558,11.87068],[124.78504,11.87073],[124.78522,11.87027],[124.78593,11.86987],[124.78678,11.86977],[124.78699,11.86966],[124.7873,11.86916],[124.7876,11.8689],[124.78846,11.86856],[124.78867,11.86793],[124.78864,11.86723],[124.78802,11.86578],[124.78751,11.86496],[124.78645,11.86385],[124.78582,11.86359],[124.78554,11.86389],[124.78494,11.8637],[124.78464,11.86383],[124.78405,11.86471],[124.78373,11.86494],[124.78326,11.86454],[124.78307,11.86415],[124.78303,11.8637],[124.78282,11.86327],[124.78254,11.8631],[124.78186,11.86301],[124.78129,11.86281],[124.78083,11.86281],[124.78067,11.8623],[124.77954,11.86162],[124.779,11.86151],[124.77834,11.86174],[124.77775,11.86139],[124.77699,11.86126],[124.7766,11.86133],[124.77596,11.86224],[124.77596,11.86277],[124.77534,11.86273],[124.77508,11.8625],[124.77559,11.86178],[124.77603,11.86081],[124.77617,11.85994],[124.77653,11.85965],[124.77701,11.85969],[124.77753,11.86012],[124.77789,11.86058],[124.77834,11.86092],[124.77889,11.86115],[124.77939,11.86109],[124.77966,11.8615],[124.78008,11.86155],[124.7806,11.86142],[124.78192,11.86097],[124.78235,11.86135],[124.78266,11.86184],[124.78329,11.86207],[124.78393,11.86217],[124.78504,11.86209],[124.78602,11.86172],[124.78724,11.86137],[124.78805,11.861],[124.78878,11.8604],[124.78919,11.86021],[124.78984,11.86013],[124.79055,11.86037],[124.7911,11.86037],[124.79168,11.86009],[124.79191,11.8598],[124.79276,11.85906],[124.79336,11.85898],[124.79399,11.85926],[124.79454,11.85962],[124.79501,11.85958],[124.79581,11.85934],[124.7968,11.8589],[124.79747,11.85894],[124.79791,11.8587],[124.79865,11.85793],[124.79892,11.85749],[124.79939,11.85719],[124.79963,11.85674],[124.79998,11.8556],[124.8002,11.85416],[124.80005,11.85387],[124.79998,11.85332],[124.80058,11.85258],[124.80096,11.85225],[124.80123,11.85228],[124.8017,11.852],[124.80252,11.85204],[124.80263,11.85192],[124.8031,11.85196],[124.80344,11.85166],[124.80399,11.85154],[124.80426,11.8512],[124.8047,11.85099],[124.80469,11.85077],[124.805,11.85048],[124.80499,11.85028],[124.80533,11.84991],[124.8051,11.84968],[124.80477,11.84866],[124.80404,11.84829],[124.80386,11.8481],[124.8033,11.84816],[124.80314,11.84803],[124.80255,11.84812],[124.80218,11.848],[124.80191,11.84774],[124.80183,11.84735],[124.80111,11.84724],[124.80081,11.847],[124.80016,11.84712],[124.79966,11.84751],[124.79918,11.848],[124.79872,11.84815],[124.79744,11.84838],[124.79716,11.84838],[124.7968,11.84876],[124.79614,11.84882],[124.79555,11.84858],[124.79591,11.84791],[124.79638,11.8477],[124.79684,11.84738],[124.79779,11.84689],[124.7987,11.84674],[124.79943,11.84638],[124.79975,11.8463],[124.80016,11.8459],[124.80063,11.84564],[124.80173,11.84534],[124.80256,11.84483],[124.80389,11.84439],[124.80447,11.84399],[124.80603,11.84433],[124.80668,11.84475],[124.80714,11.84536],[124.80762,11.84549],[124.80954,11.84487],[124.80989,11.84465],[124.81098,11.84643],[124.81372,11.85039],[124.82243,11.86301],[124.82327,11.86423],[124.82813,11.86792],[124.83694,11.87205],[124.84643,11.87734],[124.85358,11.87761],[124.86185,11.88181],[124.86472,11.88518],[124.86638,11.88712]]],[[[124.77888,11.89134],[124.77882,11.89095],[124.77915,11.89069],[124.77942,11.89008],[124.77915,11.88956],[124.7787,11.88935],[124.77903,11.88898],[124.77954,11.88805],[124.77981,11.88806],[124.78001,11.88859],[124.78034,11.88896],[124.78064,11.88952],[124.78143,11.89008],[124.78198,11.89008],[124.78255,11.88991],[124.78257,11.89027],[124.78218,11.89059],[124.78131,11.89081],[124.78043,11.89151],[124.77997,11.89144],[124.77948,11.89123],[124.77888,11.89134]]],[[[124.62852,11.91455],[124.62823,11.91435],[124.62697,11.91403],[124.62644,11.91413],[124.62584,11.9141],[124.62545,11.91396],[124.62511,11.91401],[124.62469,11.91364],[124.62468,11.91331],[124.62503,11.91338],[124.62499,11.91296],[124.62523,11.9126],[124.62495,11.91228],[124.62468,11.91133],[124.62479,11.9112],[124.62522,11.9114],[124.62538,11.91165],[124.6259,11.91164],[124.62609,11.91146],[124.62613,11.91095],[124.62585,11.91075],[124.62564,11.91022],[124.62609,11.90976],[124.62574,11.90925],[124.62565,11.90891],[124.62598,11.90869],[124.62598,11.9084],[124.62561,11.90812],[124.62532,11.90807],[124.62469,11.90748],[124.62487,11.90717],[124.62459,11.90673],[124.62473,11.90653],[124.6251,11.90648],[124.62546,11.90759],[124.62593,11.90783],[124.6263,11.90815],[124.62711,11.90829],[124.62767,11.90812],[124.62788,11.90782],[124.62763,11.90698],[124.62801,11.90666],[124.62818,11.90769],[124.62856,11.90804],[124.62914,11.90823],[124.62943,11.90861],[124.62977,11.90874],[124.63029,11.90953],[124.63023,11.90987],[124.6305,11.91117],[124.6308,11.91193],[124.63094,11.91277],[124.63136,11.91324],[124.63052,11.91316],[124.62997,11.91323],[124.62941,11.91373],[124.62889,11.91448],[124.62852,11.91455]]],[[[124.61957,11.92667],[124.6189,11.92664],[124.61829,11.92636],[124.61786,11.9264],[124.61648,11.92556],[124.61599,11.9252],[124.61574,11.92534],[124.61526,11.92498],[124.61577,11.9244],[124.61584,11.9239],[124.61571,11.92326],[124.61606,11.92306],[124.61614,11.9227],[124.61573,11.92235],[124.61573,11.92211],[124.61541,11.92178],[124.6154,11.92149],[124.61574,11.92113],[124.61586,11.92072],[124.6164,11.92054],[124.61704,11.91985],[124.61721,11.91993],[124.61737,11.92042],[124.61775,11.92088],[124.61816,11.92114],[124.61856,11.92118],[124.61881,11.9215],[124.61957,11.92162],[124.62024,11.92192],[124.62053,11.92234],[124.62102,11.92389],[124.62214,11.92476],[124.62265,11.92491],[124.6229,11.92487],[124.62315,11.92507],[124.62275,11.92528],[124.62237,11.92571],[124.62192,11.92583],[124.62161,11.92612],[124.621,11.92609],[124.62051,11.92638],[124.61957,11.92667]]],[[[124.72283,11.89624],[124.72331,11.89685],[124.72413,11.89743],[124.72432,11.89779],[124.72417,11.89814],[124.7233,11.8983],[124.72277,11.89815],[124.72217,11.89765],[124.72153,11.89634],[124.72125,11.89623],[124.72053,11.89632],[124.71998,11.89621],[124.71969,11.89626],[124.7189,11.89591],[124.71862,11.89561],[124.7185,11.8952],[124.71857,11.89456],[124.71899,11.8941],[124.71961,11.89382],[124.72048,11.89359],[124.72072,11.89291],[124.72107,11.89264],[124.72149,11.89264],[124.72184,11.89288],[124.72235,11.89374],[124.72264,11.89401],[124.72266,11.89487],[124.72283,11.89624]]],[[[124.71525,11.9088],[124.71454,11.90887],[124.71399,11.90876],[124.71337,11.90847],[124.71278,11.90795],[124.71198,11.90689],[124.71162,11.90663],[124.71097,11.9059],[124.71074,11.90541],[124.71044,11.90509],[124.7105,11.90472],[124.7108,11.90452],[124.71147,11.90432],[124.71186,11.90404],[124.7126,11.90379],[124.71283,11.90299],[124.71279,11.90205],[124.71333,11.90132],[124.71376,11.90055],[124.71357,11.89978],[124.7139,11.89923],[124.71447,11.89919],[124.71466,11.89938],[124.71486,11.89996],[124.71532,11.90038],[124.71536,11.9007],[124.71591,11.90148],[124.7167,11.90175],[124.71685,11.90248],[124.71712,11.90319],[124.71711,11.90348],[124.71667,11.90463],[124.7166,11.90515],[124.71636,11.90573],[124.71634,11.90619],[124.71676,11.90735],[124.71678,11.9082],[124.71661,11.90846],[124.71617,11.90866],[124.71525,11.9088]]]]}},{"type":"Feature","properties":{"code":"0804823000","name":"Victoria","kind":"Municipality","provinceCode":"0804800000","province":"Northern Samar","areaKm2":135,"labelPoint":[124.36038,12.44597]},"geometry":{"type":"Polygon","coordinates":[[[124.35478,12.41592],[124.36583,12.41556],[124.39978,12.41456],[124.43208,12.39263],[124.4627,12.37184],[124.46916,12.36746],[124.48176,12.3589],[124.48738,12.38054],[124.48767,12.38157],[124.49031,12.3909],[124.49375,12.40363],[124.49825,12.42026],[124.49571,12.421],[124.48625,12.42578],[124.46387,12.43708],[124.45222,12.44301],[124.43577,12.4518],[124.43283,12.45336],[124.43211,12.45372],[124.4292,12.45527],[124.42815,12.45581],[124.40651,12.46725],[124.38573,12.47162],[124.36851,12.47519],[124.36257,12.47643],[124.33305,12.47478],[124.32314,12.47423],[124.30398,12.47684],[124.28568,12.47489],[124.28465,12.47449],[124.28439,12.474],[124.28436,12.4736],[124.28457,12.47296],[124.28476,12.47269],[124.28454,12.47249],[124.28493,12.47227],[124.28514,12.47237],[124.28532,12.47198],[124.28541,12.47153],[124.28574,12.47064],[124.28561,12.46991],[124.28516,12.46912],[124.28461,12.4685],[124.28436,12.46806],[124.28462,12.46725],[124.28487,12.4673],[124.2854,12.46692],[124.28595,12.46704],[124.28637,12.46684],[124.28698,12.4663],[124.28781,12.46567],[124.28836,12.46543],[124.28931,12.46516],[124.2897,12.46485],[124.29001,12.46435],[124.29014,12.46385],[124.29018,12.46324],[124.28994,12.46235],[124.28985,12.46175],[124.29016,12.46095],[124.29042,12.46069],[124.29085,12.46082],[124.29105,12.46063],[124.29213,12.4601],[124.29236,12.45981],[124.29335,12.45924],[124.29424,12.45857],[124.2948,12.45808],[124.29542,12.45803],[124.29606,12.45803],[124.29688,12.45786],[124.29795,12.45733],[124.29798,12.45724],[124.29897,12.4567],[124.29955,12.45657],[124.30014,12.45652],[124.30028,12.45616],[124.30113,12.45554],[124.30136,12.45552],[124.30192,12.45508],[124.30234,12.45389],[124.30228,12.45368],[124.30279,12.45255],[124.30318,12.45193],[124.30354,12.45167],[124.30391,12.45123],[124.3041,12.45083],[124.30439,12.45058],[124.30485,12.45043],[124.3052,12.45015],[124.30606,12.44976],[124.30642,12.4494],[124.30716,12.44895],[124.30746,12.44883],[124.30778,12.44849],[124.30789,12.44815],[124.30796,12.44746],[124.30793,12.44675],[124.30819,12.44619],[124.30778,12.44605],[124.30761,12.44581],[124.30783,12.44539],[124.30839,12.44516],[124.30865,12.44471],[124.3087,12.44384],[124.30958,12.44412],[124.30991,12.44397],[124.31024,12.44408],[124.31061,12.44486],[124.31114,12.44484],[124.31175,12.44458],[124.31191,12.44466],[124.31227,12.44435],[124.31286,12.44444],[124.3135,12.44487],[124.31361,12.44506],[124.31426,12.44543],[124.31522,12.44607],[124.31553,12.44636],[124.31593,12.44567],[124.31634,12.44499],[124.31587,12.44473],[124.31528,12.44412],[124.31521,12.44377],[124.31443,12.44331],[124.31392,12.44287],[124.31385,12.44257],[124.31347,12.44238],[124.31335,12.44254],[124.31281,12.44249],[124.31248,12.44231],[124.31105,12.44235],[124.31102,12.44186],[124.31083,12.44134],[124.3105,12.44105],[124.31055,12.44021],[124.31024,12.43982],[124.31034,12.43895],[124.31069,12.43836],[124.31073,12.43753],[124.31132,12.43664],[124.31194,12.43614],[124.3124,12.43546],[124.31233,12.43506],[124.31294,12.4344],[124.31317,12.434],[124.31387,12.43313],[124.314,12.43262],[124.31429,12.4325],[124.31463,12.43204],[124.31498,12.43186],[124.3154,12.43144],[124.31577,12.43085],[124.31626,12.43087],[124.31785,12.43064],[124.31835,12.43042],[124.31918,12.43],[124.31972,12.42957],[124.3198,12.42934],[124.32065,12.42874],[124.32205,12.42726],[124.32174,12.42717],[124.32193,12.42665],[124.32228,12.4262],[124.32242,12.42552],[124.32239,12.42525],[124.32259,12.42486],[124.32261,12.42441],[124.32287,12.42374],[124.32295,12.42331],[124.32325,12.42279],[124.32289,12.42176],[124.32265,12.42134],[124.32228,12.42102],[124.32253,12.42064],[124.32237,12.41929],[124.32248,12.41785],[124.32277,12.41717],[124.32332,12.41625],[124.33304,12.41565],[124.35313,12.41591],[124.35478,12.41592]]]}},{"type":"Feature","properties":{"code":"0806021000","name":"Villareal","kind":"Municipality","provinceCode":"0806000000","province":"Samar Province","areaKm2":131,"labelPoint":[124.97048,11.53705]},"geometry":{"type":"MultiPolygon","coordinates":[[[[124.8942,11.55453],[124.89433,11.55441],[124.89348,11.55385],[124.89293,11.55356],[124.89341,11.55319],[124.89359,11.55279],[124.89395,11.55276],[124.89422,11.55195],[124.89429,11.55131],[124.89419,11.55091],[124.89441,11.55077],[124.89464,11.55111],[124.89516,11.55122],[124.89606,11.55043],[124.89557,11.54975],[124.89518,11.54937],[124.89476,11.54917],[124.89465,11.54897],[124.8952,11.54826],[124.89543,11.54769],[124.89579,11.54764],[124.89603,11.54732],[124.89605,11.54654],[124.89619,11.54509],[124.89622,11.54407],[124.89595,11.5441],[124.89591,11.54341],[124.89577,11.5431],[124.89591,11.54288],[124.89584,11.54243],[124.89562,11.54219],[124.8956,11.5418],[124.89524,11.54131],[124.89438,11.54088],[124.89398,11.54046],[124.89395,11.53975],[124.89374,11.53944],[124.89366,11.53873],[124.89323,11.53865],[124.89255,11.53785],[124.89185,11.53725],[124.89051,11.5367],[124.88958,11.53596],[124.88938,11.53595],[124.88923,11.53561],[124.88867,11.53537],[124.88842,11.53506],[124.88747,11.53462],[124.88713,11.53427],[124.88682,11.53421],[124.88688,11.53394],[124.88628,11.53398],[124.88609,11.53405],[124.88573,11.53385],[124.88578,11.5334],[124.88561,11.53283],[124.88493,11.53274],[124.88511,11.53344],[124.88495,11.53373],[124.88464,11.53381],[124.88445,11.53404],[124.88357,11.53442],[124.8836,11.53457],[124.88305,11.53483],[124.88267,11.53485],[124.88245,11.53512],[124.88195,11.5353],[124.88177,11.53471],[124.88127,11.5346],[124.88135,11.53434],[124.88126,11.53385],[124.88092,11.53387],[124.8811,11.53426],[124.88036,11.53461],[124.88035,11.53483],[124.8799,11.53559],[124.87972,11.53565],[124.87937,11.53531],[124.87935,11.5351],[124.87864,11.53489],[124.87806,11.53508],[124.87766,11.5345],[124.87774,11.5342],[124.87696,11.5338],[124.87612,11.53368],[124.87606,11.53346],[124.87564,11.53335],[124.87546,11.53304],[124.87473,11.53228],[124.87433,11.53295],[124.87415,11.53288],[124.86323,11.50873],[124.86072,11.5026],[124.87382,11.5025],[124.87827,11.50276],[124.88515,11.5027],[124.88856,11.50269],[124.89214,11.50259],[124.89176,11.5031],[124.89182,11.50389],[124.89166,11.50469],[124.891,11.50522],[124.89042,11.50534],[124.88957,11.50525],[124.88909,11.50553],[124.8883,11.50563],[124.88779,11.50553],[124.88744,11.5062],[124.88831,11.5068],[124.88843,11.50749],[124.88837,11.50776],[124.88792,11.50764],[124.88782,11.50808],[124.88838,11.5082],[124.8886,11.50769],[124.88905,11.50743],[124.88926,11.50689],[124.88964,11.50664],[124.89002,11.50661],[124.89009,11.50696],[124.88994,11.50754],[124.89035,11.50817],[124.89054,11.50805],[124.89057,11.50694],[124.89073,11.5067],[124.89111,11.50653],[124.89129,11.50623],[124.89209,11.50586],[124.89226,11.50561],[124.89279,11.50531],[124.89336,11.50558],[124.8941,11.50557],[124.89421,11.50682],[124.89417,11.5072],[124.89385,11.5076],[124.89376,11.50815],[124.8933,11.50844],[124.89291,11.50892],[124.89287,11.50937],[124.89311,11.50974],[124.8936,11.50933],[124.89416,11.50942],[124.89452,11.50911],[124.89485,11.50899],[124.89531,11.5075],[124.89552,11.50724],[124.89566,11.5066],[124.8961,11.50635],[124.89649,11.50652],[124.89662,11.50732],[124.8965,11.50756],[124.89654,11.50808],[124.89685,11.50813],[124.8971,11.50749],[124.8971,11.50719],[124.89734,11.50694],[124.89707,11.50648],[124.89714,11.50562],[124.89705,11.50493],[124.89722,11.50455],[124.89777,11.50442],[124.89864,11.50442],[124.89891,11.50403],[124.89905,11.50381],[124.89907,11.50305],[124.89946,11.50273],[124.89968,11.50235],[124.89994,11.50246],[124.90024,11.50206],[124.90097,11.50181],[124.90135,11.50226],[124.90134,11.50257],[124.90166,11.50296],[124.90214,11.50296],[124.90194,11.50263],[124.90183,11.50179],[124.90224,11.50171],[124.90274,11.50142],[124.90568,11.49961],[124.90636,11.49938],[124.90884,11.49663],[124.91044,11.49468],[124.91166,11.49522],[124.9126,11.49688],[124.91267,11.49848],[124.91088,11.5015],[124.91163,11.50427],[124.91327,11.50348],[124.91637,11.50118],[124.91773,11.49988],[124.91893,11.49955],[124.91968,11.50094],[124.92293,11.50212],[124.92442,11.50068],[124.92502,11.49687],[124.92649,11.49386],[124.93004,11.49078],[124.93333,11.4894],[124.93728,11.48924],[124.94058,11.4898],[124.94225,11.49018],[124.94637,11.49104],[124.95267,11.49223],[124.95527,11.49251],[124.95896,11.49313],[124.96516,11.49478],[124.97422,11.49681],[124.98132,11.49864],[124.99017,11.50095],[124.99919,11.50325],[125.00339,11.50452],[125.01491,11.50805],[125.01346,11.52061],[125.01296,11.52336],[125.01153,11.5335],[125.01116,11.53612],[125.01015,11.54261],[125.00878,11.55045],[125.00698,11.5599],[125.00701,11.56188],[125.00798,11.56257],[125.00832,11.56288],[125.00715,11.56305],[125.00668,11.56324],[125.00628,11.56423],[125.00596,11.56446],[125.00472,11.56494],[125.0046,11.56518],[125.00447,11.56608],[125.00414,11.56668],[125.00333,11.56713],[125.00305,11.56746],[125.00294,11.56832],[125.00249,11.56938],[125.00209,11.57027],[125.00074,11.57126],[125.00041,11.57086],[125.00016,11.57081],[124.99949,11.57124],[124.99917,11.57097],[124.99893,11.57153],[124.99892,11.57203],[124.99864,11.5721],[124.99862,11.57254],[124.99884,11.57295],[124.99931,11.57336],[124.99851,11.57343],[124.9984,11.57407],[124.9982,11.57424],[124.99732,11.57434],[124.99723,11.57472],[124.99663,11.575],[124.99627,11.57482],[124.9962,11.57512],[124.99568,11.57551],[124.99526,11.57566],[124.99488,11.576],[124.99516,11.57634],[124.99512,11.57678],[124.99526,11.577],[124.99495,11.5772],[124.99455,11.57707],[124.99452,11.57741],[124.99491,11.57766],[124.99498,11.57802],[124.99481,11.57827],[124.99421,11.57838],[124.99365,11.57877],[124.99328,11.57891],[124.9926,11.57956],[124.99141,11.57906],[124.98731,11.5826],[124.98386,11.58447],[124.98104,11.58607],[124.98063,11.58637],[124.97999,11.58614],[124.97945,11.58642],[124.97925,11.58666],[124.97551,11.5892],[124.965,11.59976],[124.9646,11.5995],[124.96394,11.59942],[124.9639,11.59925],[124.96349,11.59906],[124.96308,11.59902],[124.96208,11.59859],[124.96169,11.59798],[124.96141,11.59788],[124.96105,11.59825],[124.96071,11.59807],[124.96011,11.59792],[124.95898,11.59793],[124.95865,11.59766],[124.95804,11.59741],[124.95793,11.59703],[124.9576,11.59684],[124.9574,11.59699],[124.95708,11.59691],[124.9573,11.59638],[124.95713,11.59607],[124.95707,11.59556],[124.95688,11.59537],[124.95686,11.59495],[124.95628,11.59384],[124.9571,11.59351],[124.9574,11.59325],[124.95801,11.5921],[124.9582,11.59147],[124.95808,11.59119],[124.9582,11.59058],[124.95836,11.59021],[124.95832,11.58965],[124.9582,11.58935],[124.95824,11.58896],[124.95844,11.5888],[124.95819,11.58784],[124.95798,11.58794],[124.95789,11.58689],[124.95802,11.58642],[124.95771,11.586],[124.95802,11.58595],[124.95805,11.58568],[124.95866,11.58537],[124.95919,11.58545],[124.95959,11.58566],[124.96049,11.58541],[124.96096,11.58535],[124.96092,11.58506],[124.96158,11.58454],[124.96217,11.58426],[124.96273,11.58379],[124.96293,11.58331],[124.96298,11.5828],[124.9627,11.58215],[124.96201,11.58198],[124.96191,11.5822],[124.96139,11.58257],[124.96128,11.58236],[124.96087,11.58243],[124.96066,11.58229],[124.96024,11.58248],[124.9595,11.58219],[124.95893,11.58173],[124.9591,11.58162],[124.95858,11.58123],[124.95863,11.58095],[124.95818,11.58088],[124.95788,11.58028],[124.95781,11.57981],[124.9575,11.57963],[124.95711,11.57882],[124.95679,11.5787],[124.95673,11.57838],[124.95615,11.57798],[124.95573,11.57727],[124.95554,11.57727],[124.95521,11.57681],[124.955,11.57634],[124.95452,11.5761],[124.95442,11.57572],[124.95416,11.57573],[124.95383,11.57525],[124.95363,11.57516],[124.95345,11.5744],[124.95374,11.57407],[124.95352,11.5738],[124.9534,11.57309],[124.95304,11.57304],[124.95268,11.57298],[124.95248,11.57356],[124.95219,11.57378],[124.952,11.57363],[124.95166,11.57374],[124.95139,11.5735],[124.95051,11.57303],[124.94997,11.57254],[124.95009,11.57218],[124.94963,11.57194],[124.94918,11.57238],[124.94863,11.57227],[124.94813,11.57237],[124.94771,11.57196],[124.94742,11.57195],[124.9471,11.5714],[124.94663,11.57153],[124.94639,11.5719],[124.94588,11.57154],[124.94578,11.57172],[124.94535,11.57169],[124.94463,11.57149],[124.94477,11.57123],[124.94411,11.57117],[124.9441,11.57183],[124.94347,11.57207],[124.94263,11.57262],[124.94233,11.57273],[124.9414,11.57281],[124.94014,11.57279],[124.93955,11.57282],[124.93914,11.57295],[124.93819,11.57344],[124.93743,11.57364],[124.93728,11.57397],[124.93686,11.57381],[124.93626,11.57412],[124.93627,11.57372],[124.93576,11.57335],[124.93529,11.57348],[124.93489,11.57313],[124.9349,11.57269],[124.93445,11.57247],[124.93353,11.57184],[124.93327,11.57184],[124.9333,11.57141],[124.93316,11.57118],[124.93341,11.57072],[124.93328,11.57056],[124.93354,11.57019],[124.93342,11.56982],[124.93291,11.56978],[124.93255,11.56962],[124.93224,11.56983],[124.93137,11.56937],[124.93066,11.56924],[124.93007,11.56893],[124.92993,11.56873],[124.92935,11.56873],[124.92913,11.56849],[124.92842,11.56868],[124.92831,11.56848],[124.92743,11.57176],[124.92737,11.57175],[124.92813,11.56893],[124.92815,11.56839],[124.92772,11.56826],[124.92743,11.56752],[124.92717,11.56722],[124.92686,11.56743],[124.92663,11.56707],[124.92623,11.56737],[124.92614,11.56779],[124.92602,11.56795],[124.92498,11.56826],[124.92428,11.56863],[124.92382,11.56847],[124.92292,11.56848],[124.92248,11.56887],[124.92195,11.56886],[124.92115,11.56923],[124.92112,11.56943],[124.92022,11.56964],[124.9187,11.57052],[124.91817,11.57076],[124.91765,11.57115],[124.91671,11.57159],[124.91637,11.57189],[124.91612,11.57194],[124.9156,11.57239],[124.91539,11.57245],[124.91408,11.57338],[124.91358,11.57384],[124.91342,11.5741],[124.91294,11.57447],[124.91238,11.5748],[124.91191,11.57547],[124.91124,11.57604],[124.91051,11.57654],[124.91004,11.57668],[124.90897,11.57717],[124.90823,11.57739],[124.90779,11.5773],[124.9077,11.57753],[124.9073,11.57782],[124.90666,11.57811],[124.90643,11.5784],[124.90581,11.5789],[124.90522,11.57908],[124.9046,11.57899],[124.90464,11.5787],[124.90445,11.57825],[124.90434,11.5777],[124.9041,11.57731],[124.90373,11.57731],[124.9037,11.57707],[124.90341,11.57683],[124.90333,11.57642],[124.90373,11.57633],[124.90393,11.57584],[124.90384,11.57553],[124.90308,11.57561],[124.90249,11.57554],[124.90233,11.57527],[124.9019,11.57494],[124.90093,11.57434],[124.90054,11.57418],[124.90023,11.57435],[124.90012,11.57401],[124.89982,11.5741],[124.89889,11.57379],[124.89838,11.57349],[124.8977,11.57332],[124.89713,11.57348],[124.89648,11.57344],[124.8965,11.57324],[124.89604,11.57319],[124.89592,11.57342],[124.89528,11.57332],[124.89492,11.57369],[124.8945,11.5739],[124.89412,11.5739],[124.89379,11.57412],[124.89326,11.57463],[124.89331,11.57476],[124.89257,11.57546],[124.89242,11.57571],[124.89187,11.57594],[124.89146,11.57641],[124.89138,11.57677],[124.89058,11.57699],[124.89031,11.57697],[124.88985,11.578],[124.88956,11.57819],[124.88936,11.57865],[124.88898,11.57869],[124.88849,11.57899],[124.88813,11.57875],[124.88812,11.57838],[124.88829,11.57808],[124.88866,11.57788],[124.88872,11.57768],[124.88859,11.57715],[124.88819,11.57673],[124.88813,11.5763],[124.88745,11.57552],[124.8868,11.57498],[124.88635,11.57484],[124.88618,11.57428],[124.88575,11.57398],[124.88537,11.57447],[124.88517,11.57445],[124.88433,11.57492],[124.88407,11.57528],[124.88378,11.5754],[124.88352,11.57584],[124.88276,11.57628],[124.88241,11.57699],[124.88185,11.57735],[124.8815,11.57735],[124.88123,11.577],[124.8815,11.57631],[124.88132,11.57574],[124.88102,11.57533],[124.88077,11.57519],[124.87975,11.575],[124.87943,11.57458],[124.87945,11.57396],[124.87935,11.57342],[124.87946,11.57221],[124.87997,11.57091],[124.88001,11.57042],[124.88029,11.56952],[124.88054,11.56947],[124.88018,11.56841],[124.87956,11.56779],[124.87885,11.56735],[124.87822,11.56713],[124.87795,11.56714],[124.87756,11.56756],[124.87745,11.56819],[124.87717,11.56854],[124.87677,11.56856],[124.87655,11.56794],[124.87658,11.56764],[124.87698,11.56681],[124.8773,11.56634],[124.87726,11.56578],[124.87734,11.56524],[124.87727,11.56493],[124.87733,11.56322],[124.87769,11.56233],[124.8777,11.56133],[124.8775,11.56077],[124.87772,11.56044],[124.87737,11.55917],[124.87714,11.55886],[124.8771,11.55848],[124.87767,11.5574],[124.8783,11.55859],[124.87864,11.55902],[124.87888,11.55969],[124.87903,11.5599],[124.87954,11.56018],[124.87994,11.56016],[124.8802,11.55985],[124.88071,11.55952],[124.88122,11.55949],[124.88137,11.55963],[124.88172,11.55929],[124.88175,11.55903],[124.8822,11.55837],[124.88229,11.55809],[124.88225,11.55718],[124.88253,11.55652],[124.88249,11.55639],[124.88269,11.55541],[124.88249,11.555],[124.88284,11.55468],[124.88301,11.55485],[124.88337,11.55465],[124.88387,11.55393],[124.88388,11.55362],[124.88362,11.55321],[124.88387,11.55301],[124.88401,11.55266],[124.8845,11.5527],[124.88492,11.55237],[124.88506,11.55159],[124.88493,11.55065],[124.88457,11.5504],[124.885,11.55012],[124.88524,11.55023],[124.88601,11.55016],[124.88618,11.55046],[124.88617,11.55114],[124.88636,11.55156],[124.88617,11.5518],[124.88627,11.55264],[124.88699,11.55281],[124.88739,11.55305],[124.88776,11.55343],[124.88755,11.554],[124.88766,11.55455],[124.88746,11.55469],[124.88744,11.55509],[124.88697,11.55552],[124.88713,11.55573],[124.88701,11.556],[124.88711,11.55685],[124.88744,11.55645],[124.88741,11.55583],[124.8878,11.55539],[124.88841,11.55575],[124.88878,11.55578],[124.88913,11.55598],[124.88931,11.55564],[124.88987,11.5552],[124.89036,11.55501],[124.8905,11.55509],[124.89136,11.55488],[124.89183,11.55467],[124.89214,11.55472],[124.89254,11.55457],[124.89322,11.55446],[124.89344,11.5543],[124.89367,11.55449],[124.8942,11.55453]]],[[[124.89135,11.58792],[124.89128,11.58832],[124.89212,11.58837],[124.8925,11.58826],[124.89304,11.58795],[124.89365,11.58786],[124.89387,11.58769],[124.89417,11.58788],[124.89437,11.5877],[124.89454,11.58724],[124.89507,11.58651],[124.89504,11.58624],[124.89528,11.58599],[124.89596,11.58642],[124.89633,11.58692],[124.8968,11.58698],[124.89741,11.58681],[124.89817,11.58691],[124.89874,11.5869],[124.89891,11.58714],[124.89934,11.58718],[124.89983,11.58707],[124.90063,11.58741],[124.90084,11.58729],[124.90128,11.58744],[124.90221,11.58719],[124.90294,11.58728],[124.9036,11.58748],[124.90439,11.58792],[124.90523,11.58748],[124.90563,11.58739],[124.90598,11.58752],[124.90617,11.58788],[124.9061,11.58836],[124.90591,11.58867],[124.90562,11.58949],[124.90539,11.58958],[124.90495,11.59005],[124.90437,11.59026],[124.90329,11.59037],[124.90301,11.59067],[124.90236,11.59083],[124.90212,11.59028],[124.90171,11.58986],[124.90143,11.58978],[124.90116,11.58951],[124.89963,11.58966],[124.89849,11.59004],[124.89825,11.59026],[124.89751,11.59057],[124.8971,11.59099],[124.89664,11.59166],[124.89671,11.59192],[124.89624,11.5921],[124.89549,11.59285],[124.895,11.59323],[124.8947,11.5936],[124.89441,11.59376],[124.89385,11.59336],[124.89357,11.59275],[124.89371,11.59233],[124.894,11.59227],[124.89409,11.59199],[124.89442,11.59183],[124.89458,11.59156],[124.89401,11.59151],[124.89306,11.59197],[124.89231,11.59209],[124.89222,11.5923],[124.89238,11.59274],[124.89207,11.59333],[124.89311,11.59448],[124.89325,11.59498],[124.89328,11.59557],[124.89376,11.59604],[124.8943,11.59615],[124.89438,11.59657],[124.89387,11.59684],[124.89356,11.59729],[124.893,11.59782],[124.89275,11.59779],[124.89216,11.59801],[124.8921,11.59862],[124.89243,11.59893],[124.89255,11.59925],[124.89308,11.5999],[124.89355,11.60019],[124.89396,11.60028],[124.89449,11.60016],[124.89494,11.6003],[124.89549,11.6002],[124.89609,11.60053],[124.89661,11.60062],[124.89684,11.60046],[124.89779,11.6007],[124.89774,11.60086],[124.89815,11.60137],[124.89861,11.60149],[124.89869,11.60179],[124.8985,11.60197],[124.89869,11.6023],[124.89866,11.60277],[124.89837,11.60269],[124.89802,11.60238],[124.89757,11.60239],[124.89739,11.60212],[124.89676,11.60232],[124.8963,11.60236],[124.89624,11.60205],[124.89541,11.60199],[124.8945,11.60226],[124.89373,11.60193],[124.89354,11.60208],[124.89328,11.6028],[124.89332,11.60344],[124.89346,11.60374],[124.89453,11.60411],[124.89514,11.60406],[124.89551,11.60447],[124.89509,11.60476],[124.89473,11.60521],[124.89486,11.60681],[124.89437,11.60691],[124.89397,11.60645],[124.89337,11.60635],[124.89272,11.60678],[124.89237,11.60741],[124.89261,11.60772],[124.89248,11.6083],[124.89218,11.60888],[124.8922,11.60959],[124.89275,11.60987],[124.89273,11.61033],[124.89285,11.61084],[124.89369,11.61114],[124.89388,11.61145],[124.89404,11.61203],[124.89478,11.61205],[124.89472,11.61228],[124.8939,11.61238],[124.8938,11.61254],[124.89331,11.61221],[124.89332,11.61188],[124.8926,11.61111],[124.89253,11.61074],[124.89203,11.61023],[124.89183,11.60961],[124.89192,11.60924],[124.89155,11.60876],[124.8911,11.60845],[124.89025,11.60839],[124.8896,11.60852],[124.88939,11.6083],[124.88877,11.60817],[124.88844,11.60801],[124.88784,11.60814],[124.88681,11.60845],[124.88644,11.60839],[124.8863,11.60809],[124.88644,11.60788],[124.88637,11.60752],[124.88581,11.60692],[124.88544,11.60686],[124.88483,11.60654],[124.88449,11.6062],[124.88396,11.60543],[124.88452,11.60529],[124.88485,11.60545],[124.88541,11.60484],[124.88566,11.60415],[124.88564,11.6035],[124.88572,11.60289],[124.88562,11.60197],[124.88515,11.60043],[124.88467,11.60002],[124.88437,11.6],[124.88364,11.59905],[124.88317,11.59873],[124.88287,11.59865],[124.88242,11.5987],[124.88202,11.59894],[124.88202,11.59842],[124.88192,11.59801],[124.88166,11.59773],[124.88168,11.59735],[124.88137,11.59695],[124.88183,11.59637],[124.88175,11.59556],[124.88149,11.59536],[124.88147,11.59437],[124.88113,11.59379],[124.88032,11.59279],[124.87977,11.59237],[124.87883,11.59205],[124.87824,11.59207],[124.8777,11.59236],[124.87717,11.5929],[124.87692,11.59278],[124.87659,11.5924],[124.87571,11.59209],[124.87579,11.59157],[124.876,11.59133],[124.87641,11.59138],[124.87686,11.59113],[124.87774,11.59129],[124.87827,11.59091],[124.87859,11.59047],[124.87873,11.58996],[124.87844,11.58948],[124.87812,11.58915],[124.87818,11.58886],[124.87846,11.58882],[124.87887,11.5885],[124.87976,11.58877],[124.88027,11.58876],[124.88058,11.58857],[124.88082,11.58826],[124.88095,11.58791],[124.88096,11.58724],[124.88077,11.58725],[124.88033,11.58688],[124.87975,11.5869],[124.87985,11.58629],[124.8802,11.58603],[124.8805,11.58602],[124.88085,11.58557],[124.88072,11.58533],[124.88086,11.58501],[124.88139,11.58508],[124.88171,11.58501],[124.88234,11.58539],[124.88264,11.58544],[124.8829,11.5858],[124.88281,11.58615],[124.88333,11.58657],[124.88434,11.58677],[124.88525,11.58626],[124.88558,11.58591],[124.88612,11.5859],[124.8865,11.58576],[124.88698,11.58494],[124.88675,11.58429],[124.88679,11.58289],[124.88658,11.58225],[124.88651,11.58163],[124.88622,11.58086],[124.88656,11.57988],[124.88684,11.57974],[124.88682,11.58084],[124.88698,11.58177],[124.88729,11.58189],[124.88738,11.58263],[124.88766,11.58326],[124.88834,11.5834],[124.88865,11.58328],[124.88919,11.58409],[124.88941,11.58407],[124.88998,11.58436],[124.88982,11.5846],[124.88964,11.58547],[124.88966,11.58586],[124.88984,11.58619],[124.89008,11.58623],[124.8904,11.58659],[124.89059,11.5872],[124.89087,11.58765],[124.89109,11.58753],[124.89135,11.58792]]],[[[124.90597,11.60005],[124.90541,11.59945],[124.905,11.59944],[124.90418,11.59961],[124.90395,11.5995],[124.90402,11.59911],[124.90433,11.59899],[124.90507,11.59848],[124.90552,11.5977],[124.90586,11.59664],[124.90609,11.59566],[124.90594,11.59519],[124.90611,11.59493],[124.90624,11.59423],[124.90649,11.59369],[124.90696,11.5931],[124.90764,11.59276],[124.90782,11.59254],[124.90809,11.59283],[124.90817,11.59322],[124.90893,11.59357],[124.91026,11.59367],[124.91089,11.59357],[124.91135,11.59359],[124.91243,11.59336],[124.9125,11.5935],[124.91372,11.5934],[124.91465,11.59307],[124.91539,11.59322],[124.91597,11.59353],[124.91629,11.5936],[124.91678,11.5939],[124.91706,11.59468],[124.91733,11.59498],[124.91853,11.5958],[124.91879,11.59669],[124.91927,11.5969],[124.91969,11.59729],[124.91958,11.59752],[124.91979,11.59774],[124.9201,11.59776],[124.92011,11.59838],[124.91899,11.59786],[124.91878,11.59754],[124.91812,11.59725],[124.91745,11.59666],[124.91684,11.59662],[124.91624,11.59669],[124.91594,11.59646],[124.91494,11.59663],[124.91363,11.59699],[124.91191,11.59753],[124.90927,11.59841],[124.9075,11.5991],[124.90701,11.59923],[124.90589,11.59972],[124.90597,11.60005]]],[[[124.91373,11.58197],[124.91337,11.58192],[124.91269,11.58124],[124.91234,11.58146],[124.91228,11.581],[124.91195,11.58059],[124.91216,11.58037],[124.91255,11.5806],[124.91269,11.58091],[124.91372,11.58178],[124.91373,11.58197]]],[[[124.90679,11.58282],[124.90627,11.58258],[124.90584,11.58201],[124.90578,11.58158],[124.90592,11.58071],[124.90618,11.58021],[124.90655,11.57984],[124.90736,11.57982],[124.90785,11.5801],[124.9078,11.58043],[124.90809,11.58069],[124.90813,11.58106],[124.90791,11.58142],[124.90804,11.58179],[124.90749,11.58203],[124.90742,11.58242],[124.90679,11.58282]]],[[[124.91574,11.5846],[124.91574,11.58433],[124.91539,11.58401],[124.91533,11.58364],[124.91557,11.58352],[124.91591,11.58362],[124.91612,11.58401],[124.91611,11.58431],[124.91574,11.5846]]]]}},{"type":"Feature","properties":{"code":"0806023000","name":"Zumarraga","kind":"Municipality","provinceCode":"0806000000","province":"Samar Province","areaKm2":35,"labelPoint":[124.85442,11.65396]},"geometry":{"type":"MultiPolygon","coordinates":[[[[124.86112,11.67951],[124.86136,11.67956],[124.8619,11.67999],[124.86192,11.68032],[124.86222,11.68044],[124.86283,11.68045],[124.8636,11.68069],[124.86399,11.68071],[124.86411,11.68095],[124.86381,11.68126],[124.86381,11.68172],[124.86355,11.68214],[124.86342,11.68317],[124.8635,11.68342],[124.86389,11.68383],[124.86406,11.68415],[124.86478,11.6849],[124.86521,11.68578],[124.86502,11.68649],[124.86487,11.68673],[124.86432,11.68718],[124.86414,11.68717],[124.86355,11.68761],[124.86318,11.68821],[124.86279,11.68855],[124.86256,11.68903],[124.86252,11.68942],[124.86229,11.68964],[124.86228,11.69005],[124.86194,11.69053],[124.86161,11.69072],[124.86134,11.69114],[124.86124,11.6915],[124.86081,11.69115],[124.86062,11.6916],[124.86034,11.69156],[124.85892,11.69271],[124.85822,11.69242],[124.85773,11.69251],[124.85715,11.69239],[124.85696,11.69251],[124.85662,11.69322],[124.85629,11.69291],[124.85594,11.69292],[124.85572,11.69273],[124.85536,11.69192],[124.85542,11.69167],[124.85508,11.69058],[124.85505,11.69007],[124.85506,11.68951],[124.8548,11.6893],[124.85494,11.68854],[124.85486,11.68795],[124.85437,11.68762],[124.85423,11.68735],[124.85348,11.68687],[124.85261,11.68676],[124.85221,11.68656],[124.85167,11.68596],[124.85089,11.68586],[124.85021,11.68551],[124.84951,11.68539],[124.84954,11.68567],[124.84923,11.68587],[124.84816,11.68509],[124.84681,11.68485],[124.846,11.68498],[124.84568,11.6852],[124.84564,11.68542],[124.84529,11.68571],[124.84454,11.68605],[124.84427,11.68632],[124.84435,11.68668],[124.8439,11.68718],[124.84411,11.68767],[124.84416,11.68814],[124.84399,11.68858],[124.84367,11.68891],[124.84368,11.68915],[124.84335,11.68962],[124.843,11.68989],[124.84266,11.68994],[124.84207,11.6903],[124.84199,11.6905],[124.84149,11.69064],[124.84111,11.69112],[124.84083,11.69129],[124.83982,11.69144],[124.83947,11.69185],[124.8387,11.69193],[124.83758,11.69196],[124.8371,11.69196],[124.83653,11.69212],[124.83585,11.69178],[124.83544,11.69178],[124.83473,11.6919],[124.83328,11.69237],[124.83325,11.69267],[124.83272,11.69256],[124.83196,11.69323],[124.83195,11.69348],[124.83168,11.69411],[124.8317,11.69457],[124.8315,11.6951],[124.83144,11.69588],[124.83066,11.69649],[124.83016,11.69729],[124.82969,11.69764],[124.82943,11.69763],[124.82925,11.69788],[124.82865,11.69813],[124.82816,11.69896],[124.82783,11.6998],[124.82773,11.70062],[124.82784,11.70179],[124.82799,11.70216],[124.82838,11.7026],[124.82957,11.70334],[124.83047,11.70396],[124.83086,11.70458],[124.83106,11.70475],[124.83039,11.70522],[124.8297,11.70606],[124.82913,11.70645],[124.82834,11.70647],[124.82769,11.70669],[124.82685,11.70717],[124.82621,11.70782],[124.82572,11.70845],[124.82527,11.70877],[124.82425,11.70899],[124.82378,11.70936],[124.82283,11.70964],[124.8218,11.70937],[124.82164,11.70919],[124.82171,11.70875],[124.82203,11.70853],[124.82207,11.70801],[124.82227,11.70768],[124.82226,11.70735],[124.82245,11.7067],[124.82281,11.70613],[124.8227,11.70536],[124.82243,11.70493],[124.8226,11.70454],[124.82245,11.70406],[124.82215,11.70378],[124.82234,11.70357],[124.82244,11.70278],[124.8229,11.70224],[124.82327,11.70196],[124.82498,11.70165],[124.82536,11.70124],[124.82566,11.70064],[124.82584,11.69998],[124.82582,11.69954],[124.82553,11.69916],[124.82612,11.69876],[124.8262,11.69838],[124.82563,11.6975],[124.82575,11.6971],[124.82544,11.69646],[124.82513,11.69611],[124.82431,11.6957],[124.82387,11.69571],[124.8237,11.69557],[124.82401,11.69482],[124.82502,11.69436],[124.82544,11.69438],[124.82555,11.69384],[124.82542,11.6936],[124.82563,11.69328],[124.82549,11.69295],[124.82576,11.69237],[124.82615,11.69213],[124.82621,11.69148],[124.82609,11.69114],[124.82545,11.6902],[124.82522,11.69],[124.82449,11.68983],[124.82416,11.68997],[124.8239,11.68982],[124.82348,11.68929],[124.8234,11.68886],[124.82303,11.68861],[124.82291,11.68797],[124.82163,11.68684],[124.82117,11.68688],[124.82119,11.68646],[124.82081,11.68623],[124.82054,11.68577],[124.82011,11.68557],[124.82002,11.685],[124.82037,11.68441],[124.82079,11.68388],[124.82089,11.68351],[124.82111,11.68316],[124.82139,11.68303],[124.82266,11.68307],[124.82316,11.68343],[124.82432,11.68389],[124.8247,11.68412],[124.82526,11.68428],[124.82668,11.68447],[124.82744,11.68442],[124.82797,11.68421],[124.82866,11.68351],[124.829,11.68269],[124.82938,11.68287],[124.82941,11.68243],[124.82913,11.68214],[124.82925,11.68189],[124.82902,11.68139],[124.82865,11.68141],[124.82805,11.681],[124.82819,11.68054],[124.82815,11.68021],[124.82779,11.67973],[124.82707,11.67943],[124.82666,11.67938],[124.82626,11.67891],[124.8261,11.67813],[124.82638,11.67776],[124.82699,11.67752],[124.82776,11.67708],[124.82842,11.67623],[124.82865,11.67574],[124.82864,11.67541],[124.82912,11.67496],[124.82986,11.67478],[124.83055,11.67522],[124.83086,11.67523],[124.83164,11.67555],[124.83203,11.67559],[124.8322,11.67538],[124.83294,11.67515],[124.83288,11.67489],[124.8333,11.67451],[124.83363,11.67365],[124.83414,11.67393],[124.8345,11.67386],[124.83514,11.6734],[124.83564,11.67285],[124.83593,11.67239],[124.83619,11.67226],[124.83685,11.67156],[124.83763,11.6711],[124.83797,11.67085],[124.83832,11.67038],[124.839,11.66995],[124.8393,11.67],[124.83961,11.66969],[124.84006,11.66988],[124.83986,11.66917],[124.83945,11.66874],[124.84002,11.66804],[124.84038,11.66745],[124.84053,11.66668],[124.84026,11.66636],[124.84004,11.66662],[124.84009,11.66691],[124.83967,11.66744],[124.8394,11.66729],[124.83919,11.66665],[124.83931,11.66643],[124.83909,11.66579],[124.8394,11.66529],[124.83973,11.66508],[124.84004,11.6652],[124.84013,11.66493],[124.84055,11.6646],[124.84021,11.66447],[124.84013,11.66409],[124.8398,11.66392],[124.8396,11.66322],[124.83941,11.66364],[124.83904,11.66364],[124.83878,11.66413],[124.83827,11.66431],[124.83728,11.66454],[124.83691,11.66432],[124.83602,11.66458],[124.83613,11.66481],[124.83579,11.66521],[124.83581,11.66569],[124.8355,11.6661],[124.83511,11.66575],[124.83501,11.66615],[124.83423,11.6656],[124.83408,11.66656],[124.83378,11.66692],[124.83313,11.66719],[124.83284,11.66709],[124.83264,11.66669],[124.83298,11.66614],[124.83272,11.66537],[124.83245,11.66512],[124.83216,11.66455],[124.83243,11.66418],[124.83211,11.6629],[124.83179,11.66217],[124.8315,11.66202],[124.83201,11.66114],[124.83205,11.66043],[124.83185,11.6598],[124.8314,11.65926],[124.83096,11.65899],[124.83096,11.6587],[124.8312,11.65837],[124.83247,11.6574],[124.83275,11.6571],[124.83309,11.65649],[124.83362,11.65591],[124.83375,11.65566],[124.8339,11.65504],[124.83415,11.65476],[124.83449,11.65465],[124.83513,11.65386],[124.8355,11.65282],[124.83594,11.65203],[124.83601,11.65128],[124.83628,11.6503],[124.83625,11.64982],[124.83648,11.64949],[124.83659,11.64907],[124.83735,11.64761],[124.83788,11.64647],[124.83812,11.64561],[124.83831,11.64547],[124.83834,11.64512],[124.83899,11.64396],[124.83923,11.6437],[124.84001,11.64339],[124.84022,11.64303],[124.8407,11.64287],[124.84101,11.64247],[124.84117,11.64191],[124.84178,11.64136],[124.84134,11.64125],[124.84151,11.64099],[124.84169,11.64034],[124.84144,11.63994],[124.84115,11.63916],[124.84094,11.63895],[124.84096,11.63858],[124.84058,11.63856],[124.84058,11.63832],[124.83981,11.63863],[124.83945,11.63846],[124.83849,11.63902],[124.83843,11.63893],[124.83925,11.63844],[124.83938,11.63804],[124.8392,11.63757],[124.83873,11.63702],[124.83764,11.63615],[124.83691,11.63573],[124.83674,11.63495],[124.83653,11.63464],[124.8358,11.63427],[124.83561,11.63438],[124.83513,11.63437],[124.83489,11.63394],[124.83494,11.63362],[124.83459,11.63326],[124.83494,11.63298],[124.83492,11.63272],[124.83523,11.63255],[124.83532,11.63218],[124.83576,11.63185],[124.83598,11.63131],[124.83676,11.63084],[124.83701,11.63079],[124.83728,11.63003],[124.83803,11.62974],[124.8382,11.62957],[124.83856,11.62961],[124.83895,11.62943],[124.8393,11.62893],[124.83951,11.62882],[124.83971,11.62843],[124.84045,11.62816],[124.84106,11.62887],[124.84128,11.62922],[124.84118,11.62947],[124.8413,11.62987],[124.84168,11.63016],[124.84186,11.63061],[124.84231,11.63076],[124.84253,11.63102],[124.84289,11.63108],[124.8439,11.63154],[124.84361,11.63198],[124.84353,11.63278],[124.8433,11.63374],[124.84361,11.63466],[124.84365,11.6353],[124.84441,11.63578],[124.845,11.63592],[124.84485,11.63619],[124.84503,11.63636],[124.84561,11.6358],[124.84626,11.63493],[124.84628,11.63447],[124.84668,11.63433],[124.84719,11.63379],[124.84718,11.63341],[124.84739,11.63308],[124.84779,11.63308],[124.84818,11.6327],[124.84822,11.63239],[124.84878,11.63182],[124.84877,11.63139],[124.84848,11.63122],[124.84859,11.63088],[124.84897,11.63069],[124.84941,11.6298],[124.84919,11.62944],[124.84956,11.62907],[124.84976,11.62917],[124.84949,11.62966],[124.84969,11.63049],[124.85046,11.63044],[124.85071,11.63014],[124.85103,11.62958],[124.85114,11.62916],[124.85173,11.62855],[124.85231,11.62848],[124.85296,11.62883],[124.85341,11.62873],[124.85374,11.62902],[124.85423,11.6291],[124.8544,11.62934],[124.85501,11.62941],[124.85547,11.62923],[124.85564,11.62871],[124.85607,11.62838],[124.85617,11.62814],[124.85599,11.62791],[124.85642,11.62765],[124.85672,11.62789],[124.85623,11.6274],[124.85648,11.62692],[124.85695,11.62668],[124.85763,11.62645],[124.85797,11.62578],[124.85784,11.62558],[124.85831,11.6251],[124.85879,11.62402],[124.85853,11.62371],[124.85808,11.62355],[124.85867,11.62319],[124.85903,11.62332],[124.8595,11.62303],[124.85972,11.62251],[124.85997,11.62258],[124.86036,11.62305],[124.86112,11.62249],[124.86146,11.62256],[124.86207,11.62229],[124.86192,11.62175],[124.86158,11.62155],[124.86096,11.62152],[124.86056,11.62128],[124.85984,11.62064],[124.8598,11.62027],[124.85958,11.61998],[124.85997,11.61967],[124.86102,11.61956],[124.86187,11.6198],[124.86227,11.62025],[124.86273,11.62031],[124.86334,11.62011],[124.86359,11.61987],[124.86394,11.61982],[124.86465,11.61989],[124.86474,11.62077],[124.86438,11.62099],[124.86438,11.62166],[124.86526,11.62153],[124.86553,11.62127],[124.86596,11.62105],[124.86643,11.62101],[124.86675,11.62125],[124.86754,11.62134],[124.86787,11.62159],[124.86842,11.62155],[124.86881,11.62182],[124.86967,11.62181],[124.86999,11.62202],[124.87069,11.62201],[124.87076,11.62219],[124.8712,11.6224],[124.87153,11.62236],[124.87183,11.62252],[124.87224,11.62254],[124.87326,11.62216],[124.87347,11.62179],[124.87411,11.62159],[124.87475,11.62157],[124.87523,11.62223],[124.87518,11.62253],[124.87493,11.62264],[124.87419,11.6226],[124.87392,11.6233],[124.87347,11.62365],[124.87347,11.62426],[124.87333,11.62473],[124.873,11.62499],[124.87286,11.62528],[124.87293,11.62589],[124.87286,11.62622],[124.87304,11.6265],[124.87343,11.62675],[124.87327,11.62697],[124.8736,11.62715],[124.87363,11.62773],[124.87384,11.62808],[124.87456,11.62806],[124.87412,11.62719],[124.87417,11.62676],[124.87447,11.62661],[124.87473,11.62619],[124.87484,11.62579],[124.87518,11.62535],[124.87564,11.62524],[124.87679,11.62542],[124.87752,11.62517],[124.87786,11.62482],[124.8779,11.62448],[124.8784,11.6243],[124.87914,11.62436],[124.8795,11.62461],[124.88004,11.62455],[124.88029,11.62475],[124.88071,11.62487],[124.88145,11.62479],[124.88222,11.62463],[124.88235,11.62489],[124.88154,11.62543],[124.88121,11.62538],[124.88089,11.62551],[124.88069,11.62539],[124.88034,11.62563],[124.88007,11.62599],[124.88,11.62633],[124.87971,11.62686],[124.87978,11.62721],[124.87944,11.62772],[124.87941,11.62815],[124.87967,11.62851],[124.87966,11.62875],[124.87937,11.62911],[124.87858,11.62945],[124.87823,11.62976],[124.87794,11.63029],[124.87781,11.63094],[124.87752,11.63121],[124.87708,11.63199],[124.87695,11.63235],[124.87684,11.63317],[124.87686,11.63355],[124.87704,11.63397],[124.87729,11.63418],[124.87733,11.63468],[124.8772,11.63535],[124.87717,11.63678],[124.87725,11.63731],[124.87747,11.63764],[124.87747,11.63794],[124.87783,11.63818],[124.87803,11.63851],[124.87845,11.63878],[124.87865,11.63913],[124.87871,11.63968],[124.87778,11.64047],[124.877,11.6407],[124.87583,11.64167],[124.87518,11.6424],[124.87482,11.64289],[124.8746,11.64346],[124.8742,11.64376],[124.87361,11.64355],[124.87347,11.64393],[124.87272,11.644],[124.87247,11.64391],[124.87221,11.64428],[124.8719,11.64501],[124.87162,11.64539],[124.87173,11.64592],[124.87229,11.64609],[124.87215,11.64629],[124.87164,11.64612],[124.87162,11.64669],[124.87137,11.64692],[124.87098,11.64824],[124.87143,11.64823],[124.87148,11.64874],[124.8718,11.649],[124.87167,11.64947],[124.87173,11.64986],[124.87214,11.65008],[124.8724,11.65042],[124.8725,11.65078],[124.87279,11.65095],[124.87306,11.65153],[124.87311,11.6521],[124.87335,11.65231],[124.87353,11.65275],[124.87416,11.65322],[124.87417,11.65339],[124.87459,11.65383],[124.87485,11.65454],[124.87488,11.65481],[124.87527,11.65511],[124.87519,11.65554],[124.87498,11.6557],[124.8751,11.65603],[124.87592,11.6566],[124.87635,11.6563],[124.87665,11.65648],[124.87665,11.65691],[124.87684,11.65705],[124.877,11.65754],[124.87759,11.6576],[124.87784,11.65735],[124.87819,11.65759],[124.87853,11.65821],[124.87832,11.6585],[124.87867,11.65864],[124.87925,11.6584],[124.87916,11.65791],[124.87934,11.65737],[124.87953,11.65715],[124.87939,11.65689],[124.87982,11.6563],[124.88023,11.65609],[124.88062,11.65624],[124.88123,11.65621],[124.88163,11.6564],[124.88219,11.65643],[124.88264,11.65655],[124.88383,11.6572],[124.88425,11.65765],[124.88446,11.65828],[124.8844,11.65853],[124.8847,11.65898],[124.8846,11.65929],[124.88403,11.65915],[124.88344,11.65937],[124.88312,11.6597],[124.88325,11.66002],[124.88308,11.66018],[124.88309,11.66091],[124.88294,11.66104],[124.88313,11.66138],[124.88347,11.66135],[124.88411,11.66198],[124.88443,11.66226],[124.88501,11.66256],[124.88604,11.66255],[124.88674,11.66305],[124.8873,11.66298],[124.88794,11.66347],[124.88852,11.66262],[124.88882,11.66241],[124.88909,11.66203],[124.88913,11.66125],[124.88889,11.66108],[124.88903,11.66066],[124.88867,11.66006],[124.88873,11.65954],[124.88923,11.65927],[124.88946,11.65902],[124.89,11.65874],[124.8904,11.65911],[124.89033,11.65944],[124.89043,11.65981],[124.89082,11.6604],[124.89019,11.66096],[124.89012,11.66153],[124.88937,11.66227],[124.88921,11.66263],[124.88893,11.66257],[124.88893,11.66308],[124.88854,11.66295],[124.88822,11.66333],[124.88844,11.66346],[124.88873,11.66435],[124.88926,11.66456],[124.88936,11.66503],[124.88999,11.66563],[124.89063,11.66579],[124.89124,11.66569],[124.89184,11.66546],[124.8931,11.66459],[124.89391,11.66451],[124.8947,11.66494],[124.89513,11.66549],[124.89505,11.66601],[124.89426,11.66646],[124.89388,11.66648],[124.89349,11.6669],[124.89298,11.66783],[124.89314,11.66798],[124.8935,11.66885],[124.89376,11.66914],[124.89405,11.66985],[124.89424,11.66999],[124.89434,11.67051],[124.89428,11.67086],[124.89478,11.67139],[124.8945,11.67183],[124.89414,11.67188],[124.89266,11.67117],[124.89189,11.67069],[124.89156,11.67059],[124.89102,11.67007],[124.89057,11.67008],[124.88988,11.67066],[124.88966,11.671],[124.88979,11.67153],[124.89008,11.6719],[124.89029,11.67275],[124.89057,11.67278],[124.89083,11.67311],[124.89121,11.67337],[124.89151,11.67388],[124.89171,11.67446],[124.89219,11.67473],[124.89221,11.6749],[124.89157,11.67512],[124.89127,11.67499],[124.8904,11.67506],[124.89003,11.67545],[124.89004,11.67622],[124.8904,11.67674],[124.89035,11.67697],[124.89067,11.67716],[124.89125,11.67794],[124.89105,11.67862],[124.89093,11.67863],[124.89044,11.67933],[124.89011,11.68002],[124.88947,11.68088],[124.88846,11.68167],[124.88788,11.6819],[124.88771,11.68212],[124.88726,11.68232],[124.88669,11.68279],[124.88651,11.68332],[124.88613,11.6836],[124.88569,11.68375],[124.88549,11.68409],[124.88485,11.6845],[124.8845,11.68462],[124.88421,11.68448],[124.88375,11.68404],[124.88327,11.68374],[124.88296,11.68333],[124.88264,11.68251],[124.88261,11.68223],[124.88203,11.68162],[124.88197,11.68137],[124.88156,11.68092],[124.88153,11.68071],[124.8808,11.68006],[124.88013,11.67957],[124.87976,11.67941],[124.87937,11.67945],[124.87932,11.67919],[124.87888,11.67862],[124.87855,11.67868],[124.87809,11.67835],[124.87784,11.67834],[124.87733,11.678],[124.87685,11.67779],[124.87647,11.67746],[124.87633,11.6778],[124.87526,11.67777],[124.87514,11.67766],[124.87455,11.67726],[124.87425,11.67732],[124.87344,11.67724],[124.8727,11.67698],[124.87223,11.67646],[124.87223,11.67591],[124.87202,11.67532],[124.87155,11.67432],[124.87081,11.67401],[124.87059,11.67427],[124.86898,11.67422],[124.86869,11.6744],[124.86772,11.67494],[124.86757,11.6752],[124.86728,11.67489],[124.86713,11.67556],[124.86674,11.67578],[124.86612,11.67588],[124.86465,11.67644],[124.86417,11.67634],[124.86357,11.67644],[124.86285,11.67675],[124.86253,11.67661],[124.86192,11.67667],[124.86125,11.67655],[124.86062,11.67664],[124.86082,11.67696],[124.86059,11.67718],[124.8599,11.67739],[124.85963,11.67728],[124.85988,11.67651],[124.85986,11.67609],[124.85986,11.67636],[124.85951,11.67732],[124.85916,11.67716],[124.85887,11.67721],[124.85897,11.67791],[124.85938,11.67849],[124.86064,11.67905],[124.86077,11.67934],[124.86112,11.67951]]],[[[124.83391,11.63792],[124.83349,11.63819],[124.83326,11.63783],[124.83264,11.63787],[124.83276,11.63731],[124.83333,11.63689],[124.83358,11.63656],[124.83384,11.63668],[124.83421,11.63665],[124.8347,11.63685],[124.83471,11.63716],[124.83391,11.63792]]],[[[124.87697,11.62089],[124.87663,11.62087],[124.8761,11.62056],[124.87595,11.62018],[124.87539,11.62019],[124.87479,11.61979],[124.87446,11.61938],[124.87435,11.61903],[124.87443,11.61875],[124.87629,11.61849],[124.87653,11.61835],[124.87673,11.61924],[124.87702,11.61953],[124.87722,11.62057],[124.87697,11.62089]]],[[[124.88749,11.64652],[124.88618,11.64628],[124.88521,11.64644],[124.88437,11.64619],[124.88408,11.64603],[124.88347,11.64544],[124.88324,11.64467],[124.88344,11.64383],[124.88331,11.64317],[124.88264,11.64285],[124.88243,11.64312],[124.88167,11.6432],[124.88119,11.64292],[124.88124,11.64238],[124.88162,11.64177],[124.88159,11.64115],[124.88174,11.64073],[124.88206,11.64038],[124.88247,11.64013],[124.88242,11.64056],[124.88223,11.6409],[124.88217,11.64131],[124.88259,11.64189],[124.88347,11.64233],[124.88388,11.64238],[124.88428,11.64213],[124.88444,11.64185],[124.88547,11.64101],[124.88592,11.64122],[124.8863,11.64157],[124.88696,11.64183],[124.88754,11.64191],[124.88768,11.64211],[124.8874,11.64263],[124.8867,11.64253],[124.88637,11.64267],[124.88604,11.64313],[124.88584,11.64364],[124.88619,11.64453],[124.88609,11.64473],[124.88625,11.64539],[124.88711,11.64595],[124.88751,11.64602],[124.88749,11.64652]]]]}}]}